sysex 43 50 00 00 00 02 01 02
msec 150
sysex 43 50 00 00 02 02 33 00 01 00 00 01 00 01 00 00 1B 78 17 3F 01 00 00 00 00 00 00 01 7F 00 00 00 32 00 00 00 00 00 00 00 00 00 00 00 00 27 08 00 00 02 00 04 7F 7F 7F 7F
msec 150
sysex 43 50 00 05 04 01 0C 57 52 5F 41 54 48 45 4E 2E 53 54 59 14 54 05 00
msec 300
sysex 43 50 00 05 05 00 00 04 0D 05 04 06 08 06 04 00 00 00 00 00 00 00 06 00 00 00 00 00 00 00 01 00 01 0E 00 04 0D 05 04 07 02 06 0B 00 00 00 00 0A 0C 0A 09 00 00 0F 0F 00 03 01 06 05 07 06 05 06 09 07 03 07 03 06 05 
msec 35
sysex 43 50 00 05 05 00 01 02 00 05 02 06 0F 07 03 06 05 06 0E 02 00 04 01 07 05 07 03 02 00 04 01 07 04 06 08 06 05 06 0E 00 00 0F 0F 07 0F 00 06 04 03 07 03 00 0A 00 00 00 04 00 01 00 00 0F 0F 05 08 00 04 00 04 00 02 
msec 35
sysex 43 50 00 05 05 00 02 01 08 00 08 00 00 0F 0F 05 09 00 02 00 00 00 00 00 00 0F 0F 05 01 00 03 00 06 0B 0B 05 08 00 00 0F 0F 02 01 00 01 00 00 00 00 0F 00 00 05 07 0E 07 0F 00 09 00 01 0F 07 00 00 0F 0F 00 01 02 0E 
msec 35
sysex 43 50 00 05 05 00 03 04 03 06 0F 06 0E 07 06 06 05 07 02 07 04 06 05 06 04 02 00 07 07 06 09 07 04 06 08 02 00 05 00 05 03 05 02 05 05 05 04 04 09 02 00 06 08 07 04 07 04 07 00 03 0A 02 0F 02 0F 07 07 07 07 07 07 
msec 35
sysex 43 50 00 05 05 00 04 02 0E 06 08 06 05 06 09 06 0B 06 0F 07 00 06 0C 06 01 07 04 06 05 02 0E 06 04 06 05 08 01 04 08 0F 0F 02 01 00 01 00 00 00 00 0F 00 00 08 04 03 01 00 04 0C 00 00 00 00 07 0E 00 00 0F 07 03 02 
msec 35
sysex 43 50 00 05 05 00 05 0F 0F 02 01 00 01 00 00 08 01 06 06 0B 00 00 00 00 00 00 01 02 00 07 03 00 01 0C 00 04 09 00 01 0B 00 00 07 07 0F 00 01 00 0A 04 0C 00 01 00 0B 07 0F 00 01 04 07 04 00 00 01 04 08 04 00 00 01 
msec 35
sysex 43 50 00 05 05 00 06 04 09 04 00 00 01 04 0A 04 00 00 01 0B 01 00 00 00 00 00 01 02 00 00 00 00 01 0C 01 03 01 00 01 0B 01 00 07 05 00 00 01 00 0A 04 00 00 01 00 0B 07 0F 00 01 04 07 04 00 00 01 04 08 04 00 00 01 
msec 35
sysex 43 50 00 05 05 00 07 04 09 04 00 00 01 04 0A 04 00 00 01 0B 02 00 00 00 00 00 01 02 00 00 00 00 01 0C 02 03 04 00 01 0B 02 00 07 07 0F 00 01 00 0A 04 00 00 01 00 0B 07 0F 00 01 04 07 04 00 00 01 04 08 04 00 00 01 
msec 35
sysex 43 50 00 05 05 00 08 04 09 04 00 00 01 04 0A 04 00 00 01 0B 09 00 00 07 0F 00 01 02 00 00 00 00 01 0C 09 02 08 00 01 0B 09 00 07 06 05 00 01 00 0A 04 00 00 01 00 0B 07 0F 00 01 04 07 04 00 00 01 04 08 04 00 00 01 
msec 35
sysex 43 50 00 05 05 00 09 04 09 04 00 00 01 04 0A 04 00 00 01 0B 0A 00 00 00 00 00 01 02 00 00 00 00 01 0C 0A 02 03 00 01 0B 0A 00 07 06 04 00 01 00 0A 04 00 00 01 00 0B 07 0F 00 01 04 07 04 00 00 01 04 08 04 00 00 01 
msec 35
sysex 43 50 00 05 05 00 0A 04 09 04 00 00 01 04 0A 04 00 00 01 0B 0B 00 00 00 00 00 01 02 00 00 00 00 01 0C 0B 01 09 00 01 0B 0B 00 07 07 0F 00 01 00 0A 02 0C 00 01 00 0B 07 0F 00 01 04 07 04 00 00 01 04 08 04 00 00 01 
msec 35
sysex 43 50 00 05 05 00 0B 04 09 04 00 00 01 04 0A 04 00 00 01 0B 0C 00 00 00 00 00 01 02 00 00 00 00 01 0C 0C 01 0B 00 01 0B 0C 00 07 05 07 00 01 00 0A 05 08 00 01 00 0B 07 0F 00 01 04 07 04 00 00 01 04 08 04 00 00 01 
msec 35
sysex 43 50 00 05 05 00 0C 04 09 04 00 00 01 04 0A 04 00 00 01 0B 0D 00 00 00 00 00 01 02 00 00 00 00 01 0C 0D 03 01 00 01 0B 0D 00 07 05 00 00 01 00 0A 04 00 00 01 00 0B 07 0F 00 01 04 07 04 00 00 01 04 08 04 00 00 01 
msec 35
sysex 43 50 00 05 05 00 0D 04 09 04 00 00 01 04 0A 04 00 00 01 0B 0E 00 00 00 00 00 01 02 00 06 00 00 01 0C 0E 01 09 00 01 0B 0E 00 07 07 0F 00 01 00 0A 04 00 00 01 00 0B 07 0F 00 01 04 07 04 00 00 01 04 08 04 00 00 01 
msec 35
sysex 43 50 00 05 05 00 0E 04 09 04 00 00 01 04 0A 04 00 00 01 0B 00 05 0B 06 04 00 01 05 0D 00 00 00 01 05 0E 00 00 00 01 0B 01 05 0B 07 00 00 01 05 0D 01 0C 00 01 05 0E 00 00 00 01 0B 02 05 0B 06 08 00 01 05 0D 03 00 
msec 35
sysex 43 50 00 05 05 00 0F 00 01 05 0E 00 00 00 01 0B 09 05 0B 05 00 00 01 05 0D 00 00 00 01 05 0E 00 00 00 01 0B 0A 05 0B 00 00 00 01 05 0D 02 04 00 01 05 0E 00 00 00 01 0B 0B 05 0B 06 04 00 01 05 0D 00 00 00 01 05 0E 
msec 35
sysex 43 50 00 05 05 00 10 00 00 00 01 0B 0C 05 0B 06 00 00 01 05 0D 03 06 00 01 05 0E 00 00 00 01 0B 0D 05 0B 07 00 00 01 05 0D 01 0C 00 01 05 0E 00 00 00 01 0B 0E 05 0B 06 0A 00 01 05 0D 02 0A 00 01 05 0E 00 00 08 0A 
msec 35
sysex 43 50 00 05 05 00 11 02 0C 09 09 02 03 05 07 00 00 03 03 02 0B 00 00 09 0A 02 08 05 0F 00 00 09 0C 03 04 05 04 00 00 09 0D 03 08 05 0D 00 00 03 0B 05 0D 00 00 04 00 05 0D 00 00 0F 0F 00 06 00 07 04 09 06 0E 07 04 
msec 35
sysex 43 50 00 05 05 00 12 07 02 06 0F 02 00 04 01 00 07 09 0B 02 08 05 0A 00 03 09 09 03 03 00 00 00 00 02 03 00 00 08 03 00 01 09 0C 03 04 00 00 05 05 09 09 02 06 06 01 00 00 03 03 02 0F 00 00 09 0C 03 0B 04 0E 00 00 
msec 35
sysex 43 50 00 05 05 00 13 0F 0F 07 0F 00 07 04 03 07 0B 00 01 03 03 00 00 07 0F 07 0F 00 05 09 0B 03 04 05 0A 00 05 09 09 03 03 00 00 00 00 02 06 00 00 00 00 09 0C 04 00 05 0C 00 0A 04 04 06 04 03 0C 09 0A 02 08 00 00 
msec 35
sysex 43 50 00 05 05 00 14 02 0F 09 0C 03 0B 00 00 00 0A 04 00 00 00 00 0A 04 04 00 00 00 0D 09 0B 03 08 04 0E 08 01 02 00 03 0B 05 07 08 01 00 04 03 04 00 00 00 0A 02 08 00 00 00 05 03 08 00 00 00 05 03 0B 00 00 00 08 
msec 35
sysex 43 50 00 05 05 00 15 09 09 02 03 05 07 00 00 03 03 02 0B 00 00 09 0A 02 03 05 0D 00 00 09 0C 03 04 04 0E 00 02 09 0B 04 00 05 0E 00 08 09 09 03 03 00 00 00 00 02 03 00 00 08 01 01 08 09 0B 03 0B 04 0A 08 01 01 0E 
msec 35
sysex 43 50 00 05 05 00 16 03 08 04 09 04 0B 09 0C 03 04 00 00 04 0B 09 0B 03 0B 00 00 00 02 03 08 00 00 00 08 09 09 02 06 06 01 00 00 03 03 02 0F 00 00 09 0B 04 00 00 00 00 00 09 0C 03 0B 04 0F 00 02 09 0B 03 0B 05 04 
msec 35
sysex 43 50 00 05 05 00 17 00 08 09 09 03 03 00 00 00 00 02 06 00 00 00 00 09 0C 04 00 05 0C 00 0A 04 04 06 05 03 0C 09 0A 02 03 00 00 02 0F 09 0C 03 0B 00 00 00 0A 04 00 00 00 00 0A 04 04 00 00 01 04 09 0B 03 08 04 05 
msec 35
sysex 43 50 00 05 05 00 18 08 01 01 09 03 04 03 0A 08 01 00 0E 03 08 00 00 00 00 03 0B 00 00 00 05 03 04 00 00 00 0D 09 09 02 03 05 07 00 00 03 03 02 0B 00 00 09 0A 02 08 05 08 00 00 09 0C 03 04 05 01 00 02 09 0B 02 08 
msec 35
sysex 43 50 00 05 05 00 19 05 0A 00 08 09 09 03 03 00 00 00 00 02 03 00 00 08 02 03 08 09 0B 03 08 04 03 04 09 09 0C 03 04 00 00 05 05 09 09 02 06 06 01 00 00 03 03 02 0F 00 00 09 0B 03 04 05 0A 00 00 09 0C 03 0B 04 08 
msec 35
sysex 43 50 00 05 05 00 1A 00 0A 09 09 03 03 00 00 00 00 02 06 00 00 00 00 09 0C 04 00 05 0B 00 0A 04 04 06 03 03 0C 09 0A 02 08 00 00 02 0F 09 0C 03 0B 00 00 00 0A 04 00 00 00 00 0A 04 04 00 00 00 03 09 0B 03 08 00 00 
msec 35
sysex 43 50 00 05 05 00 1B 01 01 03 08 04 0E 08 01 01 09 03 0B 05 07 07 0F 03 04 00 00 00 0A 02 08 00 00 00 0F 03 0B 00 00 00 03 03 08 00 00 00 05 09 09 02 03 05 07 00 00 03 03 02 0B 00 00 09 0A 02 03 05 09 00 00 09 0C 
msec 35
sysex 43 50 00 05 05 00 1C 03 04 05 01 00 02 09 0E 04 04 05 0D 00 05 09 0B 04 00 05 0E 00 03 09 09 03 03 00 00 00 00 02 03 00 00 06 04 09 0E 04 04 00 00 00 07 04 04 05 09 03 00 09 0B 03 0B 04 0A 04 06 09 0E 04 04 00 00 
msec 35
sysex 43 50 00 05 05 00 1D 00 07 04 04 05 0F 05 05 09 0B 03 08 04 09 01 02 09 0E 04 04 00 00 00 07 04 04 05 0B 02 0B 09 0C 03 04 00 00 04 0D 09 0B 03 0B 00 00 00 00 09 0E 04 04 00 00 00 08 09 09 02 06 06 01 00 00 03 03 
msec 35
sysex 43 50 00 05 05 00 1E 02 0F 00 00 09 0B 03 08 00 00 00 00 09 0C 03 0B 05 02 00 00 09 0E 04 04 06 01 00 05 09 0B 04 00 00 00 00 00 03 0B 05 04 00 05 09 09 03 03 00 00 00 00 02 06 00 00 00 00 09 0C 04 00 05 0E 00 0A 
msec 35
sysex 43 50 00 05 05 00 1F 04 04 06 01 03 0C 09 0A 02 03 00 00 02 03 09 0E 04 04 00 00 00 07 04 04 05 0A 00 05 09 0C 03 0B 00 00 00 0A 04 00 00 00 00 0A 04 04 00 00 00 0F 09 0B 03 08 04 05 04 04 09 0E 04 04 00 00 00 07 
msec 35
sysex 43 50 00 05 05 00 20 04 04 05 0C 05 08 09 0B 03 04 03 0A 01 06 09 0E 04 04 00 00 00 08 04 04 05 08 06 06 09 0B 03 08 00 00 00 08 03 0B 00 00 00 07 03 04 00 00 00 00 09 0D 04 00 00 00 00 00 03 0B 00 00 00 00 03 08 
msec 35
sysex 43 50 00 05 05 00 21 00 00 00 03 09 0E 04 04 00 00 00 05 09 09 02 03 05 07 00 00 03 03 02 0B 00 00 09 0A 02 0A 05 0B 00 00 09 0C 02 0F 05 04 00 00 09 0D 03 0B 05 0D 00 00 03 0F 05 0D 00 00 04 02 05 0D 00 02 09 0E 
msec 35
sysex 43 50 00 05 05 00 22 04 02 05 0C 00 03 09 0B 02 0F 05 0A 00 05 09 09 03 03 00 00 00 00 02 03 00 00 06 04 09 0E 04 02 00 00 00 07 04 02 05 0A 07 06 04 02 00 00 00 07 04 02 05 0C 05 03 09 0B 03 06 04 03 01 0E 09 0E 
msec 35
sysex 43 50 00 05 05 00 23 04 02 00 00 00 07 04 02 05 08 02 01 09 0C 02 0F 00 00 04 0D 09 0E 04 02 00 00 00 08 09 09 02 06 06 01 00 00 03 03 02 0F 00 00 09 0C 03 0B 04 0E 00 00 09 0E 04 02 05 0C 00 00 0F 0F 07 0F 00 07 
msec 35
sysex 43 50 00 05 05 00 24 04 03 07 0B 00 01 03 07 00 00 07 0F 07 0F 00 07 09 0B 03 03 05 0A 00 03 09 09 03 03 00 00 00 00 02 06 00 00 00 00 09 0C 04 02 05 0C 00 0A 04 05 06 04 03 0C 09 0A 02 0A 00 00 01 0B 09 0E 04 02 
msec 35
sysex 43 50 00 05 05 00 25 00 00 00 08 04 02 05 08 00 0C 09 0C 03 0B 00 00 00 0A 04 02 00 00 00 0A 04 05 00 00 00 05 09 0B 03 06 00 00 00 0A 03 06 04 0E 04 09 09 0E 04 02 00 00 00 07 04 02 05 0A 05 00 09 0B 03 0B 05 0D 
msec 35
sysex 43 50 00 05 05 00 26 01 09 09 0E 04 02 00 00 00 08 04 03 05 01 03 07 04 03 00 00 00 0A 04 04 05 05 02 03 09 0B 03 03 00 00 00 00 09 0E 04 04 00 00 00 05 09 0B 02 0F 00 00 00 0A 03 06 00 00 00 05 03 0B 00 00 00 05 
msec 35
sysex 43 50 00 05 05 00 27 09 09 02 03 05 07 00 00 03 03 02 0B 00 00 09 0A 02 03 05 09 00 00 09 0C 02 0F 04 0E 00 00 09 0E 04 05 06 07 00 07 09 0B 04 02 05 0E 00 03 09 09 03 03 00 00 00 00 02 03 00 00 05 0F 09 0E 04 05 
msec 35
sysex 43 50 00 05 05 00 28 00 00 00 07 04 05 05 0C 03 00 09 0B 03 0B 04 0A 04 0D 09 0E 04 05 00 00 00 08 04 05 06 03 04 0B 09 0B 03 06 04 09 02 05 09 0E 04 05 00 00 00 08 04 05 05 0C 01 0E 09 0C 02 0F 00 00 04 08 09 0B 
msec 35
sysex 43 50 00 05 05 00 29 03 0B 00 00 00 00 09 0E 04 05 00 00 00 05 09 0B 03 06 00 00 00 03 09 0E 04 05 06 01 00 05 09 09 02 06 06 01 00 00 03 03 02 0F 00 00 09 0B 03 0F 05 04 00 00 09 0C 03 0B 04 0F 00 05 09 0B 04 02 
msec 35
sysex 43 50 00 05 05 00 2A 00 00 00 05 09 09 03 03 00 00 00 00 02 06 00 00 00 00 09 0C 04 02 05 0C 00 0A 04 05 06 05 03 0C 09 0A 02 03 00 00 02 00 09 0E 04 05 00 00 00 08 04 05 05 0A 00 07 09 0C 03 0B 00 00 00 0A 04 02 
msec 35
sysex 43 50 00 05 05 00 2B 00 00 00 0A 04 05 00 00 00 0D 09 0B 03 0B 04 05 04 0D 09 0E 04 05 00 00 00 08 04 05 05 0C 05 02 09 0B 03 03 03 0A 01 09 09 0E 04 05 00 00 00 08 04 05 05 08 05 0F 09 0B 03 0B 00 00 00 05 03 0F 
msec 35
sysex 43 50 00 05 05 00 2C 00 00 00 07 09 0E 04 05 00 00 00 05 09 0D 04 02 00 00 00 00 03 0F 00 00 00 00 03 0B 00 00 00 03 09 0B 03 03 00 00 00 00 09 0E 04 04 05 0C 00 05 09 09 02 03 05 07 00 00 03 03 02 0B 00 00 09 0A 
msec 35
sysex 43 50 00 05 05 00 2D 02 08 05 0E 00 00 09 0B 02 08 05 0A 00 00 09 0C 03 04 05 01 00 00 09 0D 03 08 05 0D 00 00 03 0B 05 0D 00 00 04 00 05 0D 00 0A 09 09 03 03 00 00 00 00 02 03 00 00 06 0B 09 0E 04 04 00 00 00 08 
msec 35
sysex 43 50 00 05 05 00 2E 04 04 05 0A 06 09 04 04 00 00 00 07 04 04 05 0C 05 0A 09 0B 03 08 04 03 01 0C 09 0E 04 04 00 00 00 07 04 04 05 08 02 01 09 0C 03 04 00 00 04 08 09 0E 04 04 00 00 00 08 04 04 05 0C 00 05 09 09 
msec 35
sysex 43 50 00 05 05 00 2F 02 06 06 01 00 00 03 03 02 0F 00 00 09 0B 03 04 05 0A 00 00 09 0C 03 0B 04 08 00 00 0F 0F 07 0F 00 07 04 03 07 0B 00 01 03 03 00 00 07 0F 07 0F 00 0A 09 09 03 03 00 00 00 00 02 06 00 00 00 00 
msec 35
sysex 43 50 00 05 05 00 30 09 0C 04 00 05 0B 00 0A 04 04 06 03 03 0C 09 0A 02 08 00 00 02 03 09 0E 04 04 00 00 00 07 04 04 05 08 00 05 09 0C 03 0B 00 00 00 0A 04 00 00 00 00 0A 04 04 00 00 00 08 09 0B 03 08 00 00 00 0C 
msec 35
sysex 43 50 00 05 05 00 31 03 08 04 0E 03 0F 09 0E 04 04 00 00 00 07 04 04 05 0A 05 05 09 0B 03 0B 05 07 01 07 09 0E 04 04 00 00 00 07 04 04 05 08 05 0F 09 0B 03 04 00 00 00 08 02 08 00 00 00 0F 09 0E 04 04 00 00 00 05 
msec 35
sysex 43 50 00 05 05 00 32 09 0B 03 08 00 00 00 00 03 0B 00 00 00 02 09 0E 04 04 05 0C 00 03 09 09 02 03 05 07 00 00 03 03 02 0B 00 00 09 0A 02 03 05 0C 00 00 09 0C 03 04 05 01 00 05 09 0B 04 00 05 0E 00 05 09 09 03 03 
msec 35
sysex 43 50 00 05 05 00 33 00 00 00 00 02 03 00 00 06 06 09 0E 04 04 00 00 00 08 04 04 05 0A 02 0A 09 0B 03 0B 04 0A 03 0F 09 0E 04 04 00 00 00 07 04 04 05 0C 05 0F 09 0B 03 08 04 09 01 0E 09 0E 04 04 00 00 00 08 04 04 
msec 35
sysex 43 50 00 05 05 00 34 05 08 01 0E 09 0C 03 04 00 00 04 06 09 0E 04 04 00 00 00 05 09 0B 03 0B 00 00 00 02 09 0E 04 04 05 0C 00 08 09 09 02 06 06 01 00 00 03 03 02 0F 00 00 09 0B 03 08 00 00 00 00 09 0C 03 0B 05 02 
msec 35
sysex 43 50 00 05 05 00 35 00 02 09 0B 04 00 00 00 00 03 03 0B 05 04 00 05 09 09 03 03 00 00 00 00 02 06 00 00 00 00 09 0C 04 00 05 0E 00 0A 04 04 06 01 03 0C 09 0A 02 03 00 00 02 03 09 0E 04 04 00 00 00 07 04 04 05 08 
msec 35
sysex 43 50 00 05 05 00 36 00 05 09 0C 03 0B 00 00 00 0A 04 00 00 00 00 0A 04 04 00 00 01 02 09 0B 03 08 04 05 03 0C 09 0E 04 04 00 00 00 07 04 04 05 0A 05 0D 09 0B 03 04 03 0A 01 04 09 0E 04 04 00 00 00 07 04 04 05 08 
msec 35
sysex 43 50 00 05 05 00 37 06 0C 09 0B 03 08 00 00 00 05 03 0B 00 00 00 07 03 04 00 00 00 00 09 0E 04 04 00 00 00 08 09 09 02 03 05 07 00 00 03 03 02 0B 00 00 09 0A 02 08 05 0E 00 00 09 0C 03 04 05 04 00 00 09 0E 04 04 
msec 35
sysex 43 50 00 05 05 00 38 05 0C 00 02 09 0B 02 08 05 09 00 08 09 09 03 03 00 00 00 00 02 03 00 00 06 0B 09 0E 04 04 00 00 00 08 04 04 05 0A 06 06 04 04 00 00 00 08 04 04 05 0B 07 08 04 04 00 00 00 07 04 04 05 07 02 01 
msec 35
sysex 43 50 00 05 05 00 39 09 0C 03 04 00 00 05 02 09 0E 04 04 00 00 00 03 09 09 02 06 06 01 00 00 03 03 02 0F 00 00 09 0C 03 0B 04 0E 00 02 09 0B 03 04 05 0A 00 03 09 0E 04 04 05 0A 00 05 09 09 03 03 00 00 00 00 02 06 
msec 35
sysex 43 50 00 05 05 00 3A 00 00 00 00 09 0C 04 00 05 0C 00 0A 04 04 06 04 03 0C 09 0A 02 08 00 00 02 05 09 0E 04 04 00 00 00 08 04 04 05 05 00 02 09 0C 03 0B 00 00 00 0A 04 00 00 00 00 0A 04 04 00 00 00 0D 09 0B 03 08 
msec 35
sysex 43 50 00 05 05 00 3B 04 0E 04 08 09 0E 04 04 00 00 00 08 04 04 05 07 05 05 09 0B 03 0B 05 07 01 04 09 0E 04 04 00 00 00 07 04 04 05 04 06 02 09 0B 03 04 00 00 00 07 02 08 00 00 00 08 09 0E 04 04 00 00 00 02 09 0B 
msec 35
sysex 43 50 00 05 05 00 3C 03 08 00 00 00 05 09 0E 04 04 05 07 00 05 09 0B 03 0B 00 00 00 03 09 09 02 03 05 07 00 00 03 03 02 0B 00 00 09 0A 02 03 05 0B 00 00 09 0C 03 04 04 0E 00 05 09 0B 04 00 05 0E 00 05 09 09 03 03 
msec 35
sysex 43 50 00 05 05 00 3D 00 00 00 00 02 03 00 00 06 01 09 0E 04 04 00 00 00 08 04 04 05 05 03 04 09 0B 03 0B 04 0A 03 0C 09 0E 04 04 00 00 00 08 04 04 05 06 05 0A 09 0B 03 08 04 09 01 09 09 0E 04 04 00 00 00 07 04 04 
msec 35
sysex 43 50 00 05 05 00 3E 05 02 02 06 09 0C 03 04 00 00 04 06 09 0E 04 04 00 00 00 07 04 04 05 05 00 03 09 0B 03 0B 00 00 00 02 03 08 00 00 00 03 09 09 02 06 06 01 00 00 03 03 02 0F 00 00 09 0B 03 0B 05 04 00 00 09 0C 
msec 35
sysex 43 50 00 05 05 00 3F 03 0B 04 0F 00 02 09 0B 04 00 00 00 00 08 09 09 03 03 00 00 00 00 02 06 00 00 00 00 09 0C 04 00 05 0C 00 0A 04 04 06 05 03 0C 09 0A 02 03 00 00 02 00 09 0E 04 04 00 00 00 08 04 04 05 00 00 07 
msec 35
sysex 43 50 00 05 05 00 40 09 0C 03 0B 00 00 00 0A 04 00 00 00 00 0A 04 04 00 00 01 02 09 0B 03 08 04 05 03 0E 09 0E 04 04 00 00 00 08 04 04 05 02 05 0C 09 0B 03 04 03 0A 01 09 09 0E 04 04 00 00 00 08 04 04 04 0F 06 04 
msec 35
sysex 43 50 00 05 05 00 41 09 0B 03 08 00 00 00 00 03 0B 00 00 00 05 09 0E 04 04 00 00 00 07 09 0D 04 00 00 00 00 00 03 0B 00 00 00 00 03 08 00 00 00 00 09 0E 04 04 05 09 00 03 09 0B 03 04 00 00 00 05 09 09 02 03 05 07 
msec 35
sysex 43 50 00 05 05 00 42 00 00 03 03 02 0B 00 00 09 0A 02 08 05 0E 00 00 09 0C 03 04 05 01 00 00 09 0D 03 08 05 0D 00 00 03 0B 05 0D 00 00 04 00 05 0D 00 02 09 0B 02 08 05 09 00 08 09 09 03 03 00 00 00 00 02 03 00 00 
msec 35
sysex 43 50 00 05 05 00 43 06 01 09 0E 04 04 00 00 00 08 04 04 04 0E 07 00 04 04 00 00 00 08 04 04 05 04 05 07 09 0B 03 08 04 03 01 07 09 0E 04 04 00 00 00 07 04 04 04 0C 02 0B 09 0C 03 04 00 00 04 0D 09 0E 04 04 00 00 
msec 35
sysex 43 50 00 05 05 00 44 00 08 09 09 02 06 06 01 00 00 03 03 02 0F 00 00 09 0C 03 0B 04 08 00 00 09 0E 04 04 04 0C 00 07 09 0B 03 04 05 0A 00 03 09 09 03 03 00 00 00 00 02 06 00 00 00 00 09 0C 04 00 05 0B 00 0A 04 04 
msec 35
sysex 43 50 00 05 05 00 45 06 03 03 0C 09 0A 02 08 00 00 01 0E 09 0E 04 04 00 00 00 05 04 04 04 06 00 0C 09 0C 03 0B 00 00 00 0A 04 00 00 00 00 0A 04 04 00 00 00 03 09 0B 03 08 00 00 00 0C 03 08 04 0E 04 01 09 0E 04 04 
msec 35
sysex 43 50 00 05 05 00 46 00 00 00 08 04 04 04 0D 05 0C 09 0B 03 0B 05 07 01 07 09 0E 04 04 00 00 00 0A 04 05 05 02 02 03 04 05 00 00 01 09 04 06 05 06 02 03 09 0B 03 04 00 00 00 00 09 0E 04 06 00 00 00 02 09 0B 02 08 
msec 35
sysex 43 50 00 05 05 00 47 00 00 00 0D 03 08 00 00 00 05 09 0E 04 07 05 0C 00 05 09 09 02 03 05 07 00 00 03 03 02 0B 00 00 09 0A 02 03 05 0B 00 00 09 0B 03 0B 00 00 00 00 09 0C 03 04 05 01 00 07 09 0B 04 00 05 0E 00 03 
msec 35
sysex 43 50 00 05 05 00 48 09 09 03 03 00 00 00 00 02 03 00 00 06 06 09 0E 04 07 00 00 00 08 04 07 05 0A 02 0F 09 0B 03 0B 04 0A 04 04 09 0E 04 07 00 00 00 07 04 07 05 0C 05 05 09 0B 03 08 04 09 01 09 09 0E 04 07 00 00 
msec 35
sysex 43 50 00 05 05 00 49 00 08 04 07 05 08 02 03 09 0C 03 04 00 00 04 0D 09 0E 04 07 00 00 00 03 09 0B 03 0B 00 00 00 05 09 09 02 06 06 01 00 00 03 03 02 0F 00 00 09 0B 03 08 00 00 00 00 09 0C 03 0B 05 02 00 00 09 0E 
msec 35
sysex 43 50 00 05 05 00 4A 04 07 05 0C 00 05 09 0B 04 00 00 00 00 02 03 0B 05 04 00 03 09 09 03 03 00 00 00 00 02 06 00 00 00 00 09 0C 04 00 05 0E 00 0A 04 04 06 01 03 0C 09 0A 02 03 00 00 01 09 09 0E 04 07 00 00 00 07 
msec 35
sysex 43 50 00 05 05 00 4B 04 07 05 08 00 0F 09 0C 03 0B 00 00 00 0A 04 00 00 00 00 0A 04 04 00 00 01 02 09 0B 03 08 04 05 03 0E 09 0E 04 07 00 00 00 08 04 07 05 0A 05 0C 09 0B 03 04 03 0A 01 0E 09 0E 04 07 00 00 00 08 
msec 35
sysex 43 50 00 05 05 00 4C 04 07 05 08 05 0F 09 0B 03 08 00 00 00 07 03 0B 00 00 00 03 09 0E 04 07 00 00 00 02 09 0D 04 00 00 00 00 00 03 0B 00 00 00 00 03 08 00 00 00 03 09 0B 03 04 00 00 00 02 09 0E 04 05 06 07 00 03 
msec 35
sysex 43 50 00 05 05 00 4D 09 09 02 03 05 07 00 00 03 03 02 0B 00 00 09 0A 02 0A 06 00 00 00 09 0C 02 0F 05 04 00 00 09 0D 03 06 05 0D 00 00 03 0B 05 0D 00 00 03 0F 05 0D 00 07 09 0B 02 0F 05 09 00 03 09 09 03 03 00 00 
msec 35
sysex 43 50 00 05 05 00 4E 00 00 02 03 00 00 06 04 09 0E 04 05 00 00 00 07 04 05 05 0C 07 01 04 05 00 00 00 07 04 05 06 03 05 05 09 0B 03 06 04 03 01 0E 09 0E 04 05 00 00 00 08 04 05 05 0C 02 03 09 0C 02 0F 00 00 04 0D 
msec 35
sysex 43 50 00 05 05 00 4F 09 0E 04 05 00 00 00 08 09 09 02 06 06 01 00 00 03 03 02 0F 00 00 09 0B 03 03 05 0A 00 00 09 0C 03 0B 04 0E 00 00 09 0E 04 05 06 01 00 00 0F 0F 07 0F 00 07 04 03 07 0B 00 01 03 07 00 00 07 0F 
msec 35
sysex 43 50 00 05 05 00 50 07 0F 00 0A 09 09 03 03 00 00 00 00 02 06 00 00 00 00 09 0C 03 0F 05 0C 00 0A 04 02 06 04 03 0C 09 0A 02 0A 00 00 02 03 09 0E 04 05 00 00 00 07 04 05 05 0A 00 05 09 0C 03 0B 00 00 00 0A 03 0F 
msec 35
sysex 43 50 00 05 05 00 51 00 00 00 0A 04 02 00 00 00 03 09 0B 03 06 00 00 00 0A 03 06 04 0E 04 03 09 0E 04 05 00 00 00 08 04 05 05 0C 05 05 09 0B 03 0B 05 0D 01 0B 09 0E 04 05 00 00 00 08 04 05 05 08 05 0C 09 0B 03 03 
msec 35
sysex 43 50 00 05 05 00 52 00 00 00 0F 02 0F 00 00 00 05 03 06 00 00 00 00 09 0E 04 05 00 00 00 05 09 0B 03 0B 00 00 00 03 09 0E 04 09 05 0C 00 05 09 09 02 03 05 07 00 00 03 03 02 0B 00 00 09 0A 02 03 05 09 00 00 09 0C 
msec 35
sysex 43 50 00 05 05 00 53 02 0F 04 0E 00 07 09 0B 04 02 05 0D 00 03 09 09 03 03 00 00 00 00 02 03 00 00 06 01 09 0E 04 09 00 00 00 08 04 09 05 0A 02 0F 09 0B 03 0B 04 0A 03 0F 09 0E 04 09 00 00 00 07 04 09 05 0C 00 08 
msec 35
sysex 43 50 00 05 05 00 54 09 09 02 06 03 0B 00 0A 02 06 00 00 04 06 02 06 03 03 00 07 09 0B 03 06 04 09 00 03 09 09 02 06 00 00 01 06 09 0E 04 09 00 00 00 08 04 09 05 08 02 03 09 0C 02 0F 00 00 00 05 09 09 02 06 04 05 
msec 35
sysex 43 50 00 05 05 00 55 00 0A 02 06 00 00 03 0C 09 0B 03 0B 00 00 00 07 09 0E 04 09 00 00 00 03 09 09 02 06 06 05 00 00 02 07 04 09 00 00 03 03 02 0F 00 00 09 0B 03 06 00 00 00 00 03 0F 05 03 00 00 09 0C 03 0B 04 0F 
msec 35
sysex 43 50 00 05 05 00 56 00 05 09 0B 04 02 00 00 00 00 09 0E 04 09 05 0C 00 05 09 09 03 03 00 00 00 00 02 07 00 00 00 00 02 06 00 00 00 00 09 0C 03 0F 05 0C 00 0A 04 02 06 05 03 0C 09 0A 02 03 00 00 01 0E 09 0E 04 09 
msec 35
sysex 43 50 00 05 05 00 57 00 00 00 07 04 09 05 08 00 0A 09 0C 03 0B 00 00 00 0A 03 0F 00 00 00 0A 04 02 00 00 01 04 09 0B 03 0B 04 05 04 06 09 0E 04 09 00 00 00 08 04 09 05 0A 05 00 09 0B 03 03 03 0A 01 0E 09 0E 04 09 
msec 35
sysex 43 50 00 05 05 00 58 00 00 00 07 04 09 05 08 06 02 09 0B 03 0F 00 00 00 02 03 0B 00 00 00 08 09 0E 04 09 00 00 00 02 09 0B 03 03 00 00 00 00 09 0D 03 0F 00 00 00 00 03 0B 00 00 00 00 03 06 00 00 00 08 0F 0F 00 06 
msec 35
sysex 43 50 00 05 05 00 59 00 06 04 0D 06 01 06 09 06 0E 02 00 04 01 00 00 09 00 04 0C 06 0B 00 00 09 01 03 08 05 0F 00 00 03 0B 05 0F 00 00 04 00 05 0F 00 00 09 02 03 04 06 07 00 00 09 09 02 03 05 09 00 00 02 0A 02 04 
msec 35
sysex 43 50 00 05 05 00 5A 00 00 03 03 03 02 00 00 09 0A 02 08 06 01 00 00 09 0C 03 04 05 06 00 00 09 0D 03 0B 05 0F 00 00 04 00 05 0F 00 00 03 08 05 0F 00 00 09 0E 04 04 05 0E 00 07 09 0B 02 08 05 0C 00 03 09 09 03 03 
msec 35
sysex 43 50 00 05 05 00 5B 00 00 00 00 02 0A 00 00 00 00 02 03 00 00 06 0B 09 0E 04 04 00 00 00 08 04 04 05 0C 02 03 09 09 02 0A 01 0C 00 0A 02 0A 00 00 03 09 09 0E 04 04 00 00 00 08 04 04 05 0D 05 05 09 09 02 0A 01 0D 
msec 35
sysex 43 50 00 05 05 00 5C 00 0A 02 0A 00 00 01 09 09 0E 04 04 00 00 00 07 04 04 05 09 02 01 09 0C 03 04 00 00 05 02 09 0E 04 04 00 00 00 03 09 09 02 06 06 03 00 00 02 0A 02 01 00 00 09 0C 03 0B 05 00 00 00 0F 0F 07 0F 
msec 35
sysex 43 50 00 05 05 00 5D 00 07 04 03 07 0B 00 01 03 03 00 00 07 0F 07 0F 00 05 09 0B 03 04 05 0C 00 00 09 0E 04 04 05 0C 00 05 09 09 02 0A 00 00 00 00 02 06 00 00 00 00 09 0C 04 00 05 0E 00 0A 04 04 06 06 03 0C 09 0A 
msec 35
sysex 43 50 00 05 05 00 5E 02 08 00 00 02 05 09 0E 04 04 00 00 00 08 04 04 05 07 00 02 09 0C 03 0B 00 00 00 0A 04 00 00 00 00 0A 04 04 00 00 00 0D 09 09 02 0A 01 0A 00 00 09 0B 03 08 05 00 00 0A 09 09 02 0A 00 00 03 0E 
msec 35
sysex 43 50 00 05 05 00 5F 09 0E 04 04 00 00 00 08 04 04 05 09 05 00 09 09 02 0A 01 0E 00 00 09 0B 03 0B 05 09 00 0A 09 09 02 0A 00 00 00 0F 09 0E 04 04 00 00 00 07 04 04 05 06 06 04 09 0B 03 04 00 00 00 0A 02 08 00 00 
msec 35
sysex 43 50 00 05 05 00 60 00 03 09 0E 04 04 00 00 00 02 09 0B 03 08 00 00 00 05 03 0B 00 00 00 00 09 0E 04 04 05 09 00 08 09 09 02 03 05 09 00 00 02 0A 02 01 00 00 09 0A 02 03 05 0F 00 00 09 0C 03 04 05 00 00 02 09 0B 
msec 35
sysex 43 50 00 05 05 00 61 04 00 06 00 00 08 09 09 02 0A 00 00 00 00 02 03 00 00 06 01 09 0E 04 04 00 00 00 08 04 04 05 07 02 0D 09 09 02 0A 02 00 00 02 09 0B 03 0B 04 0C 00 08 09 09 02 0A 00 00 03 09 09 0E 04 04 00 00 
msec 35
sysex 43 50 00 05 05 00 62 00 08 04 04 05 08 03 0C 09 00 04 0C 00 00 00 00 09 02 03 04 00 00 01 09 09 09 02 0A 02 00 00 00 09 0B 03 08 04 0B 00 0A 09 09 02 0A 00 00 01 04 09 0E 04 04 00 00 00 07 04 04 05 04 02 06 09 0C 
msec 35
sysex 43 50 00 05 05 00 63 03 04 00 00 04 06 09 0E 04 04 00 00 00 05 09 0B 03 0B 00 00 00 02 03 08 00 00 00 00 09 0E 04 04 05 07 00 08 09 09 02 06 06 03 00 00 02 0A 02 02 00 00 09 0B 04 00 00 00 00 00 09 0C 03 0B 05 01 
msec 35
sysex 43 50 00 05 05 00 64 00 02 09 0B 03 0B 05 06 00 08 09 09 02 0A 00 00 00 00 02 06 00 00 00 00 09 0C 04 00 05 0E 00 02 09 00 04 0C 07 00 00 08 09 0C 04 04 06 07 02 05 09 02 03 04 06 0C 01 07 09 0A 02 03 00 00 02 00 
msec 35
sysex 43 50 00 05 05 00 65 09 0E 04 04 00 00 00 08 04 04 05 02 00 07 09 0C 03 0B 00 00 00 0A 04 00 00 00 00 0A 04 04 00 00 00 0D 09 09 02 0A 01 0B 00 07 09 0B 03 08 04 07 00 03 09 09 02 0A 00 00 03 09 09 0E 04 04 00 00 
msec 35
sysex 43 50 00 05 05 00 66 00 08 04 04 05 04 05 05 09 09 02 0A 01 0F 00 00 09 0B 03 04 03 0C 00 0A 09 09 02 0A 00 00 01 06 09 0E 04 04 00 00 00 08 04 04 05 01 05 00 09 00 04 0C 00 00 01 06 09 0B 03 08 00 00 00 00 03 0B 
msec 35
sysex 43 50 00 05 05 00 67 00 00 00 03 09 0E 04 04 00 00 00 02 09 0B 03 04 00 00 00 05 09 0E 04 04 05 06 00 08 09 09 02 03 05 09 00 00 02 0A 02 04 00 00 09 0A 02 08 05 0A 00 00 09 0C 03 04 05 03 00 02 09 0B 02 08 05 0C 
msec 35
sysex 43 50 00 05 05 00 68 00 03 09 02 03 04 00 00 00 05 09 09 02 0A 00 00 00 00 02 03 00 00 01 01 09 00 04 0C 06 09 00 00 09 02 03 04 06 05 05 00 09 0E 04 04 00 00 00 08 04 04 05 00 02 0D 09 09 02 0A 01 0C 00 0A 02 0A 
msec 35
sysex 43 50 00 05 05 00 69 00 00 03 09 09 0E 04 04 00 00 00 08 04 04 05 06 05 05 09 09 02 0A 01 0D 00 02 09 0B 03 08 04 05 00 08 09 09 02 0A 00 00 00 0F 09 0E 04 04 00 00 00 07 04 04 04 0E 02 0B 09 0C 03 04 00 00 01 04 
msec 35
sysex 43 50 00 05 05 00 6A 09 00 04 0C 00 00 00 00 09 02 03 04 00 00 03 09 09 0E 04 04 00 00 00 08 09 09 02 06 06 03 00 00 02 0A 02 01 00 00 09 0B 03 04 05 0C 00 00 09 0C 03 0B 04 0A 00 00 09 0E 04 04 04 0E 00 0A 09 09 
msec 35
sysex 43 50 00 05 05 00 6B 02 0A 00 00 00 00 02 06 00 00 00 00 09 0C 04 00 05 0D 00 0A 04 04 06 05 00 02 09 00 04 0C 06 08 00 00 09 02 03 04 06 04 03 0A 09 0A 02 08 00 00 01 0E 09 0E 04 04 00 00 00 05 04 04 04 08 00 0C 
msec 35
sysex 43 50 00 05 05 00 6C 09 0C 03 0B 00 00 00 0A 04 00 00 00 00 0A 04 04 00 00 00 03 09 0B 03 08 00 00 00 0A 09 09 02 0A 01 0A 00 07 09 0B 03 08 05 00 00 03 09 09 02 0A 00 00 03 09 09 0E 04 04 00 00 00 08 04 04 04 0F 
msec 35
sysex 43 50 00 05 05 00 6D 05 05 09 09 02 0A 01 0E 00 00 09 0B 03 0B 05 09 00 0A 09 09 02 0A 00 00 07 05 09 0B 03 04 00 00 00 0A 02 08 00 00 00 0F 03 0B 00 00 00 03 03 08 00 00 00 05 09 09 02 03 05 09 00 00 02 0A 02 01 
msec 35
sysex 43 50 00 05 05 00 6E 00 00 09 0A 02 03 05 0B 00 00 09 0C 03 04 05 03 00 07 09 0B 04 00 06 00 00 03 09 09 02 0A 00 00 00 00 02 03 00 00 00 02 09 00 04 0C 00 00 00 00 09 02 03 04 00 00 00 08 09 00 04 0E 06 08 00 00 
msec 35
sysex 43 50 00 05 05 00 6F 09 02 03 06 06 04 08 01 00 0C 09 09 02 0A 02 00 00 05 09 0B 03 0B 04 0C 00 05 09 09 02 0A 00 00 08 01 01 06 02 0A 02 00 00 07 09 0B 03 08 04 0B 00 03 09 09 02 0A 00 00 04 01 09 0C 03 04 00 00 
msec 35
sysex 43 50 00 05 05 00 70 03 0E 09 00 04 0E 00 00 00 00 09 02 03 06 00 00 00 0F 09 0B 03 0B 00 00 00 08 09 09 02 06 06 03 00 00 02 0A 02 02 00 00 09 0B 03 08 00 00 00 00 09 0C 03 0B 05 04 00 05 09 00 05 00 06 09 00 00 
msec 35
sysex 43 50 00 05 05 00 71 09 02 03 08 06 05 00 00 09 0B 04 00 00 00 00 00 03 0B 05 06 00 05 09 09 02 0A 00 00 00 00 02 06 00 00 00 00 09 0C 04 00 06 00 00 0A 04 04 06 03 03 0C 09 0A 02 03 00 00 02 0F 09 0C 03 0B 00 00 
msec 35
sysex 43 50 00 05 05 00 72 00 0A 04 00 00 00 00 0A 04 04 00 00 00 0D 09 09 02 0A 01 0B 00 02 09 0B 03 08 04 07 00 08 09 09 02 0A 00 00 08 01 01 06 02 0A 01 0F 00 05 09 0B 03 04 03 0C 00 05 09 09 02 0A 00 00 01 04 09 0E 
msec 35
sysex 43 50 00 05 05 00 73 04 04 00 00 06 0B 09 0B 03 08 00 00 00 08 03 0B 00 00 00 07 09 01 04 00 00 00 00 00 03 0B 00 00 00 00 03 08 00 00 00 00 09 0B 03 04 00 00 00 00 09 0D 03 08 00 00 00 00 04 00 00 00 00 00 03 0B 
msec 35
sysex 43 50 00 05 05 00 74 00 00 00 08 09 01 03 0B 05 0F 00 00 03 0F 05 0F 00 00 04 02 05 0F 00 00 09 09 02 03 05 09 00 00 02 0A 02 04 00 00 09 0A 02 0A 05 0D 00 00 09 0C 02 0F 05 06 00 00 09 0D 03 0B 05 0F 00 00 03 0F 
msec 35
sysex 43 50 00 05 05 00 75 05 0F 00 00 04 02 05 0F 00 02 09 00 05 00 00 00 00 00 09 02 03 08 00 00 00 03 09 0B 02 0F 05 0C 00 05 09 00 04 0E 06 04 00 00 09 09 02 0A 00 00 00 00 02 03 00 00 01 0E 09 02 03 06 06 00 07 08 
msec 35
sysex 43 50 00 05 05 00 76 09 09 02 0A 01 0C 00 0A 02 0A 00 00 08 01 01 06 02 0A 01 0D 00 05 09 0B 03 06 04 05 00 05 09 09 02 0A 00 00 04 01 09 0C 02 0F 00 00 05 05 09 09 02 06 06 03 00 00 02 0A 02 01 00 00 09 0C 03 0B 
msec 35
sysex 43 50 00 05 05 00 77 05 00 00 00 0F 0F 07 0F 00 07 04 03 07 0B 00 01 03 07 00 00 07 0F 07 0F 00 07 09 0B 03 03 05 0C 00 03 09 09 02 0A 00 00 00 00 02 06 00 00 00 00 09 0C 04 02 05 0E 00 0A 04 05 06 06 03 0C 09 0A 
msec 35
sysex 43 50 00 05 05 00 78 02 0A 00 00 02 0F 09 0C 03 0B 00 00 00 0A 04 02 00 00 00 0A 04 05 00 00 00 05 09 0B 03 06 00 00 00 08 09 09 02 0A 01 0A 00 02 09 0B 03 06 05 00 00 08 09 09 02 0A 00 00 08 01 01 06 02 0A 01 0E 
msec 35
sysex 43 50 00 05 05 00 79 00 02 09 0B 03 0B 05 0F 00 08 09 09 02 0A 00 00 07 0D 09 0B 03 03 00 00 00 05 02 0F 00 00 00 0A 03 06 00 00 00 05 03 0B 00 00 00 05 09 09 02 03 05 09 00 00 02 0A 02 01 00 00 09 0A 02 03 05 0B 
msec 35
sysex 43 50 00 05 05 00 7A 00 00 09 0C 02 0F 05 00 00 07 09 0B 04 02 06 00 00 03 09 09 02 0A 00 00 00 00 02 03 00 00 08 01 01 06 02 0A 02 00 00 00 09 0B 03 0B 04 0C 00 0A 09 09 02 0A 00 00 08 01 01 06 02 0A 02 00 00 00 
msec 35
sysex 43 50 00 05 05 00 7B 09 0B 03 06 04 0B 00 0A 09 09 02 0A 00 00 04 01 09 0C 02 0F 00 00 04 08 09 0B 03 0B 00 00 00 05 03 06 00 00 00 08 09 09 02 06 06 03 00 00 02 0A 02 02 00 00 09 0B 03 0F 05 06 00 00 09 0C 03 0B 
msec 35
sysex 43 50 00 05 05 00 7C 05 01 00 05 09 0B 04 02 00 00 00 05 09 09 02 0A 00 00 00 00 02 06 00 00 00 00 09 0C 04 02 05 0E 00 0A 04 05 06 07 03 0C 09 0A 02 03 00 00 02 0F 09 0C 03 0B 00 00 00 0A 04 02 00 00 00 0A 04 05 
msec 35
sysex 43 50 00 05 05 00 7D 00 00 00 0D 09 09 02 0A 01 0B 00 00 09 0B 03 0B 04 07 00 0A 09 09 02 0A 00 00 08 01 01 06 02 0A 01 0F 00 07 09 0B 03 03 03 0C 00 03 09 09 02 0A 00 00 02 05 09 00 04 0E 00 00 01 0E 09 02 03 06 
msec 35
sysex 43 50 00 05 05 00 7E 00 00 03 0A 09 0B 03 0B 00 00 00 05 03 0F 00 00 00 0F 03 03 00 00 00 00 09 0E 04 0E 07 0E 00 05 09 09 02 03 05 09 00 00 02 0A 02 04 00 00 09 0A 02 0A 06 00 00 00 09 0C 02 0F 05 06 00 05 09 0B 
msec 35
sysex 43 50 00 05 05 00 7F 02 0F 05 0C 00 02 09 0E 05 01 07 00 00 03 09 09 02 0A 00 00 00 00 02 03 00 00 08 01 01 06 02 0A 01 0C 00 00 09 0E 05 00 06 02 00 07 05 03 05 00 00 03 09 09 02 0A 00 00 00 0F 09 0E 05 01 00 00 
msec 35
sysex 43 50 00 05 05 01 00 00 05 04 0E 00 00 07 0D 04 0E 05 06 00 05 09 09 02 0A 01 0D 00 02 09 0E 05 01 04 09 00 03 09 0B 03 06 04 05 00 05 09 09 02 0A 00 00 00 05 09 0E 05 03 00 00 01 0B 05 00 00 00 02 01 09 0C 02 0F 
msec 35
sysex 43 50 00 05 05 01 01 00 00 04 08 09 0E 04 0E 00 00 00 03 04 0C 07 00 00 0A 09 09 02 06 06 03 00 00 02 0A 02 01 00 00 09 0C 03 0B 05 00 00 02 09 0E 05 00 07 00 00 03 05 01 00 00 00 02 09 0B 03 03 05 0C 00 03 09 09 
msec 35
sysex 43 50 00 05 05 01 02 02 0A 00 00 00 00 02 06 00 00 00 00 09 0C 04 02 05 0E 00 0A 04 05 06 06 03 0C 09 0A 02 0A 00 00 02 0F 09 0C 03 0B 00 00 00 05 09 0E 05 00 00 00 00 05 09 0C 04 02 00 00 00 0A 04 05 00 00 00 03 
msec 35
sysex 43 50 00 05 05 01 03 09 0E 04 0E 06 04 00 02 09 0B 03 06 00 00 00 05 09 0E 05 01 05 02 00 03 09 09 02 0A 01 0A 00 02 09 0B 03 06 05 00 00 08 09 09 02 0A 00 00 00 0A 09 0E 04 0C 00 00 08 01 00 04 04 0C 05 09 00 03 
msec 35
sysex 43 50 00 05 05 01 04 04 0E 00 00 00 02 05 00 04 08 00 03 09 09 02 0A 01 0E 00 02 09 0B 03 0B 05 0F 00 08 09 09 02 0A 00 00 00 02 09 0E 05 01 00 00 07 01 05 00 00 00 00 0A 09 0B 03 03 00 00 00 05 02 0F 00 00 00 0A 
msec 35
sysex 43 50 00 05 05 01 05 03 06 00 00 00 05 03 0B 00 00 00 00 09 0E 04 0B 07 01 00 02 04 0E 06 02 00 03 09 09 02 03 05 09 00 00 02 0A 02 01 00 00 09 0A 02 03 05 0E 00 00 09 0C 02 0F 05 00 00 07 09 0B 04 02 06 00 00 03 
msec 35
sysex 43 50 00 05 05 01 06 09 09 02 0A 00 00 00 00 02 03 00 00 01 04 09 0E 04 0C 00 00 07 0A 05 00 05 01 00 08 09 09 02 0A 02 00 00 00 09 0B 03 0B 04 0C 00 02 09 0E 04 0C 05 0C 00 08 09 09 02 0A 00 00 00 00 09 0E 04 0E 
msec 35
sysex 43 50 00 05 05 01 07 00 00 00 07 04 0B 00 00 08 01 00 0A 04 0B 06 03 00 00 04 0E 04 06 00 05 09 09 02 0A 02 00 00 00 09 0B 03 06 04 0B 00 0A 09 09 02 0A 00 00 01 04 09 0E 04 0C 00 00 00 07 05 00 00 00 02 06 09 0C 
msec 35
sysex 43 50 00 05 05 01 08 02 0F 00 00 03 09 09 0E 04 0E 00 00 00 0F 09 0B 03 0B 00 00 00 03 09 0E 04 0C 06 04 00 02 09 0B 03 06 00 00 00 05 09 0E 04 09 07 03 00 03 09 09 02 06 06 03 00 00 02 0A 02 02 00 00 09 0B 03 0F 
msec 35
sysex 43 50 00 05 05 01 09 05 06 00 00 09 0C 03 0B 05 01 00 05 09 0B 04 02 00 00 00 05 09 09 02 0A 00 00 00 00 02 06 00 00 00 00 09 0C 04 02 05 0E 00 0A 04 05 06 07 00 05 09 0E 04 0B 00 00 03 07 09 0A 02 03 00 00 02 0F 
msec 35
sysex 43 50 00 05 05 01 0A 09 0C 03 0B 00 00 00 0A 04 02 00 00 00 05 09 0E 04 0E 05 05 00 05 09 0C 04 05 00 00 00 03 09 0E 04 09 00 00 00 05 04 0B 06 00 00 05 09 09 02 0A 01 0B 00 00 09 0B 03 0B 04 07 00 05 09 0E 04 0C 
msec 35
sysex 43 50 00 05 05 01 0B 00 00 00 05 09 09 02 0A 00 00 08 01 00 02 09 0E 04 0E 00 00 00 07 04 0C 04 0C 00 0A 04 09 05 09 00 03 09 09 02 0A 01 0F 00 07 09 0B 03 03 03 0C 00 03 09 09 02 0A 00 00 00 0A 09 0E 04 0B 00 00 
msec 35
sysex 43 50 00 05 05 01 0C 06 0E 04 09 00 00 00 05 09 0B 03 0B 00 00 00 05 03 0F 00 00 00 07 09 0E 04 0C 00 00 00 05 09 01 04 02 00 00 00 00 03 0F 00 00 00 00 03 0B 00 00 00 00 09 0D 04 02 00 00 00 00 03 0F 00 00 00 00 
msec 35
sysex 43 50 00 05 05 01 0D 03 0B 00 00 00 03 09 0B 03 03 00 00 00 00 09 0E 04 0B 06 02 00 05 09 01 03 0B 05 0F 00 00 03 0F 05 0F 00 00 04 02 05 0F 00 00 09 09 02 03 05 09 00 00 02 0A 02 04 00 00 09 0A 02 0F 06 00 00 00 
msec 35
sysex 43 50 00 05 05 01 0E 09 0C 02 0F 05 06 00 00 09 0D 03 0B 05 0F 00 00 03 0F 05 0F 00 00 04 02 05 0F 00 02 09 00 05 03 06 04 00 00 09 0B 02 0F 05 0B 00 00 09 0E 04 07 06 0D 00 08 09 09 02 0A 00 00 00 00 02 03 00 00 
msec 35
sysex 43 50 00 05 05 01 0F 00 07 09 02 03 0B 06 00 08 01 00 0F 09 09 02 0A 01 0C 00 0A 02 0A 00 00 08 01 01 06 02 0A 01 0D 00 0A 02 0A 00 00 04 01 09 0C 02 0F 00 00 00 02 09 0E 04 0B 00 00 05 03 09 09 02 06 06 03 00 00 
msec 35
sysex 43 50 00 05 05 01 10 02 0A 02 01 00 00 09 0C 03 0B 05 00 00 02 09 0B 03 03 05 0C 00 08 09 09 02 0A 00 00 00 00 02 06 00 00 00 00 09 0C 04 02 05 0E 00 0A 04 05 06 06 03 0C 09 0A 02 0F 00 00 02 0F 09 0C 03 0B 00 00 
msec 35
sysex 43 50 00 05 05 01 11 00 0A 04 02 00 00 00 0A 04 05 00 00 00 0D 09 09 02 0A 01 0A 00 00 09 0B 03 06 05 00 00 0A 09 09 02 0A 00 00 08 01 01 06 02 0A 01 0E 00 05 09 0B 03 0B 05 09 00 05 09 09 02 0A 00 00 02 00 09 0E 
msec 35
sysex 43 50 00 05 05 01 12 04 07 00 00 05 08 09 0B 03 03 00 00 00 07 02 0F 00 00 00 0A 03 06 00 00 00 0A 03 0B 00 00 00 03 09 09 02 03 05 09 00 00 02 0A 02 01 00 00 09 0A 02 0A 05 0D 00 00 09 0C 02 0F 05 00 00 05 09 0B 
msec 35
sysex 43 50 00 05 05 01 13 03 0F 06 00 00 05 09 09 02 0A 00 00 00 00 02 03 00 00 08 01 01 06 02 0A 02 00 00 07 09 0B 03 0B 04 0C 00 03 09 09 02 0A 00 00 08 01 01 06 02 0A 02 00 00 05 09 0B 03 06 04 0B 00 05 09 09 02 0A 
msec 35
sysex 43 50 00 05 05 01 14 00 00 04 01 09 0C 02 0F 00 00 02 03 09 00 05 03 00 00 00 0F 09 02 03 0B 00 00 01 0E 09 0B 03 0B 00 00 00 02 03 06 00 00 00 03 09 09 02 06 06 03 00 00 02 0A 02 02 00 00 09 0B 03 0B 05 06 00 00 
msec 35
sysex 43 50 00 05 05 01 15 09 0C 03 0B 05 01 00 02 09 0B 03 0F 00 00 00 05 09 00 05 01 06 02 00 03 09 09 02 0A 00 00 00 00 02 06 00 00 00 00 09 0C 04 02 05 0E 00 0A 04 05 06 07 00 0A 09 02 03 09 05 0E 03 02 09 0A 02 0A 
msec 35
sysex 43 50 00 05 05 01 16 00 00 02 0F 09 0C 03 0B 00 00 00 0A 04 02 00 00 00 0A 04 05 00 00 00 0D 09 09 02 0A 01 0B 00 05 09 0B 03 06 04 07 00 05 09 09 02 0A 00 00 08 01 01 06 02 0A 01 0F 00 07 09 0B 03 03 03 0C 00 03 
msec 35
sysex 43 50 00 05 05 01 17 09 09 02 0A 00 00 08 01 00 02 09 0B 03 06 00 00 00 00 03 0B 00 00 00 0A 09 00 05 01 00 00 00 05 09 0B 03 03 00 00 00 05 09 09 02 03 05 09 00 00 02 0A 02 04 00 00 09 0A 02 0F 06 00 00 00 09 0C 
msec 35
sysex 43 50 00 05 05 01 18 02 0F 05 06 00 02 09 0B 02 0F 05 0B 00 08 09 09 02 0A 00 00 00 00 02 03 00 00 00 02 09 02 03 09 00 00 00 0A 09 00 05 00 06 0A 00 05 09 02 03 08 06 06 08 01 00 05 09 09 02 0A 01 0C 00 0A 02 0A 
msec 35
sysex 43 50 00 05 05 01 19 00 00 08 01 01 06 02 0A 01 0D 00 02 09 0B 03 06 04 05 00 08 09 09 02 0A 00 00 04 01 09 0C 02 0F 00 00 05 05 09 09 02 06 06 03 00 00 02 0A 02 01 00 00 09 0C 03 0B 05 00 00 07 09 0B 03 03 05 0C 
msec 35
sysex 43 50 00 05 05 01 1A 00 03 09 09 02 0A 00 00 00 00 02 06 00 00 00 00 09 0C 04 02 05 0E 00 0A 04 05 06 06 03 0C 09 0A 02 0F 00 00 02 0F 09 0C 03 0B 00 00 00 0A 04 02 00 00 00 0A 04 05 00 00 00 03 09 0B 03 06 00 00 
msec 35
sysex 43 50 00 05 05 01 1B 00 0A 09 09 02 0A 01 0A 00 02 09 0B 03 06 05 00 00 08 09 09 02 0A 00 00 08 01 01 06 02 0A 01 0E 00 07 09 0B 03 0B 05 09 00 03 09 09 02 0A 00 00 07 0D 09 00 05 00 00 00 00 00 09 0B 03 03 00 00 
msec 35
sysex 43 50 00 05 05 01 1C 00 02 02 0F 00 00 00 0D 03 06 00 00 00 0A 09 09 02 03 05 09 00 00 02 0A 02 01 00 00 09 0A 02 0A 05 0D 00 00 09 0B 03 0B 00 00 00 00 09 0C 02 0F 05 00 00 02 09 02 03 08 00 00 00 05 09 0B 03 0F 
msec 35
sysex 43 50 00 05 05 01 1D 06 00 00 03 09 09 02 0A 00 00 00 00 02 03 00 00 00 05 09 00 04 0E 06 08 00 0A 09 02 03 06 06 04 08 01 00 07 09 09 02 0A 02 00 00 07 09 0B 03 0B 04 0C 00 03 09 09 02 0A 00 00 08 01 01 06 02 0A 
msec 35
sysex 43 50 00 05 05 01 1E 02 00 00 07 09 0B 03 06 04 0B 00 03 09 09 02 0A 00 00 04 01 09 0C 02 0F 00 00 05 00 09 0B 03 0B 00 00 00 05 09 09 02 06 06 03 00 00 02 0A 02 02 00 00 09 0B 03 06 00 00 00 00 09 0C 03 0B 05 01 
msec 35
sysex 43 50 00 05 05 01 1F 00 05 09 0B 03 0F 00 00 00 02 03 0B 05 06 00 03 09 09 02 0A 00 00 00 00 02 06 00 00 00 00 09 0C 04 02 05 0E 00 0A 04 05 06 07 03 0C 09 0A 02 0A 00 00 02 0F 09 0C 03 0B 00 00 00 0A 04 02 00 00 
msec 35
sysex 43 50 00 05 05 01 20 00 0A 04 05 00 00 00 0D 09 09 02 0A 01 0B 00 05 09 0B 03 06 04 07 00 05 09 09 02 0A 00 00 08 01 01 06 02 0A 01 0F 00 07 09 0B 03 03 03 0C 00 03 09 09 02 0A 00 00 06 06 09 00 04 0E 00 00 01 0C 
msec 35
sysex 43 50 00 05 05 01 21 09 0B 03 06 00 00 00 07 03 0B 00 00 00 03 09 02 03 06 00 00 00 02 09 01 04 02 00 00 00 00 03 0F 00 00 00 00 03 0B 00 00 00 00 09 0D 04 02 00 00 00 00 03 0F 00 00 00 00 03 0B 00 00 00 03 09 0B 
msec 35
sysex 43 50 00 05 05 01 22 03 03 00 00 00 05 09 01 03 0D 05 0F 00 00 04 00 05 0F 00 00 04 05 05 0F 00 00 09 09 02 03 05 09 00 00 02 0A 02 04 00 00 09 0A 02 0D 06 02 00 00 09 0C 02 0D 05 06 00 00 09 0D 03 0D 05 0F 00 00 
msec 35
sysex 43 50 00 05 05 01 23 04 00 05 0F 00 00 04 05 05 0F 00 07 09 00 05 01 06 0D 00 00 09 0B 02 0D 05 0B 00 03 09 09 02 0A 00 00 00 00 02 03 00 00 01 04 09 02 03 09 06 09 08 01 00 02 09 09 02 0A 01 0C 00 0A 02 0A 00 00 
msec 35
sysex 43 50 00 05 05 01 24 08 01 01 06 02 0A 01 0D 00 02 09 0B 03 04 04 05 00 08 09 09 02 0A 00 00 04 01 09 0C 02 0D 00 00 05 05 09 09 02 06 06 03 00 00 02 0A 02 01 00 00 09 0B 03 01 05 0C 00 00 09 0C 03 0D 05 00 00 00 
msec 35
sysex 43 50 00 05 05 01 25 0F 0F 07 0F 00 07 04 03 07 0B 00 01 03 06 00 00 07 0F 07 0F 00 0A 09 09 02 0A 00 00 00 00 02 06 00 00 00 00 09 0C 04 00 05 0E 00 0A 04 05 06 06 06 0B 03 0D 00 00 00 0A 04 00 00 00 00 0A 04 05 
msec 35
sysex 43 50 00 05 05 01 26 00 00 00 03 09 0B 03 04 00 00 00 0A 09 09 02 0A 01 0A 00 00 09 0B 03 04 05 00 00 0A 09 09 02 0A 00 00 01 0E 09 0A 02 0D 00 00 07 08 09 09 02 0A 01 0E 00 00 09 0B 03 09 05 0F 00 0A 09 09 02 0A 
msec 35
sysex 43 50 00 05 05 01 27 00 00 07 05 09 0B 03 01 00 00 00 0F 02 0D 00 00 00 05 03 04 00 00 00 05 09 01 04 05 00 00 00 00 03 0D 00 00 00 00 09 0B 03 09 00 00 00 00 09 0D 04 05 00 00 00 00 03 0D 00 00 00 05 09 00 05 01 
msec 35
sysex 43 50 00 05 05 01 28 00 00 00 03 09 01 03 0B 05 0F 00 00 04 04 05 0F 00 00 09 09 02 03 05 09 00 00 02 0A 02 01 00 00 09 0A 02 0C 05 0B 00 00 09 0C 02 0C 05 00 00 00 09 0D 03 0B 05 0F 00 00 04 04 05 0F 00 00 0F 0F 
msec 35
sysex 43 50 00 05 05 01 29 07 0F 00 07 04 03 07 0B 00 01 03 03 00 00 07 0F 07 0F 00 05 09 00 05 00 06 0D 00 02 09 0B 04 00 05 0F 00 03 09 09 02 0A 00 00 00 00 02 03 00 00 00 07 09 02 03 08 06 09 00 03 03 09 00 00 08 01 
msec 35
sysex 43 50 00 05 05 01 2A 00 0C 09 09 02 0A 02 00 00 02 09 0B 03 0B 04 0C 00 08 09 09 02 0A 00 00 08 01 01 06 02 0A 02 00 00 07 09 0B 03 08 04 0B 00 03 09 09 02 0A 00 00 04 01 09 0C 02 0C 00 00 04 01 09 0B 04 00 00 00 
msec 35
sysex 43 50 00 05 05 01 2B 00 0A 03 0B 00 00 00 0A 09 09 02 06 06 03 00 00 02 0A 02 02 00 00 09 0B 03 08 00 00 00 00 03 0B 05 05 00 00 09 0C 03 0B 05 01 00 0A 09 09 02 0A 00 00 00 00 02 06 00 00 00 00 09 0C 04 00 05 0E 
msec 35
sysex 43 50 00 05 05 01 2C 00 0A 04 04 06 07 06 0B 03 0B 00 00 00 0A 04 00 00 00 00 0A 04 04 00 00 00 0D 09 09 02 0A 01 0B 00 07 09 0B 03 08 04 07 00 03 09 09 02 0A 00 00 01 0E 09 0A 02 0C 00 00 07 08 09 09 02 0A 01 0F 
msec 35
sysex 43 50 00 05 05 01 2D 00 05 09 0B 03 04 03 0C 00 05 09 09 02 0A 00 00 07 00 09 0B 03 0B 00 00 01 04 03 08 00 00 00 0A 09 00 05 00 00 00 00 00 09 01 04 04 00 00 00 00 03 0B 00 00 00 00 04 00 00 00 00 00 09 0B 03 04 
msec 35
sysex 43 50 00 05 05 01 2E 00 00 00 00 09 0D 04 04 00 00 00 00 03 0B 00 00 00 00 04 00 00 00 00 08 09 00 04 0E 06 0D 00 00 09 01 03 0B 05 0F 00 00 03 0F 05 0F 00 00 04 02 05 0F 00 00 09 09 02 03 05 09 00 00 02 0A 02 04 
msec 35
sysex 43 50 00 05 05 01 2F 00 00 09 0A 02 0A 06 00 00 00 09 0C 02 0A 05 06 00 00 09 0D 03 0B 05 0F 00 00 03 0F 05 0F 00 00 04 02 05 0F 00 02 09 0B 02 0F 05 0B 00 03 09 02 03 08 00 00 00 00 03 06 06 09 00 05 09 09 02 0A 
msec 35
sysex 43 50 00 05 05 01 30 00 00 00 00 02 03 00 00 08 01 01 06 02 0A 01 0C 00 0A 02 0A 00 00 08 01 00 0E 09 00 04 0E 00 00 00 05 09 02 03 06 00 00 00 03 09 09 02 0A 01 0D 00 02 09 00 05 00 06 0B 00 00 09 0B 03 06 04 05 
msec 35
sysex 43 50 00 05 05 01 31 00 08 09 09 02 0A 00 00 00 0C 09 02 03 08 06 07 03 05 09 0C 02 0A 00 00 05 05 09 09 02 06 06 03 00 00 02 0A 02 01 00 00 09 0C 03 0B 05 00 00 00 0F 0F 07 0F 00 07 04 03 07 0B 00 01 03 07 00 00 
msec 35
sysex 43 50 00 05 05 01 32 07 0F 07 0F 00 07 09 0B 03 03 05 0C 00 03 09 09 02 0A 00 00 00 00 02 06 00 00 00 00 09 0C 03 0F 05 0E 00 0A 04 02 06 06 06 0B 03 0B 00 00 00 0A 03 0F 00 00 00 0A 04 02 00 00 00 03 09 0B 03 06 
msec 35
sysex 43 50 00 05 05 01 33 00 00 00 02 09 00 05 00 00 00 00 08 04 0E 06 04 00 00 09 09 02 0A 01 0A 00 02 09 0B 03 06 05 00 00 05 09 02 03 06 06 00 00 03 09 09 02 0A 00 00 00 02 09 02 03 08 00 00 01 0C 09 0A 02 0A 00 00 
msec 35
sysex 43 50 00 05 05 01 34 07 08 09 09 02 0A 01 0E 00 07 09 0B 03 0B 05 09 00 03 09 09 02 0A 00 00 07 0D 09 0B 03 03 00 00 00 02 02 0F 00 00 00 0D 03 06 00 00 00 02 09 00 04 0E 00 00 00 00 09 01 04 02 00 00 00 00 03 0F 
msec 35
sysex 43 50 00 05 05 01 35 00 00 00 00 03 0B 00 00 00 00 09 0D 04 02 00 00 00 00 03 0F 00 00 00 00 03 0B 00 00 00 08 09 01 03 08 05 0F 00 00 03 0B 05 0F 00 00 04 00 05 0F 00 00 09 02 03 06 00 00 00 00 09 09 02 03 05 09 
msec 35
sysex 43 50 00 05 05 01 36 00 00 02 0A 02 01 00 00 09 0A 02 08 05 0D 00 00 09 0B 03 0B 00 00 00 00 09 0C 02 08 05 00 00 00 09 0D 03 08 05 0F 00 00 03 0B 05 0F 00 00 04 00 05 0F 00 00 0F 0F 07 0F 00 07 04 03 07 0B 00 01 
msec 35
sysex 43 50 00 05 05 01 37 03 03 00 00 07 0F 07 0F 00 07 09 00 04 0C 06 02 00 00 09 02 03 04 05 0E 00 00 09 0B 04 00 06 00 00 03 09 09 02 0A 00 00 00 00 02 03 00 00 08 01 01 06 02 0A 02 00 00 07 09 0B 03 0B 04 0C 00 03 
msec 35
sysex 43 50 00 05 05 01 38 09 09 02 0A 00 00 08 01 01 06 02 0A 02 00 00 07 09 0B 03 08 04 0B 00 03 09 09 02 0A 00 00 04 01 09 0C 02 08 00 00 05 00 09 0B 03 0B 00 00 00 05 09 09 02 06 06 03 00 00 02 0A 02 02 00 00 09 0B 
msec 35
sysex 43 50 00 05 05 01 39 03 08 00 00 00 00 09 0C 03 0B 05 01 00 05 09 0B 04 00 00 00 00 02 03 0B 05 06 00 03 09 09 02 0A 00 00 00 00 02 06 00 00 00 00 09 0C 04 00 05 0E 00 0A 04 04 06 07 06 0B 03 0B 00 00 00 0A 04 00 
msec 35
sysex 43 50 00 05 05 01 3A 00 00 00 0A 04 04 00 00 00 0D 09 09 02 0A 01 0B 00 02 09 00 04 0C 00 00 00 00 09 02 03 04 00 00 00 03 09 0B 03 08 04 07 00 05 09 09 02 0A 00 00 01 0E 09 0A 02 08 00 00 07 08 09 09 02 0A 01 0F 
msec 35
sysex 43 50 00 05 05 01 3B 00 07 09 0B 03 04 03 0C 00 03 09 09 02 0A 00 00 08 01 00 02 09 0B 03 08 00 00 00 07 03 0B 00 00 00 05 09 01 04 00 00 00 00 00 03 0B 00 00 00 00 03 08 00 00 00 00 09 0D 04 00 00 00 00 00 03 0B 
msec 35
sysex 43 50 00 05 05 01 3C 00 00 00 00 03 08 00 00 00 03 09 0B 03 04 00 00 00 05 09 00 04 0C 06 0B 00 00 09 01 03 0B 05 0F 00 00 04 00 05 0F 00 00 04 04 07 05 00 00 09 02 03 04 06 07 00 00 09 09 02 03 05 09 00 00 02 0A 
msec 35
sysex 43 50 00 05 05 01 3D 02 04 00 00 09 0A 02 08 06 01 00 00 09 0C 03 04 05 06 00 00 09 0D 03 0B 05 0F 00 00 04 00 05 0F 00 00 04 04 07 05 00 07 09 0B 02 08 05 0C 00 03 09 09 02 0A 00 00 00 00 02 03 00 00 08 01 01 06 
msec 35
sysex 43 50 00 05 05 01 3E 02 0A 01 0C 00 0A 02 0A 00 00 08 01 01 06 02 0A 01 0D 00 0A 02 0A 00 00 04 01 09 0C 03 04 00 00 05 05 09 09 02 06 06 03 00 00 02 0A 02 01 00 00 09 0C 03 0B 05 00 00 05 09 0B 03 04 05 0C 00 05 
msec 35
sysex 43 50 00 05 05 01 3F 09 09 02 0A 00 00 00 00 02 06 00 00 00 00 09 0C 04 00 05 0E 00 0A 04 04 06 06 03 0C 09 0A 02 08 00 00 02 0F 09 0C 03 0B 00 00 00 0A 04 00 00 00 00 0A 04 04 00 00 00 0D 09 09 02 0A 01 0A 00 00 
msec 35
sysex 43 50 00 05 05 01 40 09 0B 03 08 05 00 00 0A 09 09 02 0A 00 00 08 01 01 06 02 0A 01 0E 00 00 09 0B 03 0B 05 09 00 0A 09 09 02 0A 00 00 07 0A 09 0B 03 04 00 00 00 0A 02 08 00 00 00 05 03 08 00 00 00 05 03 0B 00 00 
msec 35
sysex 43 50 00 05 05 01 41 00 08 09 09 02 03 05 09 00 00 02 0A 02 01 00 00 09 0A 02 03 05 0F 00 00 09 0C 03 04 05 00 00 02 09 0B 04 00 06 00 00 08 09 09 02 0A 00 00 00 00 02 03 00 00 08 01 01 06 02 0A 02 00 00 02 09 0B 
msec 35
sysex 43 50 00 05 05 01 42 03 0B 04 0C 00 08 09 09 02 0A 00 00 07 0D 09 00 04 0C 00 00 01 09 09 09 02 0A 02 00 00 00 09 0B 03 08 04 0B 00 0A 09 09 02 0A 00 00 04 01 09 0C 03 04 00 00 04 0B 09 0B 03 0B 00 00 00 02 03 08 
msec 35
sysex 43 50 00 05 05 01 43 00 00 00 05 09 02 03 04 00 00 00 03 09 09 02 06 06 03 00 00 02 0A 02 02 00 00 09 0B 04 00 00 00 00 00 09 0C 03 0B 05 01 00 02 09 0B 03 0B 05 06 00 08 09 09 02 0A 00 00 00 00 02 06 00 00 00 00 
msec 35
sysex 43 50 00 05 05 01 44 09 0C 04 00 05 0E 00 02 09 00 04 0C 07 00 00 00 09 02 03 04 06 02 00 08 09 0C 04 04 06 07 03 0C 09 0A 02 03 00 00 02 0F 09 0C 03 0B 00 00 00 0A 04 00 00 00 00 0A 04 04 00 00 00 0D 09 09 02 0A 
msec 35
sysex 43 50 00 05 05 01 45 01 0B 00 07 09 0B 03 08 04 07 00 03 09 09 02 0A 00 00 08 01 01 06 02 0A 01 0F 00 00 09 0B 03 04 03 0C 00 0A 09 09 02 0A 00 00 06 0E 09 00 04 0C 00 00 00 00 09 02 03 04 00 00 01 06 09 0B 03 08 
msec 35
sysex 43 50 00 05 05 01 46 00 00 00 00 03 0B 00 00 00 05 03 04 00 00 00 0D 09 09 02 03 05 09 00 00 02 0A 02 04 00 00 09 0A 02 08 05 0A 00 00 09 0C 03 04 05 03 00 02 09 0B 02 08 05 0C 00 08 09 09 02 0A 00 00 00 00 02 03 
msec 35
sysex 43 50 00 05 05 01 47 00 00 01 01 09 00 04 0C 06 09 00 00 09 02 03 04 05 0E 08 01 00 05 09 09 02 0A 01 0C 00 0A 02 0A 00 00 08 01 01 06 02 0A 01 0D 00 02 09 0B 03 08 04 05 00 08 09 09 02 0A 00 00 04 01 09 0C 03 04 
msec 35
sysex 43 50 00 05 05 01 48 00 00 05 05 09 09 02 06 06 03 00 00 02 0A 02 01 00 00 09 0B 03 04 05 0C 00 00 09 0C 03 0B 04 0A 00 0A 09 09 02 0A 00 00 00 00 02 06 00 00 00 00 09 0C 04 00 05 0D 00 0A 04 04 06 05 03 0C 09 0A 
msec 35
sysex 43 50 00 05 05 01 49 02 08 00 00 02 0F 09 0C 03 0B 00 00 00 0A 04 00 00 00 00 0A 04 04 00 00 00 03 09 0B 03 08 00 00 00 0A 09 09 02 0A 01 0A 00 07 09 0B 03 08 05 00 00 03 09 09 02 0A 00 00 03 07 09 00 04 0C 00 00 
msec 35
sysex 43 50 00 05 05 01 4A 00 00 09 02 03 04 00 00 00 0F 09 00 04 0C 06 08 00 00 09 02 03 04 05 0F 05 00 09 09 02 0A 01 0E 00 00 09 0B 03 0B 05 09 00 0A 09 09 02 0A 00 00 07 05 09 0B 03 04 00 00 00 0A 02 08 00 00 00 08 
msec 35
sysex 43 50 00 05 05 01 4B 09 00 04 0C 00 00 00 00 09 02 03 04 00 00 00 07 09 01 04 04 00 00 00 00 09 0B 03 0B 00 00 00 00 09 0D 04 04 00 00 00 03 09 0B 03 08 00 00 00 05 09 01 04 05 07 05 00 00 09 09 02 03 05 09 00 00 
msec 35
sysex 43 50 00 05 05 01 4C 02 0A 02 01 00 00 09 0A 02 03 05 0B 00 00 09 0C 03 04 05 03 00 00 09 0D 04 05 07 05 00 07 09 0B 04 00 06 00 00 03 09 09 02 0A 00 00 00 00 02 03 00 00 00 0A 09 00 04 0E 06 08 00 00 09 02 03 06 
msec 35
sysex 43 50 00 05 05 01 4D 06 01 08 01 00 0C 09 09 02 0A 02 00 00 05 09 0B 03 0B 04 0C 00 05 09 09 02 0A 00 00 08 01 01 06 02 0A 02 00 00 07 09 0B 03 08 04 0B 00 03 09 09 02 0A 00 00 04 01 09 0C 03 04 00 00 03 0E 09 00 
msec 35
sysex 43 50 00 05 05 01 4E 04 0E 00 00 00 00 09 02 03 06 00 00 00 0F 09 01 04 05 00 00 00 00 09 0B 03 0B 00 00 00 00 09 0D 04 05 00 00 00 08 09 01 04 07 07 05 00 00 09 09 02 06 06 03 00 00 02 0A 02 02 00 00 09 0B 03 08 
msec 35
sysex 43 50 00 05 05 01 4F 00 00 00 00 09 0C 03 0B 05 04 00 00 09 0D 04 07 07 05 00 05 09 00 05 00 06 09 00 00 09 02 03 08 06 03 00 00 09 0B 04 00 00 00 00 00 03 0B 05 06 00 05 09 09 02 0A 00 00 00 00 02 06 00 00 00 00 
msec 35
sysex 43 50 00 05 05 01 50 09 0C 04 00 06 00 00 0A 04 04 06 03 03 0C 09 0A 02 03 00 00 02 0F 09 0C 03 0B 00 00 00 0A 04 00 00 00 00 0A 04 04 00 00 00 0D 09 09 02 0A 01 0B 00 02 09 0B 03 08 04 07 00 08 09 09 02 0A 00 00 
msec 35
sysex 43 50 00 05 05 01 51 08 01 01 06 02 0A 01 0F 00 05 09 0B 03 04 03 0C 00 05 09 09 02 0A 00 00 07 0F 09 0B 03 08 00 00 00 08 03 0B 00 00 00 07 09 01 04 07 00 00 00 00 04 00 00 00 00 00 03 0B 00 00 00 00 09 0B 03 04 
msec 35
sysex 43 50 00 05 05 01 52 00 00 00 00 09 0D 04 07 00 00 00 00 04 00 00 00 00 00 03 0B 00 00 00 08 09 01 03 0B 05 0F 00 00 03 0F 05 0F 00 00 04 05 06 0B 00 00 09 09 02 03 05 09 00 00 02 0A 02 04 00 00 09 0A 02 0A 05 0D 
msec 35
sysex 43 50 00 05 05 01 53 00 00 09 0C 02 0F 05 06 00 00 09 0D 03 0B 05 0F 00 00 03 0F 05 0F 00 00 04 05 06 0B 00 02 09 00 05 00 00 00 00 00 09 02 03 08 00 00 00 03 09 0B 02 0F 05 0C 00 05 09 00 04 0E 06 04 00 00 09 09 
msec 35
sysex 43 50 00 05 05 01 54 02 0A 00 00 00 00 02 03 00 00 01 0E 09 02 03 06 06 00 07 08 09 09 02 0A 01 0C 00 0A 02 0A 00 00 08 01 01 06 02 0A 01 0D 00 05 09 0B 03 06 04 05 00 05 09 09 02 0A 00 00 04 01 09 0C 02 0F 00 00 
msec 35
sysex 43 50 00 05 05 01 55 05 05 09 09 02 06 06 03 00 00 02 0A 02 01 00 00 09 0C 03 0B 05 00 00 00 0F 0F 07 0F 00 07 04 03 07 0B 00 01 03 07 00 00 07 0F 07 0F 00 07 09 0B 03 03 05 0C 00 03 09 09 02 0A 00 00 00 00 02 06 
msec 35
sysex 43 50 00 05 05 01 56 00 00 00 00 09 0C 04 02 05 0E 00 0A 04 05 06 06 03 0C 09 0A 02 0A 00 00 02 0F 09 0C 03 0B 00 00 00 0A 04 02 00 00 00 0A 04 05 00 00 00 05 09 0B 03 06 00 00 00 08 09 09 02 0A 01 0A 00 02 09 0B 
msec 35
sysex 43 50 00 05 05 01 57 03 06 05 00 00 08 09 09 02 0A 00 00 08 01 01 06 02 0A 01 0E 00 02 09 0B 03 0B 05 0F 00 08 09 09 02 0A 00 00 07 0D 09 0B 03 03 00 00 00 05 02 0F 00 00 00 0A 03 06 00 00 00 05 03 0B 00 00 00 05 
msec 35
sysex 43 50 00 05 05 01 58 09 09 02 03 05 09 00 00 02 0A 02 01 00 00 09 0A 02 03 05 0B 00 00 09 0C 02 0F 05 00 00 07 09 0B 04 02 06 00 00 03 09 09 02 0A 00 00 00 00 02 03 00 00 08 01 01 06 02 0A 02 00 00 00 09 0B 03 0B 
msec 35
sysex 43 50 00 05 05 01 59 04 0C 00 0A 09 09 02 0A 00 00 08 01 01 06 02 0A 02 00 00 00 09 0B 03 06 04 0B 00 0A 09 09 02 0A 00 00 04 01 09 0C 02 0F 00 00 04 08 09 0B 03 0B 00 00 00 05 03 06 00 00 00 08 09 09 02 06 06 03 
msec 35
sysex 43 50 00 05 05 01 5A 00 00 02 0A 02 02 00 00 09 0B 03 0F 05 06 00 00 09 0C 03 0B 05 01 00 05 09 0B 04 02 00 00 00 05 09 09 02 0A 00 00 00 00 02 06 00 00 00 00 09 0C 04 02 05 0E 00 0A 04 05 06 07 03 0C 09 0A 02 03 
msec 35
sysex 43 50 00 05 05 01 5B 00 00 02 0F 09 0C 03 0B 00 00 00 0A 04 02 00 00 00 0A 04 05 00 00 00 0D 09 09 02 0A 01 0B 00 00 09 0B 03 0B 04 07 00 0A 09 09 02 0A 00 00 08 01 01 06 02 0A 01 0F 00 07 09 0B 03 03 03 0C 00 03 
msec 35
sysex 43 50 00 05 05 01 5C 09 09 02 0A 00 00 02 05 09 00 04 0E 00 00 01 0E 09 02 03 06 00 00 03 0A 09 0B 03 0B 00 00 00 05 03 0F 00 00 00 0F 03 03 00 00 00 00 09 0E 04 0E 07 05 00 05 09 09 02 03 05 09 00 00 02 0A 02 04 
msec 35
sysex 43 50 00 05 05 01 5D 00 00 09 0A 02 0A 06 00 00 00 09 0C 02 0F 05 06 00 05 09 0B 02 0F 05 0C 00 02 09 0E 05 01 06 07 00 03 09 09 02 0A 00 00 00 00 02 03 00 00 08 01 01 06 02 0A 01 0C 00 00 09 0E 05 00 05 09 00 07 
msec 35
sysex 43 50 00 05 05 01 5E 05 03 04 07 00 03 09 09 02 0A 00 00 00 0F 09 0E 05 01 00 00 00 05 04 0E 00 00 07 0D 04 0E 04 0D 00 05 09 09 02 0A 01 0D 00 02 09 0E 05 01 04 00 00 03 09 0B 03 06 04 05 00 05 09 09 02 0A 00 00 
msec 35
sysex 43 50 00 05 05 01 5F 00 05 09 0E 05 03 00 00 01 0B 05 00 00 00 02 01 09 0C 02 0F 00 00 04 08 09 0E 04 0E 00 00 00 03 04 0C 06 07 00 0A 09 09 02 06 06 03 00 00 02 0A 02 01 00 00 09 0C 03 0B 05 00 00 02 09 0E 05 00 
msec 35
sysex 43 50 00 05 05 01 60 06 07 00 03 05 01 00 00 00 02 09 0B 03 03 05 0C 00 03 09 09 02 0A 00 00 00 00 02 06 00 00 00 00 09 0C 04 02 05 0E 00 0A 04 05 06 06 03 0C 09 0A 02 0A 00 00 02 0F 09 0C 03 0B 00 00 00 05 09 0E 
msec 35
sysex 43 50 00 05 05 01 61 05 00 00 00 00 05 09 0C 04 02 00 00 00 0A 04 05 00 00 00 03 09 0E 04 0E 05 0B 00 02 09 0B 03 06 00 00 00 05 09 0E 05 01 04 09 00 03 09 09 02 0A 01 0A 00 02 09 0B 03 06 05 00 00 08 09 09 02 0A 
msec 35
sysex 43 50 00 05 05 01 62 00 00 00 0A 09 0E 04 0C 00 00 08 01 00 04 04 0C 05 00 00 03 04 0E 00 00 00 02 05 00 03 0F 00 03 09 09 02 0A 01 0E 00 02 09 0B 03 0B 05 0F 00 08 09 09 02 0A 00 00 00 02 09 0E 05 01 00 00 07 01 
msec 35
sysex 43 50 00 05 05 01 63 05 00 00 00 00 0A 09 0B 03 03 00 00 00 05 02 0F 00 00 00 0A 03 06 00 00 00 02 09 01 04 05 00 00 00 00 09 0D 04 05 00 00 00 03 09 0B 03 0B 00 00 00 00 09 0E 04 0B 06 08 00 02 04 0E 05 09 00 03 
msec 35
sysex 43 50 00 05 05 01 64 09 01 03 06 06 03 00 00 09 09 02 03 05 09 00 00 02 0A 02 01 00 00 09 0A 02 03 05 0E 00 00 09 0C 02 0F 05 00 00 00 09 0D 03 06 06 03 00 07 09 0B 04 02 06 00 00 03 09 09 02 0A 00 00 00 00 02 03 
msec 35
sysex 43 50 00 05 05 01 65 00 00 01 04 09 0E 04 0C 00 00 07 0A 05 00 04 08 00 08 09 09 02 0A 02 00 00 00 09 0B 03 0B 04 0C 00 02 09 0E 04 0C 05 03 00 08 09 09 02 0A 00 00 00 00 09 0E 04 0E 00 00 00 07 04 0B 00 00 08 01 
msec 35
sysex 43 50 00 05 05 01 66 00 0A 04 0B 05 0A 00 00 04 0E 03 0D 00 05 09 09 02 0A 02 00 00 00 09 0B 03 06 04 0B 00 0A 09 09 02 0A 00 00 01 04 09 0E 04 0C 00 00 00 07 05 00 00 00 02 06 09 0C 02 0F 00 00 03 09 09 0E 04 0E 
msec 35
sysex 43 50 00 05 05 01 67 00 00 00 0F 09 0B 03 0B 00 00 00 03 09 0E 04 0C 05 0B 00 02 09 0B 03 06 00 00 00 05 09 0E 04 09 06 0A 00 03 09 09 02 06 06 03 00 00 02 0A 02 02 00 00 09 0B 03 0F 05 06 00 00 09 0C 03 0B 05 01 
msec 35
sysex 43 50 00 05 05 01 68 00 05 09 0B 04 02 00 00 00 05 09 09 02 0A 00 00 00 00 02 06 00 00 00 00 09 0C 04 02 05 0E 00 0A 04 05 06 07 00 05 09 0E 04 0B 00 00 03 07 09 0A 02 03 00 00 02 0F 09 0C 03 0B 00 00 00 0A 04 02 
msec 35
sysex 43 50 00 05 05 01 69 00 00 00 05 09 0E 04 0E 04 0C 00 05 09 0C 04 05 00 00 00 03 09 0E 04 09 00 00 00 05 04 0B 05 07 00 05 09 09 02 0A 01 0B 00 00 09 0B 03 0B 04 07 00 05 09 0E 04 0C 00 00 00 05 09 09 02 0A 00 00 
msec 35
sysex 43 50 00 05 05 01 6A 08 01 00 02 09 0E 04 0E 00 00 00 07 04 0C 04 03 00 0A 04 09 05 00 00 03 09 09 02 0A 01 0F 00 07 09 0B 03 03 03 0C 00 03 09 09 02 0A 00 00 00 0A 09 0E 04 0B 00 00 06 0E 04 09 00 00 00 05 09 0B 
msec 35
sysex 43 50 00 05 05 01 6B 03 0B 00 00 00 05 03 0F 00 00 00 07 09 0E 04 0C 00 00 00 05 09 01 03 06 00 00 00 00 03 0F 00 00 00 00 03 0B 00 00 00 00 09 0D 03 06 00 00 00 00 03 0F 00 00 00 00 03 0B 00 00 00 03 09 0B 03 03 
msec 35
sysex 43 50 00 05 05 01 6C 00 00 00 00 09 0E 04 0B 05 09 00 05 09 01 03 0B 05 0F 00 00 03 0F 05 0F 00 00 04 02 05 0F 00 00 09 09 02 03 05 09 00 00 02 0A 02 04 00 00 09 0A 02 0F 06 00 00 00 09 0C 02 0F 05 06 00 00 09 0D 
msec 35
sysex 43 50 00 05 05 01 6D 03 0B 05 0F 00 00 03 0F 05 0F 00 00 04 02 05 0F 00 02 09 00 05 03 06 04 00 00 09 0B 02 0F 05 0B 00 00 09 0E 04 07 06 04 00 08 09 09 02 0A 00 00 00 00 02 03 00 00 00 07 09 02 03 0B 06 00 08 01 
msec 35
sysex 43 50 00 05 05 01 6E 00 0F 09 09 02 0A 01 0C 00 0A 02 0A 00 00 08 01 01 06 02 0A 01 0D 00 0A 02 0A 00 00 04 01 09 0C 02 0F 00 00 00 02 09 0E 04 0B 00 00 05 03 09 09 02 06 06 03 00 00 02 0A 02 01 00 00 09 0C 03 0B 
msec 35
sysex 43 50 00 05 05 01 6F 05 00 00 02 09 0B 03 03 05 0C 00 08 09 09 02 0A 00 00 00 00 02 06 00 00 00 00 09 0C 04 02 05 0E 00 0A 04 05 06 06 03 0C 09 0A 02 0F 00 00 02 0F 09 0C 03 0B 00 00 00 0A 04 02 00 00 00 0A 04 05 
msec 35
sysex 43 50 00 05 05 01 70 00 00 00 0D 09 09 02 0A 01 0A 00 00 09 0B 03 06 05 00 00 0A 09 09 02 0A 00 00 08 01 01 06 02 0A 01 0E 00 05 09 0B 03 0B 05 09 00 05 09 09 02 0A 00 00 02 00 09 0E 04 07 00 00 05 08 09 0B 03 03 
msec 35
sysex 43 50 00 05 05 01 71 00 00 00 07 02 0F 00 00 00 0A 03 06 00 00 00 0A 03 0B 00 00 00 03 09 09 02 03 05 09 00 00 02 0A 02 01 00 00 09 0A 02 0A 05 0D 00 00 09 0C 02 0F 05 00 00 05 09 0B 03 0F 06 00 00 05 09 09 02 0A 
msec 35
sysex 43 50 00 05 05 01 72 00 00 00 00 02 03 00 00 08 01 01 06 02 0A 02 00 00 07 09 0B 03 0B 04 0C 00 03 09 09 02 0A 00 00 08 01 01 06 02 0A 02 00 00 05 09 0B 03 06 04 0B 00 05 09 09 02 0A 00 00 04 01 09 0C 02 0F 00 00 
msec 35
sysex 43 50 00 05 05 01 73 02 03 09 00 05 03 00 00 00 0F 09 02 03 0B 00 00 01 0E 09 0B 03 0B 00 00 00 02 03 06 00 00 00 03 09 09 02 06 06 03 00 00 02 0A 02 02 00 00 09 0B 03 0B 05 06 00 00 09 0C 03 0B 05 01 00 02 09 0B 
msec 35
sysex 43 50 00 05 05 01 74 03 0F 00 00 00 05 09 00 05 01 06 02 00 03 09 09 02 0A 00 00 00 00 02 06 00 00 00 00 09 0C 04 02 05 0E 00 0A 04 05 06 07 00 0A 09 02 03 09 05 0E 03 02 09 0A 02 0A 00 00 02 0F 09 0C 03 0B 00 00 
msec 35
sysex 43 50 00 05 05 01 75 00 0A 04 02 00 00 00 0A 04 05 00 00 00 0D 09 09 02 0A 01 0B 00 05 09 0B 03 06 04 07 00 05 09 09 02 0A 00 00 08 01 01 06 02 0A 01 0F 00 07 09 0B 03 03 03 0C 00 03 09 09 02 0A 00 00 08 01 00 02 
msec 35
sysex 43 50 00 05 05 01 76 09 0B 03 06 00 00 00 00 03 0B 00 00 00 0A 09 00 05 01 00 00 00 05 09 0B 03 03 00 00 00 05 09 09 02 03 05 09 00 00 02 0A 02 04 00 00 09 0A 02 0F 06 00 00 00 09 0C 02 0F 05 06 00 02 09 0B 02 0F 
msec 35
sysex 43 50 00 05 05 01 77 05 0B 00 08 09 09 02 0A 00 00 00 00 02 03 00 00 00 02 09 02 03 09 00 00 00 0A 09 00 05 00 06 0A 00 03 09 02 03 08 06 06 08 01 00 07 09 09 02 0A 01 0C 00 0A 02 0A 00 00 08 01 01 06 02 0A 01 0D 
msec 35
sysex 43 50 00 05 05 01 78 00 02 09 0B 03 06 04 05 00 08 09 09 02 0A 00 00 04 01 09 0C 02 0F 00 00 03 0C 09 00 05 00 00 00 01 09 09 09 02 06 06 03 00 00 02 0A 02 01 00 00 09 0C 03 0B 05 00 00 07 09 0B 03 03 05 0C 00 03 
msec 35
sysex 43 50 00 05 05 01 79 09 09 02 0A 00 00 00 00 02 06 00 00 00 00 09 0C 04 02 05 0E 00 02 09 02 03 08 00 00 00 08 09 0C 04 05 06 06 00 02 09 00 05 00 06 03 00 00 09 02 03 08 05 0F 03 0A 09 0A 02 0F 00 00 02 0F 09 0C 
msec 35
sysex 43 50 00 05 05 01 7A 03 0B 00 00 00 0A 04 02 00 00 00 0A 04 05 00 00 00 03 09 0B 03 06 00 00 00 0A 09 09 02 0A 01 0A 00 02 09 0B 03 06 05 00 00 08 09 09 02 0A 00 00 08 01 01 06 02 0A 01 0E 00 07 09 0B 03 0B 05 09 
msec 35
sysex 43 50 00 05 05 01 7B 00 03 09 09 02 0A 00 00 07 0D 09 00 05 00 00 00 00 00 09 02 03 08 00 00 00 00 09 0B 03 03 00 00 00 02 02 0F 00 00 00 0D 03 06 00 00 00 0A 09 00 04 0E 06 0D 00 00 09 02 03 06 06 09 00 00 09 09 
msec 35
sysex 43 50 00 05 05 01 7C 02 03 05 09 00 00 02 0A 02 01 00 00 09 0A 02 0A 05 0D 00 00 09 0B 03 0B 00 00 00 00 09 0C 02 0F 05 00 00 07 09 0B 03 0F 06 00 00 03 09 09 02 0A 00 00 00 00 02 03 00 00 08 01 01 06 02 0A 02 00 
msec 35
sysex 43 50 00 05 05 01 7D 00 07 09 0B 03 0B 04 0C 00 03 09 09 02 0A 00 00 08 01 00 0E 09 00 04 0E 00 00 00 00 09 02 03 06 00 00 00 08 09 09 02 0A 02 00 00 07 09 0B 03 06 04 0B 00 03 09 09 02 0A 00 00 00 02 09 00 04 0C 
msec 35
sysex 43 50 00 05 05 01 7E 06 0B 00 00 09 02 03 04 06 07 03 0F 09 0C 02 0F 00 00 05 00 09 0B 03 0B 00 00 00 05 09 09 02 06 06 03 00 00 02 0A 02 02 00 00 09 0B 03 06 00 00 00 00 09 0C 03 0B 05 01 00 05 09 0B 03 0F 00 00 
msec 35
sysex 43 50 00 05 05 01 7F 00 02 03 0B 05 06 00 03 09 09 02 0A 00 00 00 00 02 06 00 00 00 00 09 0C 04 02 05 0E 00 0A 04 05 06 07 03 0C 09 0A 02 0A 00 00 02 0F 09 0C 03 0B 00 00 00 0A 04 02 00 00 00 0A 04 05 00 00 00 0D 
msec 35
sysex 43 50 00 05 05 02 00 09 09 02 0A 01 0B 00 02 09 00 04 0C 00 00 00 00 09 02 03 04 00 00 00 03 09 0B 03 06 04 07 00 05 09 09 02 0A 00 00 00 0A 09 00 04 0E 06 04 00 00 09 02 03 06 06 00 08 01 00 0C 09 09 02 0A 01 0F 
msec 35
sysex 43 50 00 05 05 02 01 00 07 09 0B 03 03 03 0C 00 03 09 09 02 0A 00 00 08 01 00 02 09 0B 03 06 00 00 00 07 03 0B 00 00 00 05 09 01 04 02 00 00 00 00 03 0F 00 00 00 00 03 0B 00 00 00 00 09 0D 04 02 00 00 00 00 03 0F 
msec 35
sysex 43 50 00 05 05 02 02 00 00 00 00 03 0B 00 00 00 03 09 0B 03 03 00 00 00 05 09 01 03 08 05 0F 00 00 03 0B 05 0F 00 00 04 00 05 0F 00 00 09 09 02 03 05 09 00 00 02 0A 02 04 00 00 09 0A 02 08 06 00 00 00 09 0C 03 04 
msec 35
sysex 43 50 00 05 05 02 03 05 06 00 00 09 0D 03 08 05 0F 00 00 03 0B 05 0F 00 00 04 00 05 0F 00 07 09 0B 02 08 05 0C 00 03 09 09 02 0A 00 00 00 00 02 03 00 00 00 02 09 00 04 0E 00 00 00 00 09 02 03 06 00 00 01 09 09 00 
msec 35
sysex 43 50 00 05 05 02 04 04 0C 06 02 00 00 09 02 03 04 05 0E 08 02 06 06 09 0C 03 04 00 00 05 05 09 09 02 06 06 03 00 00 02 0A 02 01 00 00 09 0C 03 0B 05 00 00 00 0F 0F 07 0F 00 07 04 03 07 0B 00 01 03 03 00 00 07 0F 
msec 35
sysex 43 50 00 05 05 02 05 07 0F 00 05 09 0B 03 04 05 0C 00 05 09 09 02 0A 00 00 00 00 02 06 00 00 00 00 09 0C 04 00 05 0E 00 0A 04 04 06 06 00 00 09 0E 05 00 06 0C 03 0C 09 0A 02 08 00 00 02 0F 09 0C 03 0B 00 00 00 0A 
msec 35
sysex 43 50 00 05 05 02 06 04 00 00 00 00 0A 04 04 00 00 00 03 09 0E 05 00 00 00 00 0A 09 0B 03 08 05 00 01 0B 09 0E 05 01 05 00 07 01 05 01 00 00 00 02 05 03 05 0D 01 02 09 0B 03 0B 05 09 08 01 00 04 03 04 00 00 00 0A 
msec 35
sysex 43 50 00 05 05 02 07 02 08 00 00 00 03 09 0E 05 03 00 00 00 02 09 0B 03 08 00 00 00 05 03 0B 00 00 00 08 09 09 02 03 05 09 00 00 02 0A 02 01 00 00 09 0A 02 03 05 0D 00 00 09 0C 03 04 05 00 00 00 09 0E 04 0C 06 06 
msec 35
sysex 43 50 00 05 05 02 08 00 02 09 0B 04 00 06 00 00 08 09 09 02 0A 00 00 00 00 02 03 00 00 00 0A 09 0E 05 00 07 0F 08 01 00 0E 09 0B 03 0B 04 0C 00 05 09 0E 04 0C 00 00 01 04 05 00 00 00 08 01 00 05 09 0B 03 08 04 0B 
msec 35
sysex 43 50 00 05 05 02 09 04 0B 09 0C 03 04 00 00 04 0B 09 0B 03 0B 00 00 00 02 03 08 00 00 00 08 09 09 02 06 06 03 00 00 02 0A 02 02 00 00 09 0B 04 00 00 00 00 00 09 0C 03 0B 05 01 00 02 09 0B 03 0B 05 06 00 08 09 09 
msec 35
sysex 43 50 00 05 05 02 0A 02 0A 00 00 00 00 02 06 00 00 00 00 09 0C 04 00 05 0E 00 0A 04 04 06 07 00 0C 09 0E 05 01 04 05 01 02 04 0E 06 08 01 0E 09 0A 02 03 00 00 02 0F 09 0C 03 0B 00 00 00 0A 04 00 00 00 00 08 09 0E 
msec 35
sysex 43 50 00 05 05 02 0B 04 0E 00 00 00 02 09 0C 04 04 00 00 01 04 09 0B 03 08 04 07 00 00 09 0E 05 01 00 00 01 09 05 00 05 05 00 00 05 03 02 0A 08 01 00 00 09 0B 03 04 03 0C 01 0B 09 0E 05 01 02 09 00 0F 04 0E 05 01 
msec 35
sysex 43 50 00 05 05 02 0C 01 09 05 03 00 00 00 00 05 00 00 00 02 08 05 01 00 00 00 05 09 00 04 0C 00 00 00 00 09 02 03 04 00 00 00 08 09 0E 04 0E 00 00 01 06 09 0B 03 08 00 00 00 00 03 0B 00 00 00 05 03 04 00 00 00 0D 
msec 35
sysex 43 50 00 05 05 02 0D 09 09 02 03 05 09 00 00 02 0A 02 04 00 00 09 0A 02 08 06 00 00 00 09 0C 03 04 05 03 00 02 09 0B 02 08 05 0C 00 05 09 0E 05 01 02 0D 00 03 09 09 02 0A 00 00 00 00 02 03 00 00 00 07 09 0E 04 0E 
msec 35
sysex 43 50 00 05 05 02 0E 07 0C 01 07 05 03 05 08 05 00 05 01 00 00 02 08 04 0E 00 00 01 0E 05 03 00 00 08 01 00 04 09 0B 03 08 04 05 04 09 09 0C 03 04 00 00 04 0B 09 0E 04 0C 06 09 00 0A 09 09 02 06 06 03 00 00 02 0A 
msec 35
sysex 43 50 00 05 05 02 0F 02 01 00 00 09 0B 03 04 05 0C 00 00 09 0C 03 0B 04 0A 00 0A 09 09 02 0A 00 00 00 00 02 06 00 00 00 00 09 0C 04 00 05 0D 00 0A 04 04 06 05 00 0C 09 0E 05 00 04 05 03 00 09 0A 02 08 00 00 02 0F 
msec 35
sysex 43 50 00 05 05 02 10 09 0C 03 0B 00 00 00 0A 04 00 00 00 00 0A 04 04 00 00 00 03 09 0B 03 08 00 00 00 05 09 0E 04 0C 00 00 00 02 04 0E 05 09 00 0A 09 0B 03 08 05 00 00 00 09 0E 05 00 00 00 01 09 05 01 02 0A 05 05 
msec 35
sysex 43 50 00 05 05 02 11 04 0E 00 00 02 01 04 0C 04 0F 00 0A 09 0B 03 0B 05 09 01 0B 09 0E 05 00 02 09 02 08 05 01 00 00 02 08 05 00 00 00 01 04 09 0B 03 04 00 00 00 05 09 0E 04 0C 00 00 00 05 09 0B 02 08 00 00 00 0A 
msec 35
sysex 43 50 00 05 05 02 12 09 0E 04 0C 07 01 00 05 09 0B 03 0B 00 00 00 03 03 08 00 00 00 05 09 09 02 03 05 09 00 00 02 0A 02 01 00 00 09 0A 02 03 05 0D 00 00 09 0C 03 04 05 03 00 07 09 0B 04 00 06 00 00 03 09 09 02 0A 
msec 35
sysex 43 50 00 05 05 02 13 00 00 00 00 02 03 00 00 00 02 09 0E 04 0E 02 06 01 04 05 00 05 08 05 0D 04 0E 00 00 00 0F 04 0C 00 00 01 09 09 0B 03 0B 04 0C 01 01 09 0E 05 00 00 00 08 01 01 01 09 0B 03 08 04 0B 04 04 09 0C 
msec 35
sysex 43 50 00 05 05 02 14 03 04 00 00 04 0D 09 0B 03 0B 00 00 00 08 09 09 02 06 06 03 00 00 02 0A 02 02 00 00 09 0B 03 08 00 00 00 00 09 0C 03 0B 05 04 00 05 09 0B 04 00 00 00 00 00 03 0B 05 06 00 05 09 09 02 0A 00 00 
msec 35
sysex 43 50 00 05 05 02 15 00 00 02 06 00 00 00 00 09 0C 04 00 06 00 00 0A 04 04 06 03 03 0C 09 0A 02 03 00 00 02 0F 09 0C 03 0B 00 00 00 0A 04 00 00 00 00 0A 04 04 00 00 00 0F 09 0B 03 08 04 07 08 01 02 03 03 04 03 0C 
msec 35
sysex 43 50 00 05 05 02 16 08 01 00 04 03 08 00 00 00 08 03 0B 00 00 00 07 09 01 04 00 00 00 00 00 03 0B 00 00 00 00 03 08 00 00 00 00 09 0B 03 04 00 00 00 00 09 0D 04 00 00 00 00 00 03 0B 00 00 00 00 03 08 00 00 00 08 
msec 35
sysex 43 50 00 05 05 02 17 0F 0F 00 06 00 06 04 0D 06 01 06 09 06 0E 02 00 04 02 00 00 09 01 03 08 06 00 00 00 03 0B 06 00 00 00 04 00 06 00 00 00 09 09 02 03 05 0A 00 00 02 0A 02 05 00 00 09 0A 02 08 06 02 00 00 09 0C 
msec 35
sysex 43 50 00 05 05 02 18 03 04 05 07 00 00 09 0D 03 08 06 00 00 00 03 0B 06 00 00 00 04 00 06 00 00 07 09 0B 02 08 05 0D 00 03 09 09 02 0A 00 00 00 00 02 03 00 00 08 03 00 01 09 0C 03 04 00 00 05 05 09 09 02 06 06 04 
msec 35
sysex 43 50 00 05 05 02 19 00 00 02 0A 02 02 00 00 09 0C 03 0B 05 01 00 05 09 0B 03 04 05 0D 00 05 09 00 05 00 06 09 00 00 09 02 03 08 05 0F 00 00 09 09 02 0A 00 00 00 00 02 06 00 00 00 00 09 0C 04 00 05 0F 00 0A 04 04 
msec 35
sysex 43 50 00 05 05 02 1A 06 07 03 0C 09 0A 02 08 00 00 02 0F 09 0C 03 0B 00 00 00 0A 04 00 00 00 00 0A 04 04 00 00 00 0D 09 0B 03 08 05 01 08 01 02 00 03 0B 05 0A 03 0E 09 00 05 00 00 00 00 0A 09 02 03 08 00 00 03 0C 
msec 35
sysex 43 50 00 05 05 02 1B 09 0B 03 04 00 00 00 0A 02 08 00 00 00 05 03 08 00 00 00 05 03 0B 00 00 00 08 09 09 02 03 05 0A 00 00 02 0A 02 02 00 00 09 0A 02 03 06 00 00 00 09 0C 03 04 05 01 00 02 09 0B 04 00 06 01 00 03 
msec 35
sysex 43 50 00 05 05 02 1C 09 00 05 00 06 0A 00 00 09 02 03 08 06 00 00 05 09 09 02 0A 00 00 00 00 02 03 00 00 08 01 01 08 09 0B 03 0B 04 0D 08 01 01 0E 03 08 04 0C 04 0B 09 0C 03 04 00 00 01 0E 09 00 05 00 00 00 00 0A 
msec 35
sysex 43 50 00 05 05 02 1D 09 02 03 08 00 00 02 03 09 0B 03 0B 00 00 00 02 03 08 00 00 00 08 09 09 02 06 06 04 00 00 02 0A 02 03 00 00 09 0B 04 00 00 00 00 00 09 0C 03 0B 05 02 00 02 09 0B 03 0B 05 07 00 08 09 09 02 0A 
msec 35
sysex 43 50 00 05 05 02 1E 00 00 00 00 02 06 00 00 00 00 09 0C 04 00 05 0F 00 0A 09 00 05 00 06 06 00 00 09 02 03 08 05 0C 00 00 09 0C 04 04 06 08 03 0C 09 0A 02 03 00 00 02 0F 09 0C 03 0B 00 00 00 0A 04 00 00 00 00 0A 
msec 35
sysex 43 50 00 05 05 02 1F 04 04 00 00 01 04 09 0B 03 08 04 08 06 0C 09 00 05 00 00 00 00 0A 09 02 03 08 00 00 00 0F 09 00 05 00 06 07 00 00 09 02 03 08 05 0D 01 04 09 0B 03 04 03 0D 08 01 00 0E 03 08 00 00 00 00 03 0B 
msec 35
sysex 43 50 00 05 05 02 20 00 00 00 05 03 04 00 00 00 0D 09 09 02 03 05 0A 00 00 02 0A 02 05 00 00 09 0A 02 08 05 0B 00 00 09 0C 03 04 05 04 00 02 09 0B 02 08 05 0D 00 08 09 09 02 0A 00 00 00 00 02 03 00 00 08 02 03 08 
msec 35
sysex 43 50 00 05 05 02 21 09 0B 03 08 04 06 04 09 09 0C 03 04 00 00 05 05 09 09 02 06 06 04 00 00 02 0A 02 02 00 00 09 0B 03 04 05 0D 00 00 09 0C 03 0B 04 0B 00 0A 09 09 02 0A 00 00 00 00 02 06 00 00 00 00 09 0C 04 00 
msec 35
sysex 43 50 00 05 05 02 22 05 0E 00 0A 04 04 06 06 03 0C 09 0A 02 08 00 00 02 0F 09 0C 03 0B 00 00 00 0A 04 00 00 00 00 0A 04 04 00 00 00 03 09 0B 03 08 00 00 01 01 03 08 05 01 08 01 01 09 03 0B 05 0A 03 09 09 00 05 00 
msec 35
sysex 43 50 00 05 05 02 23 00 00 00 0A 09 02 03 08 00 00 03 0C 09 0B 03 04 00 00 00 0A 02 08 00 00 00 0F 03 0B 00 00 00 03 03 08 00 00 00 05 09 09 02 03 05 0A 00 00 02 0A 02 02 00 00 09 0A 02 03 05 0C 00 00 09 0C 03 04 
msec 35
sysex 43 50 00 05 05 02 24 05 04 00 07 09 0B 04 00 06 01 00 03 09 09 02 0A 00 00 00 00 02 03 00 00 08 01 01 0B 09 0B 03 0B 04 0D 08 01 02 02 03 08 04 0C 04 04 09 0C 03 04 00 00 04 01 09 00 05 00 06 07 00 00 09 02 03 08 
msec 35
sysex 43 50 00 05 05 02 25 05 0D 00 0C 09 0B 03 0B 00 00 00 08 09 09 02 06 06 04 00 00 02 0A 02 03 00 00 09 0B 03 08 00 00 00 00 09 0C 03 0B 05 05 00 05 09 0B 04 00 00 00 00 00 03 0B 05 07 00 05 09 09 02 0A 00 00 00 00 
msec 35
sysex 43 50 00 05 05 02 26 02 06 00 00 00 00 09 0C 04 00 06 01 00 0A 04 04 06 04 03 0C 09 0A 02 03 00 00 02 0F 09 0C 03 0B 00 00 00 0A 04 00 00 00 00 0A 04 04 00 00 00 0F 09 0B 03 08 04 08 08 01 02 03 03 04 03 0D 04 01 
msec 35
sysex 43 50 00 05 05 02 27 09 00 05 00 00 00 00 0A 09 02 03 08 00 00 03 09 09 0B 03 08 00 00 00 08 03 0B 00 00 00 07 03 04 00 00 00 08 09 00 05 00 06 09 00 00 09 02 03 08 05 0F 00 00 09 09 02 03 05 0A 00 00 02 0A 02 05 
msec 35
sysex 43 50 00 05 05 02 28 00 00 09 0A 02 08 05 0E 00 00 09 0C 03 04 05 07 00 02 09 0B 02 08 05 0D 00 08 09 09 02 0A 00 00 00 00 02 03 00 00 08 02 01 0F 09 00 05 00 00 00 00 00 09 02 03 08 00 00 00 08 09 00 05 01 06 06 
msec 35
sysex 43 50 00 05 05 02 29 00 00 09 02 03 09 05 0C 01 01 09 0B 03 08 04 06 04 09 09 0C 03 04 00 00 05 05 09 09 02 06 06 04 00 00 02 0A 02 02 00 00 09 0B 03 04 05 0D 00 00 09 0C 03 0B 05 01 00 0A 09 09 02 0A 00 00 00 00 
msec 35
sysex 43 50 00 05 05 02 2A 02 06 00 00 00 00 09 0C 04 00 05 0F 00 0A 04 04 06 07 03 0C 09 0A 02 08 00 00 02 0F 09 0C 03 0B 00 00 00 0A 04 00 00 00 00 0A 04 04 00 00 00 03 09 0B 03 08 00 00 01 01 03 08 05 01 08 01 01 09 
msec 35
sysex 43 50 00 05 05 02 2B 03 0B 05 0A 07 0F 03 04 00 00 00 03 09 00 05 01 00 00 00 07 09 02 03 09 00 00 00 00 09 0B 02 08 00 00 00 08 09 00 05 00 06 08 00 00 09 02 03 08 05 0E 00 07 09 0B 03 0B 00 00 00 03 03 08 00 00 
msec 35
sysex 43 50 00 05 05 02 2C 00 05 09 09 02 03 05 0A 00 00 02 0A 02 02 00 00 09 0A 02 03 05 0C 00 00 09 0C 03 04 05 01 00 07 09 0B 04 00 06 01 00 03 09 09 02 0A 00 00 00 00 02 03 00 00 08 01 01 0B 09 0B 03 0B 04 0D 08 01 
msec 35
sysex 43 50 00 05 05 02 2D 02 02 03 08 04 0C 04 04 09 0C 03 04 00 00 04 0D 09 0B 03 0B 00 00 00 05 09 00 05 00 00 00 00 00 09 02 03 08 00 00 00 03 09 09 02 06 06 04 00 00 02 0A 02 03 00 00 09 0B 03 08 00 00 00 00 09 0C 
msec 35
sysex 43 50 00 05 05 02 2E 03 0B 05 02 00 05 09 00 04 0E 06 09 00 00 09 02 03 06 05 0F 00 00 09 0B 04 00 00 00 00 00 03 0B 05 07 00 05 09 09 02 0A 00 00 00 00 02 06 00 00 00 00 09 0C 04 00 05 0F 00 0A 04 04 06 08 03 0C 
msec 35
sysex 43 50 00 05 05 02 2F 09 0A 02 03 00 00 02 0F 09 0C 03 0B 00 00 00 0A 04 00 00 00 00 0A 04 04 00 00 00 0F 09 0B 03 08 04 08 08 01 00 0C 09 00 04 0E 00 00 00 00 09 02 03 06 00 00 00 08 09 00 05 00 06 08 00 00 09 02 
msec 35
sysex 43 50 00 05 05 02 30 03 08 05 0E 00 0F 09 0B 03 04 03 0D 08 01 00 04 03 08 00 00 00 08 03 0B 00 00 00 07 09 01 04 00 00 00 00 00 03 0B 00 00 00 00 03 08 00 00 00 00 09 0B 03 04 00 00 00 00 09 0D 04 00 00 00 00 00 
msec 35
sysex 43 50 00 05 05 02 31 03 0B 00 00 00 00 03 08 00 00 00 08 09 01 03 08 06 00 00 00 03 0B 06 00 00 00 04 00 06 00 00 00 09 09 02 03 05 0A 00 00 02 0A 02 05 00 00 09 0A 02 08 06 01 00 00 09 0C 03 04 05 04 00 00 09 0D 
msec 35
sysex 43 50 00 05 05 02 32 03 08 06 00 00 00 03 0B 06 00 00 00 04 00 06 00 00 02 09 0B 02 08 05 0D 00 08 09 09 02 0A 00 00 00 00 02 03 00 00 08 02 03 08 09 0B 03 08 04 06 04 09 09 0C 03 04 00 00 05 00 09 0E 04 0C 05 0A 
msec 35
sysex 43 50 00 05 05 02 33 00 05 09 09 02 06 06 04 00 00 02 0A 02 02 00 00 09 0B 03 04 05 0D 00 00 09 0C 03 0B 04 0B 00 00 09 0E 04 09 05 0A 00 0A 09 09 02 0A 00 00 00 00 02 06 00 00 00 00 09 0C 04 00 05 0E 00 0A 04 04 
msec 35
sysex 43 50 00 05 05 02 34 06 06 03 0C 09 0A 02 08 00 00 02 03 09 0E 04 09 00 00 00 00 04 0C 00 00 00 05 04 09 05 06 00 02 04 0C 05 06 00 05 09 0C 03 0B 00 00 00 0A 04 00 00 00 00 0A 04 04 00 00 00 03 09 0B 03 08 00 00 
msec 35
sysex 43 50 00 05 05 02 35 01 01 03 08 05 01 03 00 09 0E 04 09 00 00 00 0F 04 0C 00 00 00 07 04 0C 05 08 00 03 04 09 05 08 05 00 09 0B 03 0B 05 0A 01 09 09 0E 04 0C 00 00 00 02 04 09 00 00 00 05 04 0C 05 06 00 0D 04 09 
msec 35
sysex 43 50 00 05 05 02 36 05 06 04 0B 09 00 05 00 00 00 00 07 09 0B 03 04 00 00 00 03 09 02 03 08 00 00 00 07 09 0B 02 08 00 00 00 0D 09 0E 04 0C 00 00 00 02 09 00 05 00 06 08 00 00 09 02 03 08 05 0E 00 00 09 0B 03 0B 
msec 35
sysex 43 50 00 05 05 02 37 00 00 00 03 03 08 00 00 00 02 09 0E 04 0B 05 0A 00 03 09 09 02 03 05 0A 00 00 02 0A 02 02 00 00 09 0A 02 03 05 0F 00 00 09 0C 03 04 05 04 00 00 09 0E 04 07 05 0A 00 02 04 09 00 00 00 05 09 0B 
msec 35
sysex 43 50 00 05 05 02 38 04 00 06 01 00 03 09 09 02 0A 00 00 00 00 02 03 00 00 04 0D 09 0E 04 07 00 00 01 09 04 0B 00 00 00 03 04 07 05 08 00 05 04 0B 05 08 02 0D 09 0B 03 0B 04 0D 03 07 09 0E 04 07 00 00 00 05 04 0B 
msec 35
sysex 43 50 00 05 05 02 39 00 00 00 07 04 0B 05 0A 00 05 04 07 05 0A 05 0A 09 0B 03 08 04 0C 01 0E 09 0E 04 07 00 00 00 00 04 0B 00 00 00 05 04 07 05 06 00 03 04 0B 05 06 01 0E 09 0C 03 04 00 00 04 03 09 0E 04 07 00 00 
msec 35
sysex 43 50 00 05 05 02 3A 00 03 04 0B 00 00 00 07 09 0B 03 0B 00 00 00 00 09 0E 04 09 05 0A 00 08 09 09 02 06 06 04 00 00 02 0A 02 03 00 00 09 0B 03 08 00 00 00 00 09 0C 03 0B 05 05 00 05 09 0B 04 00 00 00 00 00 03 0B 
msec 35
sysex 43 50 00 05 05 02 3B 05 07 00 00 09 0E 04 05 05 0A 00 05 09 09 02 0A 00 00 00 00 02 06 00 00 00 00 09 0C 04 00 06 01 00 0A 04 04 06 04 03 0C 09 0A 02 03 00 00 00 0A 09 0E 04 05 00 00 01 09 04 09 00 00 00 00 04 05 
msec 35
sysex 43 50 00 05 05 02 3C 05 06 00 07 04 09 05 06 00 05 09 0C 03 0B 00 00 00 0A 04 00 00 00 00 0A 04 04 00 00 00 0F 09 0B 03 08 04 08 03 07 09 0E 04 05 00 00 00 08 04 09 00 00 00 07 04 09 05 08 00 0A 04 05 05 08 05 03 
msec 35
sysex 43 50 00 05 05 02 3D 09 0B 03 04 03 0D 00 0A 09 0E 04 05 00 00 00 0A 04 09 00 00 00 07 04 09 05 06 00 08 04 05 05 06 06 01 09 0B 03 08 00 00 00 08 03 0B 00 00 00 07 03 04 00 00 00 00 09 0E 04 09 00 00 00 00 04 07 
msec 35
sysex 43 50 00 05 05 02 3E 05 05 00 05 04 04 05 05 00 03 09 09 02 03 05 0A 00 00 02 0A 02 05 00 00 09 0A 02 08 06 01 00 00 09 0C 03 04 05 04 00 00 09 0E 04 05 00 00 00 02 09 0B 02 08 05 0D 00 03 09 00 05 00 00 00 00 05 
msec 35
sysex 43 50 00 05 05 02 3F 09 09 02 0A 00 00 00 00 02 03 00 00 00 05 09 02 03 08 00 00 04 0D 09 0E 04 04 00 00 00 0F 04 07 00 00 00 08 04 07 05 03 00 02 04 04 05 03 06 0E 04 07 00 00 00 03 04 04 00 00 00 05 04 07 05 04 
msec 35
sysex 43 50 00 05 05 02 40 00 02 04 04 05 04 05 05 09 0B 03 08 04 06 00 0A 09 0E 04 04 00 00 01 02 04 07 00 00 00 07 04 07 05 00 00 03 04 04 05 00 02 03 09 0C 03 04 00 00 03 0E 09 00 04 0E 06 09 00 00 09 02 03 06 05 0F 
msec 35
sysex 43 50 00 05 05 02 41 00 08 09 0E 04 07 00 00 00 02 04 04 00 00 00 05 04 07 05 03 00 05 04 04 05 03 00 03 09 09 02 06 06 04 00 00 02 0A 02 02 00 00 09 0B 03 04 05 0D 00 00 09 0C 03 0B 04 0B 00 0A 09 09 02 0A 00 00 
msec 35
sysex 43 50 00 05 05 02 42 00 00 02 06 00 00 00 00 09 0C 04 00 05 0E 00 0A 04 04 06 06 03 0C 09 0A 02 08 00 00 00 0F 09 0E 04 04 00 00 01 01 04 07 00 00 00 08 04 04 04 0E 00 00 04 07 04 0E 00 07 09 0C 03 0B 00 00 00 0A 
msec 35
sysex 43 50 00 05 05 02 43 04 00 00 00 00 0A 04 04 00 00 00 03 09 0B 03 08 00 00 01 01 03 08 05 01 03 0C 09 0E 04 07 00 00 00 00 04 04 00 00 00 08 04 07 05 00 00 02 04 04 05 00 03 0A 09 00 04 0E 00 00 00 00 09 02 03 06 
msec 35
sysex 43 50 00 05 05 02 44 00 00 00 07 09 00 05 00 06 09 00 00 09 02 03 08 05 0F 01 02 09 0B 03 0B 05 0A 00 0F 09 0E 04 04 00 00 01 01 04 07 00 00 00 08 04 04 04 0D 00 00 04 07 04 0D 05 07 09 0B 03 04 00 00 00 0A 02 08 
msec 35
sysex 43 50 00 05 05 02 45 00 00 00 08 09 0E 04 07 00 00 00 00 04 04 00 00 00 07 09 0B 03 0B 00 00 00 00 09 0E 04 07 05 07 00 03 09 0B 03 08 00 00 00 02 09 0E 04 04 05 07 00 03 09 09 02 03 05 0A 00 00 02 0A 02 02 00 00 
msec 35
sysex 43 50 00 05 05 02 46 09 0A 02 03 05 0E 00 00 09 0C 03 04 05 04 00 07 09 0B 04 00 06 01 00 03 09 09 02 0A 00 00 00 00 02 03 00 00 05 02 09 0E 04 04 00 00 00 0F 04 07 00 00 00 08 04 07 04 0C 00 02 04 04 04 0C 03 00 
msec 35
sysex 43 50 00 05 05 02 47 09 0B 03 0B 04 0D 03 0E 09 0E 04 07 00 00 00 03 04 04 00 00 00 05 04 07 05 02 00 02 04 04 05 02 05 0A 09 0B 03 08 04 0C 00 03 09 0E 04 04 00 00 00 0F 04 07 00 00 00 07 04 07 04 0A 00 05 04 04 
msec 35
sysex 43 50 00 05 05 02 48 04 0A 02 06 09 0C 03 04 00 00 04 0D 09 00 05 00 00 00 00 00 09 0B 03 0B 00 00 00 00 09 0E 04 07 00 00 00 03 09 02 03 08 00 00 00 00 09 0E 04 04 00 00 00 05 09 09 02 06 06 04 00 00 02 0A 02 03 
msec 35
sysex 43 50 00 05 05 02 49 00 00 09 0B 03 08 00 00 00 00 09 0C 03 0B 05 05 00 00 09 0E 04 04 04 0A 00 00 04 07 04 0A 00 02 09 00 05 01 06 09 00 00 09 02 03 09 05 0F 00 03 09 0B 04 00 00 00 00 00 03 0B 05 07 00 05 09 09 
msec 35
sysex 43 50 00 05 05 02 4A 02 0A 00 00 00 00 02 06 00 00 00 00 09 0C 04 00 06 01 00 0A 04 04 06 04 03 0C 09 0A 02 03 00 00 00 0C 09 0E 04 04 00 00 01 02 04 07 00 00 00 05 04 07 04 04 00 02 04 04 04 04 00 0A 09 0C 03 0B 
msec 35
sysex 43 50 00 05 05 02 4B 00 00 00 0A 04 00 00 00 00 0A 04 04 00 00 00 0F 09 0B 03 08 04 08 04 01 09 0E 04 07 00 00 00 03 04 04 00 00 00 05 04 07 04 0B 00 02 04 04 04 0B 04 0B 09 00 05 01 00 00 00 00 09 02 03 09 00 00 
msec 35
sysex 43 50 00 05 05 02 4C 00 08 09 00 05 03 06 0A 00 00 09 02 03 0B 06 00 00 05 09 0B 03 04 03 0D 08 01 00 04 03 08 00 00 00 08 03 0B 00 00 00 05 09 0E 04 07 00 00 00 02 09 01 04 00 00 00 00 00 03 0B 00 00 00 00 03 08 
msec 35
sysex 43 50 00 05 05 02 4D 00 00 00 00 09 0B 03 04 00 00 00 00 09 0D 04 00 00 00 00 00 03 0B 00 00 00 00 03 08 00 00 00 00 09 0E 04 04 00 00 00 08 09 01 03 0B 06 00 00 00 03 0F 06 00 00 00 04 02 06 00 00 00 09 09 02 03 
msec 35
sysex 43 50 00 05 05 02 4E 05 0A 00 00 02 0A 02 05 00 00 09 0A 02 0A 06 01 00 00 09 0C 02 0F 05 07 00 00 09 0D 03 0B 06 00 00 00 03 0F 06 00 00 00 04 02 06 00 00 05 09 0B 02 0F 05 0D 00 05 09 09 02 0A 00 00 00 00 02 03 
msec 35
sysex 43 50 00 05 05 02 4F 00 00 08 02 03 0B 09 0B 03 06 04 06 04 06 09 0C 02 0F 00 00 05 05 09 09 02 06 06 04 00 00 02 0A 02 02 00 00 09 0C 03 0B 05 01 00 00 0F 0F 07 0F 00 07 04 03 07 0B 00 01 03 07 00 00 07 0F 07 0F 
msec 35
sysex 43 50 00 05 05 02 50 00 07 09 0B 03 03 05 0D 00 03 09 09 02 0A 00 00 00 00 02 06 00 00 00 00 09 0C 03 0F 05 0F 00 0A 04 02 06 07 03 0C 09 0A 02 0A 00 00 02 0F 09 0C 03 0B 00 00 00 0A 03 0F 00 00 00 0A 04 02 00 00 
msec 35
sysex 43 50 00 05 05 02 51 00 05 09 0B 03 06 00 00 00 0A 03 06 05 01 08 01 02 00 03 0B 06 00 08 01 00 05 03 03 00 00 00 05 02 0F 00 00 00 0A 03 06 00 00 00 02 09 00 05 03 00 00 00 00 09 02 03 0B 00 00 00 03 09 0B 03 0B 
msec 35
sysex 43 50 00 05 05 02 52 00 00 00 05 09 00 05 05 06 0B 00 00 09 02 03 0D 06 01 00 00 09 09 02 03 05 0A 00 00 02 0A 02 02 00 00 09 0A 02 03 05 0E 00 00 09 0C 02 0F 05 01 00 07 09 0B 04 02 06 01 00 03 09 09 02 0A 00 00 
msec 35
sysex 43 50 00 05 05 02 53 00 00 02 03 00 00 08 01 01 06 09 0B 03 0B 04 0D 08 01 02 00 03 06 04 0C 04 0B 09 0C 02 0F 00 00 03 07 09 00 05 05 00 00 00 0A 09 02 03 0D 00 00 00 07 09 00 05 03 06 06 00 00 09 02 03 0B 05 0C 
msec 35
sysex 43 50 00 05 05 02 54 00 00 09 0B 03 0B 00 00 00 05 03 06 00 00 00 08 09 09 02 06 06 04 00 00 02 0A 02 03 00 00 09 0B 03 0F 05 07 00 00 09 0C 03 0B 05 02 00 05 09 0B 04 02 00 00 00 05 09 09 02 0A 00 00 00 00 02 06 
msec 35
sysex 43 50 00 05 05 02 55 00 00 00 00 09 0C 03 0F 05 0F 00 0A 04 02 06 08 03 0C 09 0A 02 03 00 00 02 0F 09 0C 03 0B 00 00 00 0A 03 0F 00 00 00 0A 04 02 00 00 00 0D 09 0B 03 0B 04 08 08 01 01 06 09 00 05 03 00 00 00 0A 
msec 35
sysex 43 50 00 05 05 02 56 09 02 03 0B 00 00 00 07 09 0B 03 03 03 0D 00 08 09 00 05 01 06 01 00 00 09 02 03 09 05 07 07 08 09 0B 03 0B 00 00 00 05 03 0F 00 00 00 0F 03 03 00 00 00 05 09 09 02 03 05 0A 00 00 02 0A 02 05 
msec 35
sysex 43 50 00 05 05 02 57 00 00 09 0A 02 0F 05 04 00 00 09 0C 02 0F 05 07 00 05 09 0B 02 0F 05 0D 00 05 09 09 02 0A 00 00 00 00 02 03 00 00 07 03 09 00 05 01 00 00 00 0A 09 02 03 09 00 00 00 0C 09 00 05 00 06 0D 00 00 
msec 35
sysex 43 50 00 05 05 02 58 09 02 03 08 06 03 08 01 03 02 09 0B 03 06 04 06 04 06 09 0C 02 0F 00 00 05 05 09 09 02 06 06 04 00 00 02 0A 02 02 00 00 09 0C 03 0B 05 01 00 07 09 0B 03 03 05 0D 00 03 09 09 02 0A 00 00 00 00 
msec 35
sysex 43 50 00 05 05 02 59 02 06 00 00 00 00 09 0C 03 0F 05 0F 00 0A 04 02 06 07 03 0C 09 0A 02 0F 00 00 02 0F 09 0C 03 0B 00 00 00 05 09 00 05 00 00 00 00 00 09 02 03 08 00 00 00 05 09 0C 03 0F 00 00 00 03 09 00 05 01 
msec 35
sysex 43 50 00 05 05 02 5A 06 0B 00 00 09 02 03 09 06 01 00 07 09 0C 04 02 00 00 00 05 09 0B 03 06 00 00 00 0A 03 06 05 01 08 01 02 00 03 0B 06 00 08 01 00 05 03 03 00 00 00 05 02 0F 00 00 00 0A 03 06 00 00 00 05 03 0B 
msec 35
sysex 43 50 00 05 05 02 5B 00 00 00 05 09 00 05 01 00 00 00 00 09 02 03 09 00 00 00 00 09 09 02 03 05 0A 00 00 02 0A 02 02 00 00 09 0A 02 0A 05 0B 00 00 09 0C 02 0F 05 01 00 07 09 00 05 00 06 03 00 00 09 02 03 08 05 09 
msec 35
sysex 43 50 00 05 05 02 5C 00 00 09 0B 04 02 06 01 00 03 09 09 02 0A 00 00 00 00 02 03 00 00 08 01 01 06 09 0B 03 0B 04 0D 08 01 02 00 03 06 04 0C 04 0B 09 0C 02 0F 00 00 03 07 09 00 05 00 00 00 00 0A 09 02 03 08 00 00 
msec 35
sysex 43 50 00 05 05 02 5D 00 07 09 0B 03 0B 00 00 00 05 09 00 04 0E 05 0F 00 00 09 02 03 06 05 05 00 00 09 0B 03 06 00 00 00 08 09 09 02 06 06 04 00 00 02 0A 02 03 00 00 09 0B 03 0F 05 07 00 00 09 0C 03 0B 05 02 00 05 
msec 35
sysex 43 50 00 05 05 02 5E 09 0B 04 02 00 00 00 05 09 09 02 0A 00 00 00 00 02 06 00 00 00 00 09 0C 03 0F 05 0F 00 0A 04 02 06 08 03 0C 09 0A 02 0A 00 00 02 0F 09 0C 03 0B 00 00 00 0A 03 0F 00 00 00 0A 04 02 00 00 00 0D 
msec 35
sysex 43 50 00 05 05 02 5F 09 0B 03 0B 04 08 08 01 02 07 03 03 03 0D 08 01 00 00 03 0B 00 00 00 05 03 0F 00 00 00 0C 09 01 04 02 00 00 00 00 03 0F 00 00 00 00 03 0B 00 00 00 00 09 0D 04 02 00 00 00 00 03 0F 00 00 00 00 
msec 35
sysex 43 50 00 05 05 02 60 03 0B 00 00 00 03 09 0B 03 03 00 00 00 02 09 00 04 0E 00 00 00 00 09 02 03 06 00 00 00 03 09 01 03 08 06 00 00 00 03 0B 06 00 00 00 04 00 06 00 00 00 09 09 02 03 05 0A 00 00 02 0A 02 05 00 00 
msec 35
sysex 43 50 00 05 05 02 61 09 0A 02 08 06 01 00 00 09 0C 03 04 05 07 00 00 09 0D 03 08 06 00 00 00 03 0B 06 00 00 00 04 00 06 00 00 05 09 00 05 00 06 08 00 00 09 02 03 08 05 0E 00 02 09 0B 02 08 05 0D 00 03 09 09 02 0A 
msec 35
sysex 43 50 00 05 05 02 62 00 00 00 00 02 03 00 00 08 03 00 01 09 0C 03 04 00 00 05 05 09 09 02 06 06 04 00 00 02 0A 02 02 00 00 09 0C 03 0B 05 01 00 00 0F 0F 07 0F 00 07 04 03 07 0B 00 01 03 03 00 00 07 0F 07 0F 00 05 
msec 35
sysex 43 50 00 05 05 02 63 09 0B 03 04 05 0D 00 05 09 09 02 0A 00 00 00 00 02 06 00 00 00 00 09 0C 04 00 05 0F 00 0A 04 04 06 07 03 0C 09 0A 02 08 00 00 02 0F 09 0C 03 0B 00 00 00 0A 04 00 00 00 00 0A 04 04 00 00 00 0D 
msec 35
sysex 43 50 00 05 05 02 64 09 0B 03 08 05 01 07 0D 09 0E 04 04 06 03 02 03 09 0B 03 0B 05 0A 03 0E 09 0E 04 02 04 0A 02 0B 04 04 00 00 01 0B 09 0B 03 04 00 00 00 0A 02 08 00 00 00 05 03 08 00 00 00 05 03 0B 00 00 00 08 
msec 35
sysex 43 50 00 05 05 02 65 09 09 02 03 05 0A 00 00 02 0A 02 02 00 00 09 0A 02 03 05 0E 00 00 09 0C 03 04 05 01 00 02 09 0B 04 00 06 01 00 05 09 0E 04 04 06 03 00 03 09 09 02 0A 00 00 00 00 02 03 00 00 01 01 09 0E 04 02 
msec 35
sysex 43 50 00 05 05 02 66 00 00 08 01 00 07 09 0B 03 0B 04 0D 06 07 09 00 05 00 00 00 00 0A 09 02 03 08 00 00 02 0D 09 0B 03 08 04 0C 04 0B 09 0C 03 04 00 00 04 0B 09 0B 03 0B 00 00 00 02 03 08 00 00 00 08 09 09 02 06 
msec 35
sysex 43 50 00 05 05 02 67 06 04 00 00 02 0A 02 03 00 00 09 0B 04 00 00 00 00 00 09 0C 03 0B 05 02 00 02 09 0B 03 0B 05 07 00 08 09 09 02 0A 00 00 00 00 02 06 00 00 00 00 09 0C 04 00 05 0F 00 0A 04 04 06 08 03 0C 09 0A 
msec 35
sysex 43 50 00 05 05 02 68 02 03 00 00 02 0F 09 0C 03 0B 00 00 00 0A 04 00 00 00 00 0A 04 04 00 00 00 0A 09 0E 04 04 00 00 00 0A 09 0B 03 08 04 08 08 01 01 09 03 04 03 0D 02 03 09 0E 04 09 06 08 06 0B 09 0B 03 08 00 00 
msec 35
sysex 43 50 00 05 05 02 69 00 00 03 0B 00 00 00 05 03 04 00 00 00 03 09 0E 04 09 00 00 00 02 04 07 05 0F 00 08 09 09 02 03 05 0A 00 00 02 0A 02 05 00 00 09 0A 02 08 06 02 00 00 09 0C 03 04 05 04 00 02 09 0B 02 08 05 0D 
msec 35
sysex 43 50 00 05 05 02 6A 00 08 09 09 02 0A 00 00 00 00 02 03 00 00 06 01 09 0E 04 07 00 00 00 08 04 07 04 0C 07 00 04 07 00 00 00 08 04 07 05 02 05 07 09 0B 03 08 04 06 01 07 09 0E 04 07 00 00 00 07 04 07 04 0A 02 0B 
msec 35
sysex 43 50 00 05 05 02 6B 09 0C 03 04 00 00 04 0D 09 0E 04 07 00 00 00 08 09 09 02 06 06 04 00 00 02 0A 02 02 00 00 09 0B 03 04 05 0D 00 00 09 0C 03 0B 04 0B 00 00 09 0E 04 07 04 0A 00 0A 09 00 05 00 06 09 00 00 09 02 
msec 35
sysex 43 50 00 05 05 02 6C 03 08 05 0F 00 00 09 09 02 0A 00 00 00 00 02 06 00 00 00 00 09 0C 04 00 05 0E 00 0A 04 04 06 06 03 0C 09 0A 02 08 00 00 01 0E 09 0E 04 07 00 00 00 05 04 07 04 04 00 0C 09 0C 03 0B 00 00 00 0A 
msec 35
sysex 43 50 00 05 05 02 6D 04 00 00 00 00 0A 04 04 00 00 00 03 09 0B 03 08 00 00 01 01 03 08 05 01 03 0C 09 0E 04 07 00 00 00 08 04 07 04 0B 05 05 09 0B 03 0B 05 0A 03 0E 09 00 05 00 00 00 00 0A 09 02 03 08 00 00 03 07 
msec 35
sysex 43 50 00 05 05 02 6E 09 0B 03 04 00 00 00 0A 02 08 00 00 00 0D 09 0E 04 07 00 00 00 02 09 0B 03 0B 00 00 00 03 03 08 00 00 00 05 09 09 02 03 05 0A 00 00 02 0A 02 02 00 00 09 0A 02 03 06 00 00 00 09 0C 03 04 05 04 
msec 35
sysex 43 50 00 05 05 02 6F 00 05 09 00 05 00 06 0A 00 00 09 02 03 08 06 00 00 02 09 0B 04 00 06 01 00 03 09 09 02 0A 00 00 00 00 02 03 00 00 08 01 01 06 02 06 03 0C 00 05 09 0B 03 0B 04 0D 00 05 09 09 02 06 00 00 08 01 
msec 35
sysex 43 50 00 05 05 02 70 01 06 02 06 04 08 00 07 09 0B 03 08 04 0C 00 03 09 09 02 06 00 00 04 01 09 0C 03 04 00 00 01 0E 09 00 05 00 00 00 00 0A 09 02 03 08 00 00 02 05 09 0B 03 0B 00 00 00 08 09 09 02 06 06 04 00 00 
msec 35
sysex 43 50 00 05 05 02 71 02 0A 02 03 00 00 09 0B 03 08 00 00 00 00 09 0C 03 0B 05 05 00 05 09 0B 04 00 00 00 00 00 03 0B 05 07 00 05 09 09 02 0A 00 00 00 00 02 06 00 00 00 00 09 0C 04 00 06 01 00 0A 09 00 05 00 06 06 
msec 35
sysex 43 50 00 05 05 02 72 00 00 09 02 03 08 05 0C 00 00 09 0C 04 04 06 04 03 0C 09 0A 02 03 00 00 02 0F 09 0C 03 0B 00 00 00 0A 04 00 00 00 00 0A 04 04 00 00 00 0F 09 0B 03 08 04 08 07 01 09 00 05 00 00 00 00 0A 09 02 
msec 35
sysex 43 50 00 05 05 02 73 03 08 00 00 00 0F 09 00 05 00 06 07 00 00 09 02 03 08 05 0D 01 09 09 0B 03 04 03 0D 08 01 00 04 03 08 00 00 00 08 03 0B 00 00 00 07 09 01 04 00 00 00 00 00 03 0B 00 00 00 00 03 08 00 00 00 00 
msec 35
sysex 43 50 00 05 05 02 74 09 0B 03 04 00 00 00 00 09 0D 04 00 00 00 00 00 03 0B 00 00 00 00 03 08 00 00 00 08 09 01 03 08 06 00 00 00 03 0B 06 00 00 00 04 00 06 00 00 00 09 09 02 03 05 0A 00 00 02 0A 02 05 00 00 09 0A 
msec 35
sysex 43 50 00 05 05 02 75 02 08 05 0B 00 00 09 0C 03 04 05 04 00 00 09 0D 03 08 06 00 00 00 03 0B 06 00 00 00 04 00 06 00 00 02 09 0B 02 08 05 0D 00 08 09 09 02 0A 00 00 00 00 02 03 00 00 08 02 03 08 09 0B 03 08 04 06 
msec 35
sysex 43 50 00 05 05 02 76 04 09 09 0C 03 04 00 00 05 05 09 09 02 06 06 04 00 00 02 0A 02 02 00 00 09 0B 03 04 05 0D 00 00 09 0C 03 0B 04 0B 00 0A 09 09 02 0A 00 00 00 00 02 06 00 00 00 00 09 0C 04 00 05 0E 00 0A 04 04 
msec 35
sysex 43 50 00 05 05 02 77 06 06 03 0C 09 0A 02 08 00 00 02 0F 09 0C 03 0B 00 00 00 0A 04 00 00 00 00 0A 04 04 00 00 00 03 09 0B 03 08 00 00 01 01 03 08 05 01 08 01 01 09 03 0B 05 0A 03 09 09 00 05 00 00 00 00 0A 09 02 
msec 35
sysex 43 50 00 05 05 02 78 03 08 00 00 03 0C 09 0B 03 04 00 00 00 0A 02 08 00 00 00 0F 03 0B 00 00 00 03 03 08 00 00 00 05 09 09 02 03 05 0A 00 00 02 0A 02 02 00 00 09 0A 02 03 05 0C 00 00 09 0C 03 04 05 04 00 07 09 0B 
msec 35
sysex 43 50 00 05 05 02 79 04 00 06 01 00 03 09 09 02 0A 00 00 00 00 02 03 00 00 08 01 01 0B 09 0B 03 0B 04 0D 08 01 02 02 03 08 04 0C 04 04 09 0C 03 04 00 00 04 0D 09 0B 03 0B 00 00 00 08 09 09 02 06 06 04 00 00 02 0A 
msec 35
sysex 43 50 00 05 05 02 7A 02 03 00 00 09 0B 03 08 00 00 00 00 09 0C 03 0B 05 05 00 05 09 0B 04 00 00 00 00 00 03 0B 05 07 00 05 09 09 02 0A 00 00 00 00 02 06 00 00 00 00 09 0C 04 00 06 01 00 02 09 00 05 00 06 0F 00 00 
msec 35
sysex 43 50 00 05 05 02 7B 09 02 03 08 06 05 00 08 09 0C 04 04 06 04 03 0C 09 0A 02 03 00 00 02 0F 09 0C 03 0B 00 00 00 0A 04 00 00 00 00 0A 04 04 00 00 00 08 09 00 05 00 00 00 00 07 09 0B 03 08 04 08 00 03 09 02 03 08 
msec 35
sysex 43 50 00 05 05 02 7C 00 00 05 07 09 00 05 00 06 0C 00 00 09 02 03 08 06 02 04 09 09 0B 03 04 03 0D 08 01 00 04 03 08 00 00 00 08 03 0B 00 00 00 07 03 04 00 00 00 08 09 09 02 03 05 0A 00 00 02 0A 02 05 00 00 09 0A 
msec 35
sysex 43 50 00 05 05 02 7D 02 08 05 0E 00 00 09 0C 03 04 05 07 00 02 09 0B 02 08 05 0D 00 08 09 09 02 0A 00 00 00 00 02 03 00 00 08 02 03 08 09 0B 03 08 04 06 04 09 09 0C 03 04 00 00 05 05 09 09 02 06 06 04 00 00 02 0A 
msec 35
sysex 43 50 00 05 05 02 7E 02 02 00 00 09 0B 03 04 05 0D 00 00 09 0C 03 0B 05 01 00 0A 09 09 02 0A 00 00 00 00 02 06 00 00 00 00 09 0C 04 00 05 0F 00 0A 04 04 06 07 03 0C 09 0A 02 08 00 00 01 06 09 00 05 00 00 00 01 09 
msec 35
sysex 43 50 00 05 05 02 7F 09 0C 03 0B 00 00 00 0A 04 00 00 00 00 0A 04 04 00 00 00 03 09 0B 03 08 00 00 01 01 03 08 05 01 04 01 09 02 03 08 00 00 03 05 09 00 05 01 06 0C 00 00 09 02 03 09 06 02 02 03 09 0B 03 0B 05 0A 
msec 35
sysex 43 50 00 05 05 03 00 07 0F 03 04 00 00 00 0A 02 08 00 00 00 0F 03 0B 00 00 00 03 03 08 00 00 00 05 09 09 02 03 05 0A 00 00 02 0A 02 02 00 00 09 0A 02 03 05 0C 00 00 09 0C 03 04 05 01 00 07 09 0B 04 00 06 01 00 03 
msec 35
sysex 43 50 00 05 05 03 01 09 09 02 0A 00 00 00 00 02 03 00 00 03 09 09 00 05 01 00 00 00 00 09 02 03 09 00 00 00 08 09 00 05 00 06 05 00 00 09 02 03 08 05 0B 05 0A 09 0B 03 0B 04 0D 08 01 02 02 03 08 04 0C 04 04 09 0C 
msec 35
sysex 43 50 00 05 05 03 02 03 04 00 00 04 0D 09 0B 03 0B 00 00 00 08 09 09 02 06 06 04 00 00 02 0A 02 03 00 00 09 0B 03 08 00 00 00 00 09 0C 03 0B 05 02 00 05 09 0B 04 00 00 00 00 00 03 0B 05 07 00 05 09 09 02 0A 00 00 
msec 35
sysex 43 50 00 05 05 03 03 00 00 02 06 00 00 00 00 09 0C 04 00 05 0F 00 0A 04 04 06 08 03 0C 09 0A 02 03 00 00 01 0B 09 00 05 00 00 00 00 00 09 02 03 08 00 00 00 08 09 00 04 0E 06 07 00 00 09 02 03 06 05 0D 00 0C 09 0C 
msec 35
sysex 43 50 00 05 05 03 04 03 0B 00 00 00 0A 04 00 00 00 00 0A 04 04 00 00 00 0F 09 0B 03 08 04 08 08 01 02 03 03 04 03 0D 02 0F 09 00 04 0E 00 00 00 00 09 02 03 06 00 00 00 08 09 00 05 00 06 07 00 00 09 02 03 08 05 0D 
msec 35
sysex 43 50 00 05 05 03 05 04 0D 09 0B 03 08 00 00 00 08 03 0B 00 00 00 07 09 01 04 00 00 00 00 00 03 0B 00 00 00 00 03 08 00 00 00 00 09 0B 03 04 00 00 00 00 09 0D 04 00 00 00 00 00 03 0B 00 00 00 00 03 08 00 00 00 08 
msec 35
sysex 43 50 00 05 05 03 06 09 01 03 08 06 00 00 00 03 0B 06 00 00 00 04 00 06 00 00 00 09 09 02 03 05 0A 00 00 02 0A 02 05 00 00 09 0A 02 08 06 01 00 00 09 0C 03 04 05 04 00 00 09 0D 03 08 06 00 00 00 03 0B 06 00 00 00 
msec 35
sysex 43 50 00 05 05 03 07 04 00 06 00 00 02 09 0B 02 08 05 0D 00 08 09 09 02 0A 00 00 00 00 02 03 00 00 08 02 03 08 09 0B 03 08 04 06 04 09 09 0C 03 04 00 00 05 00 09 0E 04 0C 05 0A 00 05 09 09 02 06 06 04 00 00 02 0A 
msec 35
sysex 43 50 00 05 05 03 08 02 02 00 00 09 0B 03 04 05 0D 00 00 09 0C 03 0B 04 0B 00 00 09 0E 04 09 05 0A 00 0A 09 09 02 0A 00 00 00 00 02 06 00 00 00 00 09 0C 04 00 05 0E 00 0A 04 04 06 06 03 0C 09 0A 02 08 00 00 02 03 
msec 35
sysex 43 50 00 05 05 03 09 09 0E 04 09 00 00 00 00 04 0C 00 00 00 05 04 09 05 06 00 02 04 0C 05 06 00 05 09 0C 03 0B 00 00 00 0A 04 00 00 00 00 0A 04 04 00 00 00 03 09 0B 03 08 00 00 01 01 03 08 05 01 03 00 09 0E 04 09 
msec 35
sysex 43 50 00 05 05 03 0A 00 00 00 0F 04 0C 00 00 00 07 04 0C 05 08 00 03 04 09 05 08 05 00 09 0B 03 0B 05 0A 01 09 09 0E 04 0C 00 00 00 02 04 09 00 00 00 05 04 0C 05 06 00 0D 04 09 05 06 05 02 09 0B 03 04 00 00 00 0A 
msec 35
sysex 43 50 00 05 05 03 0B 09 00 05 00 00 00 00 00 09 0B 02 08 00 00 00 0A 09 02 03 08 00 00 00 03 09 0E 04 0C 00 00 00 02 09 0B 03 0B 00 00 00 03 03 08 00 00 00 02 09 0E 04 0B 05 0A 00 03 09 09 02 03 05 0A 00 00 02 0A 
msec 35
sysex 43 50 00 05 05 03 0C 02 02 00 00 09 0A 02 03 05 0F 00 00 09 0C 03 04 05 04 00 00 09 0E 04 07 05 0A 00 02 04 09 00 00 00 05 09 0B 04 00 06 01 00 03 09 09 02 0A 00 00 00 00 02 03 00 00 01 0E 09 00 05 00 06 0C 00 00 
msec 35
sysex 43 50 00 05 05 03 0D 09 02 03 08 06 02 02 0F 09 0E 04 07 00 00 01 09 04 0B 00 00 00 03 04 07 05 08 00 05 04 0B 05 08 02 0D 09 0B 03 0B 04 0D 03 07 09 0E 04 07 00 00 00 05 04 0B 00 00 00 07 04 0B 05 0A 00 05 04 07 
msec 35
sysex 43 50 00 05 05 03 0E 05 0A 05 0A 09 0B 03 08 04 0C 01 0E 09 0E 04 07 00 00 00 00 04 0B 00 00 00 05 04 07 05 06 00 03 04 0B 05 06 01 0E 09 0C 03 04 00 00 04 03 09 0E 04 07 00 00 00 03 04 0B 00 00 00 07 09 0B 03 0B 
msec 35
sysex 43 50 00 05 05 03 0F 00 00 00 00 09 0E 04 09 05 0A 00 08 09 09 02 06 06 04 00 00 02 0A 02 03 00 00 09 0B 03 08 00 00 00 00 09 0C 03 0B 05 05 00 05 09 0B 04 00 00 00 00 00 03 0B 05 07 00 00 09 0E 04 05 05 0A 00 05 
msec 35
sysex 43 50 00 05 05 03 10 09 09 02 0A 00 00 00 00 02 06 00 00 00 00 09 0C 04 00 06 01 00 0A 04 04 06 04 03 0C 09 0A 02 03 00 00 00 0A 09 0E 04 05 00 00 01 09 04 09 00 00 00 00 04 05 05 06 00 07 04 09 05 06 00 05 09 0C 
msec 35
sysex 43 50 00 05 05 03 11 03 0B 00 00 00 0A 04 00 00 00 00 0A 04 04 00 00 00 0F 09 0B 03 08 04 08 03 07 09 0E 04 05 00 00 00 08 04 09 00 00 00 07 04 09 05 08 00 0A 04 05 05 08 05 03 09 0B 03 04 03 0D 00 0A 09 0E 04 05 
msec 35
sysex 43 50 00 05 05 03 12 00 00 00 0A 04 09 00 00 00 07 04 09 05 06 00 08 04 02 05 09 05 0F 09 00 05 00 00 00 00 02 09 0B 03 08 00 00 00 08 09 02 03 08 00 00 00 00 09 0B 03 0B 00 00 00 07 03 04 00 00 00 00 09 0E 04 09 
msec 35
sysex 43 50 00 05 05 03 13 00 00 00 00 04 07 05 05 00 05 04 04 05 05 00 03 09 09 02 03 05 0A 00 00 02 0A 02 05 00 00 09 0A 02 08 06 01 00 00 09 0C 03 04 05 04 00 00 09 0E 04 02 00 00 00 02 09 0B 02 08 05 0D 00 08 09 09 
msec 35
sysex 43 50 00 05 05 03 14 02 0A 00 00 00 00 02 03 00 00 05 02 09 0E 04 04 00 00 00 0F 04 07 00 00 00 08 04 07 05 03 00 02 04 04 05 03 06 0E 04 07 00 00 00 03 04 04 00 00 00 05 04 07 05 04 00 02 04 04 05 04 05 05 09 0B 
msec 35
sysex 43 50 00 05 05 03 15 03 08 04 06 00 0A 09 0E 04 04 00 00 01 02 04 07 00 00 00 07 04 07 05 00 00 03 04 04 05 00 02 03 09 0C 03 04 00 00 02 0D 09 00 04 0E 06 05 00 00 09 02 03 06 05 0B 01 09 09 0E 04 07 00 00 00 02 
msec 35
sysex 43 50 00 05 05 03 16 04 04 00 00 00 05 04 07 05 03 00 05 04 04 05 03 00 03 09 09 02 06 06 04 00 00 02 0A 02 02 00 00 09 0B 03 04 05 0D 00 00 09 0C 03 0B 04 0B 00 0A 09 09 02 0A 00 00 00 00 02 06 00 00 00 00 09 0C 
msec 35
sysex 43 50 00 05 05 03 17 04 00 05 0E 00 0A 04 04 06 06 03 0C 09 0A 02 08 00 00 00 0F 09 0E 04 04 00 00 01 01 04 07 00 00 00 08 04 04 04 0E 00 00 04 07 04 0E 00 07 09 0C 03 0B 00 00 00 0A 04 00 00 00 00 0A 04 04 00 00 
msec 35
sysex 43 50 00 05 05 03 18 00 03 09 0B 03 08 00 00 01 01 03 08 05 01 03 0C 09 0E 04 07 00 00 00 00 04 04 00 00 00 08 04 07 05 00 00 02 04 04 05 00 05 03 09 0B 03 0B 05 0A 00 0F 09 0E 04 04 00 00 01 01 04 07 00 00 00 08 
msec 35
sysex 43 50 00 05 05 03 19 04 04 04 0D 00 00 04 07 04 0D 04 06 09 00 04 0E 00 00 00 0A 09 02 03 06 00 00 00 07 09 0B 03 04 00 00 00 0A 02 08 00 00 00 08 09 00 05 00 06 0A 00 00 09 02 03 08 06 00 00 00 09 0E 04 07 00 00 
msec 35
sysex 43 50 00 05 05 03 1A 00 00 04 04 00 00 00 07 09 0B 03 0B 00 00 00 00 09 0E 04 07 05 07 00 03 09 0B 03 08 00 00 00 02 09 0E 04 04 05 07 00 03 09 09 02 03 05 0A 00 00 02 0A 02 02 00 00 09 0A 02 03 05 0E 00 00 09 0C 
msec 35
sysex 43 50 00 05 05 03 1B 03 04 05 04 00 07 09 0B 04 00 06 01 00 03 09 09 02 0A 00 00 00 00 02 03 00 00 05 02 09 0E 04 04 00 00 00 0F 04 07 00 00 00 08 04 07 04 0C 00 02 04 04 04 0C 03 00 09 0B 03 0B 04 0D 03 0E 09 0E 
msec 35
sysex 43 50 00 05 05 03 1C 04 07 00 00 00 03 04 04 00 00 00 05 04 07 05 02 00 02 04 04 05 02 05 0A 09 0B 03 08 04 0C 00 03 09 0E 04 04 00 00 00 0F 04 07 00 00 00 02 09 0A 02 03 00 00 00 05 09 0E 04 07 04 0A 00 05 04 04 
msec 35
sysex 43 50 00 05 05 03 1D 04 0A 02 06 09 0C 03 04 00 00 04 0D 09 0B 03 0B 00 00 00 00 09 0E 04 07 00 00 00 03 04 04 00 00 00 05 09 09 02 06 06 04 00 00 02 0A 02 03 00 00 09 0A 02 08 05 0E 00 00 09 0B 03 08 00 00 00 00 
msec 35
sysex 43 50 00 05 05 03 1E 09 0C 03 0B 05 05 00 00 09 0E 04 04 04 0A 00 00 04 07 04 0A 00 05 09 0B 04 00 00 00 00 00 03 0B 05 07 00 02 09 00 05 00 00 00 00 03 09 09 02 0A 00 00 00 00 02 06 00 00 00 00 09 0C 04 00 06 01 
msec 35
sysex 43 50 00 05 05 03 1F 00 07 09 02 03 08 00 00 00 03 09 0C 04 04 06 04 00 07 09 00 05 01 06 08 00 00 09 02 03 09 05 0E 04 01 09 0E 04 04 00 00 01 02 04 07 00 00 00 05 04 07 04 04 00 02 04 04 04 04 00 0A 09 0C 03 0B 
msec 35
sysex 43 50 00 05 05 03 20 00 00 00 0A 04 00 00 00 00 0A 04 04 00 00 00 0F 09 0B 03 08 04 08 04 01 09 0E 04 07 00 00 00 03 04 04 00 00 00 05 04 07 04 0B 00 02 04 04 04 0B 05 08 09 0B 03 04 03 0D 01 06 09 0A 02 08 00 00 
msec 35
sysex 43 50 00 05 05 03 21 06 0E 09 0B 03 08 00 00 00 08 03 0B 00 00 00 05 09 0E 04 07 00 00 00 02 09 01 04 00 00 00 00 00 03 0B 00 00 00 00 03 08 00 00 00 00 09 0B 03 04 00 00 00 00 09 0D 04 00 00 00 00 00 03 0B 00 00 
msec 35
sysex 43 50 00 05 05 03 22 00 00 03 08 00 00 00 00 09 0E 04 04 00 00 00 08 09 01 03 0B 06 00 00 00 03 0F 06 00 00 00 04 02 06 00 00 00 09 09 02 03 05 0A 00 00 02 0A 02 05 00 00 09 0A 02 0A 06 01 00 00 09 0C 02 0F 05 07 
msec 35
sysex 43 50 00 05 05 03 23 00 00 09 0D 03 0B 06 00 00 00 03 0F 06 00 00 00 04 02 06 00 00 05 09 0B 02 0F 05 0D 00 05 09 09 02 0A 00 00 00 00 02 03 00 00 00 0F 09 00 05 01 00 00 00 00 09 02 03 09 00 00 00 07 09 00 05 03 
msec 35
sysex 43 50 00 05 05 03 24 06 0E 00 00 09 02 03 0B 06 04 08 02 02 05 09 0B 03 06 04 06 04 06 09 0C 02 0F 00 00 05 05 09 09 02 06 06 04 00 00 02 0A 02 02 00 00 09 0C 03 0B 05 01 00 00 0F 0F 07 0F 00 07 04 03 07 0B 00 01 
msec 35
sysex 43 50 00 05 05 03 25 03 07 00 00 07 0F 07 0F 00 07 09 0B 03 03 05 0D 00 03 09 09 02 0A 00 00 00 00 02 06 00 00 00 00 09 0C 03 0F 05 0F 00 0A 04 02 06 07 03 0C 09 0A 02 0A 00 00 02 0F 09 0C 03 0B 00 00 00 0A 03 0F 
msec 35
sysex 43 50 00 05 05 03 26 00 00 00 0A 04 02 00 00 00 05 09 0B 03 06 00 00 00 0A 03 06 05 01 08 01 02 00 03 0B 06 00 07 0D 09 00 05 03 00 00 00 08 09 0B 03 03 00 00 00 02 09 02 03 0B 00 00 00 03 09 0B 02 0F 00 00 00 0A 
msec 35
sysex 43 50 00 05 05 03 27 03 06 00 00 00 05 09 00 05 05 05 0F 00 00 09 02 03 0D 05 05 00 00 09 0B 03 0B 00 00 00 05 09 09 02 03 05 0A 00 00 02 0A 02 02 00 00 09 0A 02 03 05 0E 00 00 09 0C 02 0F 05 01 00 07 09 0B 04 02 
msec 35
sysex 43 50 00 05 05 03 28 06 01 00 03 09 09 02 0A 00 00 00 00 02 03 00 00 08 01 01 06 09 0B 03 0B 04 0D 07 00 09 00 05 05 00 00 00 00 09 02 03 0D 00 00 00 08 09 00 05 03 06 03 00 00 09 02 03 0B 05 09 02 08 09 0B 03 06 
msec 35
sysex 43 50 00 05 05 03 29 04 0C 04 0B 09 0C 02 0F 00 00 04 08 09 0B 03 0B 00 00 00 05 03 06 00 00 00 08 09 09 02 06 06 04 00 00 02 0A 02 03 00 00 09 0B 03 0F 05 07 00 00 09 0C 03 0B 05 02 00 05 09 0B 04 02 00 00 00 05 
msec 35
sysex 43 50 00 05 05 03 2A 09 09 02 0A 00 00 00 00 02 06 00 00 00 00 09 0C 03 0F 05 0F 00 0A 04 02 06 08 03 0C 09 0A 02 03 00 00 02 0F 09 0C 03 0B 00 00 00 0A 03 0F 00 00 00 0A 04 02 00 00 00 0D 09 0B 03 0B 04 08 04 08 
msec 35
sysex 43 50 00 05 05 03 2B 09 00 05 03 00 00 00 0A 09 02 03 0B 00 00 00 0A 09 00 05 01 05 0A 00 00 09 02 03 09 05 00 04 0B 09 0B 03 03 03 0D 08 01 00 00 03 0B 00 00 00 05 03 0F 00 00 00 0F 03 03 00 00 00 05 09 09 02 03 
msec 35
sysex 43 50 00 05 05 03 2C 05 0A 00 00 02 0A 02 05 00 00 09 0A 02 0F 05 04 00 00 09 0C 02 0F 05 07 00 05 09 0B 02 0F 05 0D 00 05 09 09 02 0A 00 00 00 00 02 03 00 00 00 0C 09 00 05 01 00 00 00 00 09 02 03 09 00 00 00 08 
msec 35
sysex 43 50 00 05 05 03 2D 09 00 05 00 06 07 00 00 09 02 03 08 05 0D 08 02 02 07 09 0B 03 06 04 06 04 06 09 0C 02 0F 00 00 05 05 09 09 02 06 06 04 00 00 02 0A 02 02 00 00 09 0C 03 0B 05 01 00 07 09 0B 03 03 05 0D 00 03 
msec 35
sysex 43 50 00 05 05 03 2E 09 09 02 0A 00 00 00 00 02 06 00 00 00 00 09 0C 03 0F 05 0F 00 0A 04 02 06 07 00 05 09 00 05 00 00 00 00 00 09 02 03 08 00 00 00 07 09 00 05 01 06 05 00 00 09 02 03 09 05 0B 03 00 09 0A 02 0F 
msec 35
sysex 43 50 00 05 05 03 2F 00 00 02 0F 09 0C 03 0B 00 00 00 0A 03 0F 00 00 00 0A 04 02 00 00 00 05 09 0B 03 06 00 00 00 0A 03 06 05 01 08 01 02 00 03 0B 06 00 08 01 00 05 03 03 00 00 00 05 02 0F 00 00 00 0A 03 06 00 00 
msec 35
sysex 43 50 00 05 05 03 30 00 05 03 0B 00 00 00 05 09 09 02 03 05 0A 00 00 02 0A 02 02 00 00 09 0A 02 0A 05 0E 00 00 09 0C 02 0F 05 01 00 07 09 0B 04 02 06 01 00 03 09 09 02 0A 00 00 00 00 02 03 00 00 00 0A 09 00 05 01 
msec 35
sysex 43 50 00 05 05 03 31 00 00 00 00 09 02 03 09 00 00 00 07 09 00 04 0E 05 0E 00 00 09 02 03 06 05 04 08 01 00 05 09 0B 03 0B 04 0D 08 01 02 00 03 06 04 0C 04 0B 09 0C 02 0F 00 00 04 08 09 0B 03 0B 00 00 00 05 03 06 
msec 35
sysex 43 50 00 05 05 03 32 00 00 00 08 09 09 02 06 06 04 00 00 02 0A 02 03 00 00 09 0B 03 0F 05 07 00 00 09 0C 03 0B 05 02 00 05 09 0B 04 02 00 00 00 05 09 09 02 0A 00 00 00 00 02 06 00 00 00 00 09 0C 03 0F 05 0F 00 0A 
msec 35
sysex 43 50 00 05 05 03 33 09 00 04 0E 00 00 00 00 09 02 03 06 00 00 00 00 09 0C 04 02 06 08 00 07 09 00 05 00 06 05 00 00 09 02 03 08 05 0B 03 05 09 0A 02 0A 00 00 02 0F 09 0C 03 0B 00 00 00 0A 03 0F 00 00 00 0A 04 02 
msec 35
sysex 43 50 00 05 05 03 34 00 00 00 0D 09 0B 03 0B 04 08 08 01 02 07 03 03 03 0D 08 01 00 00 03 0B 00 00 00 05 03 0F 00 00 00 0C 09 01 04 02 00 00 00 00 03 0F 00 00 00 00 03 0B 00 00 00 00 09 0D 04 02 00 00 00 00 03 0F 
msec 35
sysex 43 50 00 05 05 03 35 00 00 00 00 03 0B 00 00 00 03 09 0B 03 03 00 00 00 05 09 01 03 08 06 00 00 00 03 0B 06 00 00 00 04 00 06 00 00 00 09 09 02 03 05 0A 00 00 02 0A 02 05 00 00 09 0A 02 08 06 01 00 00 09 0C 03 04 
msec 35
sysex 43 50 00 05 05 03 36 05 07 00 00 09 0D 03 08 06 00 00 00 03 0B 06 00 00 00 04 00 06 00 00 07 09 0B 02 08 05 0D 00 03 09 09 02 0A 00 00 00 00 02 03 00 00 00 0A 09 00 05 00 00 00 00 00 09 02 03 08 00 00 00 07 09 00 
msec 35
sysex 43 50 00 05 05 03 37 04 0C 05 0F 00 00 09 02 03 04 05 05 08 02 07 00 09 0C 03 04 00 00 05 05 09 09 02 06 06 04 00 00 02 0A 02 02 00 00 09 0C 03 0B 05 01 00 00 0F 0F 07 0F 00 07 04 03 07 0B 00 01 03 03 00 00 07 0F 
msec 35
sysex 43 50 00 05 05 03 38 07 0F 00 05 09 0B 03 04 05 0D 00 05 09 09 02 0A 00 00 00 00 02 06 00 00 00 00 09 0C 04 00 05 0F 00 0A 04 04 06 07 03 0C 09 0A 02 08 00 00 02 0F 09 0C 03 0B 00 00 00 0A 04 00 00 00 00 0A 04 04 
msec 35
sysex 43 50 00 05 05 03 39 00 00 00 0D 09 0B 03 08 05 01 08 01 02 00 03 0B 05 0A 00 05 09 0E 04 07 05 02 00 00 04 0E 06 09 04 0B 04 0C 05 07 00 05 04 04 03 0C 02 0F 09 0B 03 04 00 00 00 0A 02 08 00 00 00 05 03 08 00 00 
msec 35
sysex 43 50 00 05 05 03 3A 00 05 03 0B 00 00 00 08 09 09 02 03 05 0A 00 00 02 0A 02 02 00 00 09 0A 02 03 05 0E 00 00 09 0C 03 04 05 01 00 02 09 0B 04 00 06 01 00 08 09 09 02 0A 00 00 00 00 02 03 00 00 00 02 09 0E 04 0E 
msec 35
sysex 43 50 00 05 05 03 3B 00 00 00 00 04 07 00 00 00 00 04 0B 05 03 00 05 04 03 03 08 00 03 04 0C 00 00 00 05 04 04 00 00 03 04 04 04 05 06 00 03 04 0C 06 0D 02 00 04 0B 00 00 00 05 04 03 00 00 02 0D 09 0B 03 0B 04 0D 
msec 35
sysex 43 50 00 05 05 03 3C 08 01 01 0E 03 08 04 0C 04 0B 09 0C 03 04 00 00 04 0B 09 0B 03 0B 00 00 00 02 03 08 00 00 00 08 09 09 02 06 06 04 00 00 02 0A 02 03 00 00 09 0B 04 00 00 00 00 00 09 0C 03 0B 05 02 00 02 09 0B 
msec 35
sysex 43 50 00 05 05 03 3D 03 0B 05 07 00 08 09 09 02 0A 00 00 00 00 02 06 00 00 00 00 09 0C 04 00 05 0F 00 0A 04 04 06 08 03 0C 09 0A 02 03 00 00 02 0F 09 0C 03 0B 00 00 00 0A 04 00 00 00 00 0A 04 04 00 00 00 03 09 0E 
msec 35
sysex 43 50 00 05 05 03 3E 04 04 00 00 00 02 04 0C 00 00 00 0F 09 0B 03 08 04 08 05 0F 09 0E 04 09 06 05 00 03 04 02 04 0E 03 07 09 0B 03 04 03 0D 01 01 09 0E 04 07 04 0F 00 03 04 00 03 0B 01 0E 04 09 00 00 00 02 04 02 
msec 35
sysex 43 50 00 05 05 03 3F 00 00 03 02 03 0F 03 09 00 03 04 06 04 0D 00 0A 04 07 00 00 00 02 04 00 00 00 01 09 09 0B 03 08 00 00 00 00 03 0B 00 00 00 05 03 04 00 00 00 0D 09 09 02 03 05 0A 00 00 02 0A 02 05 00 00 09 0A 
msec 35
sysex 43 50 00 05 05 03 40 02 08 06 01 00 00 09 0C 03 04 05 04 00 02 09 0B 02 08 05 0D 00 08 09 09 02 0A 00 00 00 00 02 03 00 00 01 01 09 00 04 0C 00 00 00 03 09 0E 04 00 05 00 00 00 04 07 06 07 00 07 09 02 03 04 00 00 
msec 35
sysex 43 50 00 05 05 03 41 00 03 09 0E 03 0F 00 00 00 02 04 06 00 00 08 01 07 0A 09 0A 02 08 00 00 01 0C 09 09 02 06 03 08 00 00 09 0A 02 08 05 0B 00 02 09 0B 03 08 04 06 00 08 09 09 02 06 00 00 00 0C 09 0A 02 08 00 00 
msec 35
sysex 43 50 00 05 05 03 42 03 05 09 0C 03 04 00 00 00 05 09 09 02 06 04 08 00 0A 02 06 00 00 04 06 02 06 06 04 00 00 02 0A 02 02 00 00 09 0A 02 03 05 0E 00 00 09 0B 03 04 05 0D 00 00 09 0C 03 0B 04 0B 00 0A 09 09 02 0A 
msec 35
sysex 43 50 00 05 05 03 43 00 00 00 00 02 06 00 00 00 00 09 0C 04 00 05 0E 00 0A 04 04 06 06 06 0B 03 0B 00 00 00 0A 04 00 00 00 00 0A 04 04 00 00 00 03 09 0B 03 08 00 00 01 01 03 08 05 01 08 01 01 09 09 09 02 06 05 08 
msec 35
sysex 43 50 00 05 05 03 44 00 00 09 0B 03 0B 05 0A 00 05 09 0A 02 03 00 00 00 05 09 09 02 06 00 00 07 05 09 0B 03 04 00 00 00 0A 02 08 00 00 00 0F 03 0B 00 00 00 03 03 08 00 00 00 02 09 0E 04 00 00 00 00 00 04 07 00 00 
msec 35
sysex 43 50 00 05 05 03 45 00 03 09 09 02 03 05 0A 00 00 02 0A 02 02 00 00 09 0A 02 05 05 0E 00 00 09 0C 03 04 05 04 00 07 09 0B 03 08 04 04 00 03 09 09 02 0A 00 00 00 00 02 03 00 00 00 07 09 0B 03 0B 04 0E 00 0D 04 00 
msec 35
sysex 43 50 00 05 05 03 46 05 0E 08 02 02 02 09 09 03 00 04 04 00 05 09 0A 02 05 00 00 00 05 09 09 03 00 00 00 04 01 09 0C 03 04 00 00 01 01 09 0B 03 08 00 00 00 0A 03 0B 00 00 02 0B 04 00 00 00 00 0F 09 09 02 06 03 0C 
msec 35
sysex 43 50 00 05 05 03 47 00 00 02 0A 02 03 00 00 03 00 03 06 00 00 09 0A 02 07 05 0E 00 00 09 0C 03 0B 05 05 00 05 09 0B 03 04 04 07 00 05 09 09 03 00 00 00 00 00 02 0A 00 00 00 00 02 06 00 00 00 00 09 0C 04 00 06 01 
msec 35
sysex 43 50 00 05 05 03 48 00 05 09 0B 03 08 05 01 00 05 09 0C 04 04 06 04 00 07 09 0B 03 0B 05 0D 06 04 09 0C 03 0B 00 00 00 0A 04 00 00 00 00 0A 04 04 00 00 08 01 02 0D 09 09 02 0D 04 04 00 05 09 0A 02 07 00 00 00 05 
msec 35
sysex 43 50 00 05 05 03 49 09 09 02 0D 00 00 05 00 09 0B 03 04 00 00 00 0A 03 08 00 00 00 0C 03 0B 00 00 02 08 09 01 04 00 00 00 00 00 03 0B 00 00 00 00 03 08 00 00 00 00 09 0D 04 00 00 00 00 00 03 0B 00 00 00 00 03 08 
msec 35
sysex 43 50 00 05 05 03 4A 00 00 00 08 09 00 04 0C 06 0D 00 00 09 01 03 08 06 01 00 00 03 0B 06 01 00 00 04 00 06 01 00 00 09 02 03 04 06 09 00 00 09 09 02 03 05 0B 00 00 02 0A 02 06 00 00 02 0D 03 06 00 00 03 03 04 00 
msec 35
sysex 43 50 00 05 05 03 4B 00 00 09 0A 02 08 06 03 00 00 09 0C 03 04 05 08 00 00 09 0D 03 08 06 01 00 00 03 0B 06 01 00 00 04 00 06 01 00 00 09 0E 04 04 05 07 00 07 09 0B 02 08 05 0E 00 03 09 09 03 03 00 00 00 00 02 03 
msec 35
sysex 43 50 00 05 05 03 4C 00 00 00 00 02 0A 00 00 00 00 02 0D 00 00 06 0B 09 0E 04 04 00 00 00 08 04 04 05 05 02 03 09 09 02 0A 01 0E 00 0A 02 0A 00 00 03 09 09 0E 04 04 00 00 00 08 04 04 05 06 05 05 09 09 02 0A 01 0F 
msec 35
sysex 43 50 00 05 05 03 4D 00 0A 02 0A 00 00 01 09 09 0E 04 04 00 00 00 07 04 04 05 02 02 01 09 0C 03 04 00 00 05 02 09 0E 04 04 00 00 00 03 09 09 02 06 06 05 00 00 02 0A 02 03 00 00 09 0C 03 0B 05 02 00 05 09 0B 03 04 
msec 35
sysex 43 50 00 05 05 03 4E 05 0E 00 00 09 0E 04 04 05 05 00 05 09 09 02 0A 00 00 00 00 02 06 00 00 00 00 09 0C 04 00 06 00 00 0A 04 04 06 08 03 0C 09 0A 02 08 00 00 02 05 09 0E 04 04 00 00 00 08 04 04 05 00 00 02 09 0C 
msec 35
sysex 43 50 00 05 05 03 4F 03 0B 00 00 00 0A 04 00 00 00 00 0A 04 04 00 00 00 0D 09 09 02 0A 01 0C 00 00 09 0B 03 08 05 02 00 0A 09 09 02 0A 00 00 03 0E 09 0E 04 04 00 00 00 08 04 04 05 02 05 00 09 09 02 0A 02 00 00 00 
msec 35
sysex 43 50 00 05 05 03 50 09 0B 03 0B 05 0B 00 0A 09 09 02 0A 00 00 00 0F 09 0E 04 04 00 00 00 07 04 04 04 0F 06 04 09 0B 03 04 00 00 00 0A 02 08 00 00 00 03 09 0E 04 04 00 00 00 02 09 0B 03 08 00 00 00 05 03 0B 00 00 
msec 35
sysex 43 50 00 05 05 03 51 00 00 09 0E 04 04 05 02 00 08 09 09 02 03 05 0B 00 00 02 0A 02 03 00 00 09 0A 02 03 06 01 00 00 09 0C 03 04 05 02 00 02 09 0B 04 00 06 02 00 08 09 09 02 0A 00 00 00 00 02 03 00 00 06 01 09 0E 
msec 35
sysex 43 50 00 05 05 03 52 04 04 00 00 00 08 04 04 05 00 02 0D 09 09 02 0A 02 02 00 02 09 0B 03 0B 04 0E 00 08 09 09 02 0A 00 00 03 09 09 0E 04 04 00 00 00 08 04 04 05 01 03 0C 09 00 04 0C 00 00 01 09 09 09 02 0A 02 02 
msec 35
sysex 43 50 00 05 05 03 53 00 00 09 0B 03 08 04 0D 00 0A 09 09 02 0A 00 00 01 04 09 0E 04 04 00 00 00 07 04 04 04 0D 02 06 09 0C 03 04 00 00 01 04 09 02 03 04 00 00 03 02 09 0E 04 04 00 00 00 05 09 0B 03 0B 00 00 00 02 
msec 35
sysex 43 50 00 05 05 03 54 03 08 00 00 00 00 09 0E 04 04 05 00 00 08 09 09 02 06 06 05 00 00 02 0A 02 04 00 00 09 0B 04 00 00 00 00 00 09 0C 03 0B 05 03 00 02 09 0B 03 0B 05 08 00 08 09 09 02 0A 00 00 00 00 02 06 00 00 
msec 35
sysex 43 50 00 05 05 03 55 00 00 09 0C 04 00 06 00 00 02 09 00 04 0C 07 02 00 08 09 0C 04 04 06 09 02 05 09 02 03 04 06 0E 01 07 09 0A 02 03 00 00 02 00 09 0E 04 04 00 00 00 08 04 04 04 0B 00 07 09 0C 03 0B 00 00 00 0A 
msec 35
sysex 43 50 00 05 05 03 56 04 00 00 00 00 0A 04 04 00 00 00 0D 09 09 02 0A 01 0D 00 07 09 0B 03 08 04 09 00 03 09 09 02 0A 00 00 03 09 09 0E 04 04 00 00 00 08 04 04 04 0D 05 05 09 09 02 0A 02 01 00 00 09 0B 03 04 03 0E 
msec 35
sysex 43 50 00 05 05 03 57 00 0A 09 09 02 0A 00 00 01 06 09 0E 04 04 00 00 00 08 04 04 04 0A 05 00 09 00 04 0C 00 00 01 06 09 0B 03 08 00 00 00 00 03 0B 00 00 00 03 09 0E 04 04 00 00 00 02 09 0B 03 04 00 00 00 05 09 0E 
msec 35
sysex 43 50 00 05 05 03 58 04 04 04 0F 00 08 09 09 02 03 05 0B 00 00 02 0A 02 06 00 00 09 0A 02 08 05 0C 00 00 09 0C 03 04 05 05 00 02 09 0B 02 08 05 0E 00 03 09 02 03 04 00 00 00 05 09 09 02 0A 00 00 00 00 02 03 00 00 
msec 35
sysex 43 50 00 05 05 03 59 01 01 09 00 04 0C 06 0B 00 00 09 02 03 04 06 07 05 00 09 0E 04 04 00 00 00 08 04 04 04 09 02 0D 09 09 02 0A 01 0E 00 0A 02 0A 00 00 03 09 09 0E 04 04 00 00 00 08 04 04 04 0F 05 05 09 09 02 0A 
msec 35
sysex 43 50 00 05 05 03 5A 01 0F 00 02 09 0B 03 08 04 07 00 08 09 09 02 0A 00 00 00 0F 09 0E 04 04 00 00 00 07 04 04 04 07 02 0B 09 0C 03 04 00 00 01 04 09 00 04 0C 00 00 00 00 09 02 03 04 00 00 03 09 09 0E 04 04 00 00 
msec 35
sysex 43 50 00 05 05 03 5B 00 08 09 09 02 06 06 05 00 00 02 0A 02 03 00 00 09 0B 03 04 05 0E 00 00 09 0C 03 0B 04 0C 00 00 09 0E 04 04 04 07 00 0A 09 09 02 0A 00 00 00 00 02 06 00 00 00 00 09 0C 04 00 05 0F 00 0A 04 04 
msec 35
sysex 43 50 00 05 05 03 5C 06 07 00 02 09 00 04 0C 06 0A 00 00 09 02 03 04 06 06 03 0A 09 0A 02 08 00 00 01 0E 09 0E 04 04 00 00 00 05 04 04 04 01 00 0C 09 0C 03 0B 00 00 00 0A 04 00 00 00 00 0A 04 04 00 00 00 03 09 0B 
msec 35
sysex 43 50 00 05 05 03 5D 03 08 00 00 00 0A 09 09 02 0A 01 0C 00 07 09 0B 03 08 05 02 00 03 09 09 02 0A 00 00 03 09 09 0E 04 04 00 00 00 08 04 04 04 08 05 05 09 09 02 0A 02 00 00 00 09 0B 03 0B 05 0B 00 0A 09 09 02 0A 
msec 35
sysex 43 50 00 05 05 03 5E 00 00 07 05 09 0B 03 04 00 00 00 0A 02 08 00 00 00 0F 03 0B 00 00 00 03 03 08 00 00 00 05 09 09 02 03 05 0B 00 00 02 0A 02 03 00 00 09 0A 02 03 05 0D 00 00 09 0C 03 04 05 05 00 07 09 0B 04 00 
msec 35
sysex 43 50 00 05 05 03 5F 06 02 00 03 09 09 02 0A 00 00 00 00 02 03 00 00 00 02 09 00 04 0C 00 00 00 00 09 02 03 04 00 00 00 08 09 00 04 0E 06 0A 00 00 09 02 03 06 06 06 08 01 00 0C 09 09 02 0A 02 02 00 05 09 0B 03 0B 
msec 35
sysex 43 50 00 05 05 03 60 04 0E 00 05 09 09 02 0A 00 00 08 01 01 06 02 0A 02 02 00 07 09 0B 03 08 04 0D 00 03 09 09 02 0A 00 00 04 01 09 0C 03 04 00 00 03 0E 09 00 04 0E 00 00 00 00 09 02 03 06 00 00 00 0F 09 0B 03 0B 
msec 35
sysex 43 50 00 05 05 03 61 00 00 00 08 09 09 02 06 06 05 00 00 02 0A 02 04 00 00 09 0B 03 08 00 00 00 00 09 0C 03 0B 05 06 00 05 09 00 05 00 06 0B 00 00 09 02 03 08 06 07 00 00 09 0B 04 00 00 00 00 00 03 0B 05 08 00 05 
msec 35
sysex 43 50 00 05 05 03 62 09 09 02 0A 00 00 00 00 02 06 00 00 00 00 09 0C 04 00 06 02 00 0A 04 04 06 05 03 0C 09 0A 02 03 00 00 02 0F 09 0C 03 0B 00 00 00 0A 04 00 00 00 00 0A 04 04 00 00 00 0D 09 09 02 0A 01 0D 00 02 
msec 35
sysex 43 50 00 05 05 03 63 09 0B 03 08 04 09 00 08 09 09 02 0A 00 00 08 01 01 06 02 0A 02 01 00 05 09 0B 03 04 03 0E 00 05 09 09 02 0A 00 00 01 04 09 0E 04 04 00 00 06 0B 09 0B 03 08 00 00 00 08 03 0B 00 00 00 07 09 01 
msec 35
sysex 43 50 00 05 05 03 64 04 00 00 00 00 00 03 0B 00 00 00 00 03 08 00 00 00 00 09 0B 03 04 00 00 00 00 09 0D 04 00 00 00 00 00 03 0B 00 00 00 00 03 08 00 00 00 08 09 01 03 0B 06 01 00 00 03 0F 06 01 00 00 04 02 06 01 
msec 35
sysex 43 50 00 05 05 03 65 00 00 09 09 02 03 05 0B 00 00 02 0A 02 06 00 00 09 0A 02 0A 05 0F 00 00 09 0C 02 0F 05 08 00 00 09 0D 03 0B 06 01 00 00 03 0F 06 01 00 00 04 02 06 01 00 02 09 00 05 00 00 00 00 00 09 02 03 08 
msec 35
sysex 43 50 00 05 05 03 66 00 00 00 03 09 0B 02 0F 05 0E 00 05 09 00 04 0E 06 06 00 00 09 09 02 0A 00 00 00 00 02 03 00 00 01 0E 09 02 03 06 06 02 07 08 09 09 02 0A 01 0E 00 0A 02 0A 00 00 08 01 01 06 02 0A 01 0F 00 05 
msec 35
sysex 43 50 00 05 05 03 67 09 0B 03 06 04 07 00 05 09 09 02 0A 00 00 04 01 09 0C 02 0F 00 00 05 05 09 09 02 06 06 05 00 00 02 0A 02 03 00 00 09 0C 03 0B 05 02 00 00 0F 0F 07 0F 00 07 04 03 07 0B 00 01 03 07 00 00 07 0F 
msec 35
sysex 43 50 00 05 05 03 68 07 0F 00 07 09 0B 03 03 05 0E 00 03 09 09 02 0A 00 00 00 00 02 06 00 00 00 00 09 0C 04 02 06 00 00 0A 04 05 06 08 03 0C 09 0A 02 0A 00 00 02 0F 09 0C 03 0B 00 00 00 0A 04 02 00 00 00 0A 04 05 
msec 35
sysex 43 50 00 05 05 03 69 00 00 00 05 09 0B 03 06 00 00 00 08 09 09 02 0A 01 0C 00 02 09 0B 03 06 05 02 00 08 09 09 02 0A 00 00 08 01 01 06 02 0A 02 00 00 02 09 0B 03 0B 06 01 00 08 09 09 02 0A 00 00 07 0D 09 0B 03 03 
msec 35
sysex 43 50 00 05 05 03 6A 00 00 00 05 02 0F 00 00 00 0A 03 06 00 00 00 05 03 0B 00 00 00 05 09 09 02 03 05 0B 00 00 02 0A 02 03 00 00 09 0A 02 03 05 0D 00 00 09 0C 02 0F 05 02 00 07 09 0B 04 02 06 02 00 03 09 09 02 0A 
msec 35
sysex 43 50 00 05 05 03 6B 00 00 00 00 02 03 00 00 08 01 01 06 02 0A 02 02 00 00 09 0B 03 0B 04 0E 00 0A 09 09 02 0A 00 00 08 01 01 06 02 0A 02 02 00 00 09 0B 03 06 04 0D 00 0A 09 09 02 0A 00 00 04 01 09 0C 02 0F 00 00 
msec 35
sysex 43 50 00 05 05 03 6C 04 08 09 0B 03 0B 00 00 00 05 03 06 00 00 00 08 09 09 02 06 06 05 00 00 02 0A 02 04 00 00 09 0B 03 0F 05 08 00 00 09 0C 03 0B 05 03 00 05 09 0B 04 02 00 00 00 05 09 09 02 0A 00 00 00 00 02 06 
msec 35
sysex 43 50 00 05 05 03 6D 00 00 00 00 09 0C 04 02 06 00 00 0A 04 05 06 09 03 0C 09 0A 02 03 00 00 02 0F 09 0C 03 0B 00 00 00 0A 04 02 00 00 00 0A 04 05 00 00 00 0D 09 09 02 0A 01 0D 00 00 09 0B 03 0B 04 09 00 0A 09 09 
msec 35
sysex 43 50 00 05 05 03 6E 02 0A 00 00 08 01 01 06 02 0A 02 01 00 07 09 0B 03 03 03 0E 00 03 09 09 02 0A 00 00 02 05 09 00 04 0E 00 00 01 0E 09 02 03 06 00 00 03 0A 09 0B 03 0B 00 00 00 05 03 0F 00 00 00 0F 03 03 00 00 
msec 35
sysex 43 50 00 05 05 03 6F 00 00 09 0E 04 0E 07 07 00 05 09 09 02 03 05 0B 00 00 02 0A 02 06 00 00 09 0A 02 0A 06 02 00 00 09 0C 02 0F 05 08 00 05 09 0B 02 0F 05 0E 00 02 09 0E 05 01 06 09 00 03 09 09 02 0A 00 00 00 00 
msec 35
sysex 43 50 00 05 05 03 70 02 03 00 00 08 01 01 06 02 0A 01 0E 00 00 09 0E 05 00 05 0B 00 07 05 03 04 09 00 03 09 09 02 0A 00 00 00 0F 09 0E 05 01 00 00 00 05 04 0E 00 00 07 0D 04 0E 04 0F 00 05 09 09 02 0A 01 0F 00 02 
msec 35
sysex 43 50 00 05 05 03 71 09 0E 05 01 04 02 00 03 09 0B 03 06 04 07 00 05 09 09 02 0A 00 00 00 05 09 0E 05 03 00 00 01 0B 05 00 00 00 02 01 09 0C 02 0F 00 00 04 08 09 0E 04 0E 00 00 00 03 04 0C 06 09 00 0A 09 09 02 06 
msec 35
sysex 43 50 00 05 05 03 72 06 05 00 00 02 0A 02 03 00 00 09 0C 03 0B 05 02 00 02 09 0E 05 00 06 09 00 03 05 01 00 00 00 02 09 0B 03 03 05 0E 00 03 09 09 02 0A 00 00 00 00 02 06 00 00 00 00 09 0C 04 02 06 00 00 0A 04 05 
msec 35
sysex 43 50 00 05 05 03 73 06 08 03 0C 09 0A 02 0A 00 00 02 0F 09 0C 03 0B 00 00 00 05 09 0E 05 00 00 00 00 05 09 0C 04 02 00 00 00 0A 04 05 00 00 00 03 09 0E 04 0E 05 0D 00 02 09 0B 03 06 00 00 00 05 09 0E 05 01 04 0B 
msec 35
sysex 43 50 00 05 05 03 74 00 03 09 09 02 0A 01 0C 00 02 09 0B 03 06 05 02 00 08 09 09 02 0A 00 00 00 0A 09 0E 04 0C 00 00 08 01 00 04 04 0C 05 02 00 03 04 0E 00 00 00 02 05 00 04 01 00 03 09 09 02 0A 02 00 00 02 09 0B 
msec 35
sysex 43 50 00 05 05 03 75 03 0B 06 01 00 08 09 09 02 0A 00 00 00 02 09 0E 05 01 00 00 07 01 05 00 00 00 00 0A 09 0B 03 03 00 00 00 05 02 0F 00 00 00 0A 03 06 00 00 00 05 03 0B 00 00 00 00 09 0E 04 0B 06 0A 00 02 04 0E 
msec 35
sysex 43 50 00 05 05 03 76 05 0B 00 03 09 09 02 03 05 0B 00 00 02 0A 02 03 00 00 09 0A 02 03 06 00 00 00 09 0C 02 0F 05 02 00 07 09 0B 04 02 06 02 00 03 09 09 02 0A 00 00 00 00 02 03 00 00 01 04 09 0E 04 0C 00 00 07 0A 
msec 35
sysex 43 50 00 05 05 03 77 05 00 04 0A 00 08 09 09 02 0A 02 02 00 00 09 0B 03 0B 04 0E 00 02 09 0E 04 0C 05 05 00 08 09 09 02 0A 00 00 00 00 09 0E 04 0E 00 00 00 07 04 0B 00 00 08 01 00 0A 04 0B 05 0C 00 00 04 0E 03 0F 
msec 35
sysex 43 50 00 05 05 03 78 00 05 09 09 02 0A 02 02 00 00 09 0B 03 06 04 0D 00 0A 09 09 02 0A 00 00 01 04 09 0E 04 0C 00 00 00 07 05 00 00 00 02 06 09 0C 02 0F 00 00 03 09 09 0E 04 0E 00 00 00 0F 09 0B 03 0B 00 00 00 03 
msec 35
sysex 43 50 00 05 05 03 79 09 0E 04 0C 05 0D 00 02 09 0B 03 06 00 00 00 05 09 0E 04 09 06 0C 00 03 09 09 02 06 06 05 00 00 02 0A 02 04 00 00 09 0B 03 0F 05 08 00 00 09 0C 03 0B 05 03 00 05 09 0B 04 02 00 00 00 05 09 09 
msec 35
sysex 43 50 00 05 05 03 7A 02 0A 00 00 00 00 02 06 00 00 00 00 09 0C 04 02 06 00 00 0A 04 05 06 09 00 05 09 0E 04 0B 00 00 03 07 09 0A 02 03 00 00 02 0F 09 0C 03 0B 00 00 00 0A 04 02 00 00 00 05 09 0E 04 0E 04 0E 00 05 
msec 35
sysex 43 50 00 05 05 03 7B 09 0C 04 05 00 00 00 03 09 0E 04 09 00 00 00 05 04 0B 05 09 00 05 09 09 02 0A 01 0D 00 00 09 0B 03 0B 04 09 00 05 09 0E 04 0C 00 00 00 05 09 09 02 0A 00 00 08 01 00 02 09 0E 04 0E 00 00 00 07 
msec 35
sysex 43 50 00 05 05 03 7C 04 0C 04 05 00 0A 04 09 05 02 00 03 09 09 02 0A 02 01 00 07 09 0B 03 03 03 0E 00 03 09 09 02 0A 00 00 00 0A 09 0E 04 0B 00 00 06 0E 04 09 00 00 00 05 09 0B 03 0B 00 00 00 05 03 0F 00 00 00 07 
msec 35
sysex 43 50 00 05 05 03 7D 09 0E 04 0C 00 00 00 05 09 01 04 02 00 00 00 00 03 0F 00 00 00 00 03 0B 00 00 00 00 09 0D 04 02 00 00 00 00 03 0F 00 00 00 00 03 0B 00 00 00 03 09 0B 03 03 00 00 00 00 09 0E 04 0B 05 0B 00 05 
msec 35
sysex 43 50 00 05 05 03 7E 09 01 03 0B 06 01 00 00 03 0F 06 01 00 00 04 02 06 01 00 00 09 09 02 03 05 0B 00 00 02 0A 02 06 00 00 09 0A 02 0F 06 02 00 00 09 0C 02 0F 05 08 00 00 09 0D 03 0B 06 01 00 00 03 0F 06 01 00 00 
msec 35
sysex 43 50 00 05 05 03 7F 04 02 06 01 00 02 09 00 05 03 06 06 00 00 09 0B 02 0F 05 0D 00 00 09 0E 04 07 06 06 00 08 09 09 02 0A 00 00 00 00 02 03 00 00 00 07 09 02 03 0B 06 02 08 01 00 0F 09 09 02 0A 01 0E 00 0A 02 0A 
msec 35
sysex 43 50 00 05 05 04 00 00 00 08 01 01 06 02 0A 01 0F 00 0A 02 0A 00 00 04 01 09 0C 02 0F 00 00 00 02 09 0E 04 0B 00 00 05 03 09 09 02 06 06 05 00 00 02 0A 02 03 00 00 09 0C 03 0B 05 02 00 02 09 0B 03 03 05 0E 00 08 
msec 35
sysex 43 50 00 05 05 04 01 09 09 02 0A 00 00 00 00 02 06 00 00 00 00 09 0C 04 02 06 00 00 0A 04 05 06 08 03 0C 09 0A 02 0F 00 00 02 0F 09 0C 03 0B 00 00 00 0A 04 02 00 00 00 0A 04 05 00 00 00 0D 09 09 02 0A 01 0C 00 00 
msec 35
sysex 43 50 00 05 05 04 02 09 0B 03 06 05 02 00 0A 09 09 02 0A 00 00 08 01 01 06 02 0A 02 00 00 05 09 0B 03 0B 05 0B 00 05 09 09 02 0A 00 00 02 00 09 0E 04 07 00 00 05 08 09 0B 03 03 00 00 00 07 02 0F 00 00 00 0A 03 06 
msec 35
sysex 43 50 00 05 05 04 03 00 00 00 0A 03 0B 00 00 00 03 09 09 02 03 05 0B 00 00 02 0A 02 03 00 00 09 0A 02 0A 05 0F 00 00 09 0C 02 0F 05 02 00 05 09 0B 03 0F 06 02 00 05 09 09 02 0A 00 00 00 00 02 03 00 00 08 01 01 06 
msec 35
sysex 43 50 00 05 05 04 04 02 0A 02 02 00 07 09 0B 03 0B 04 0E 00 03 09 09 02 0A 00 00 08 01 01 06 02 0A 02 02 00 05 09 0B 03 06 04 0D 00 05 09 09 02 0A 00 00 04 01 09 0C 02 0F 00 00 02 03 09 00 05 03 00 00 00 0F 09 02 
msec 35
sysex 43 50 00 05 05 04 05 03 0B 00 00 01 0E 09 0B 03 0B 00 00 00 02 03 06 00 00 00 03 09 09 02 06 06 05 00 00 02 0A 02 04 00 00 09 0B 03 0B 05 08 00 00 09 0C 03 0B 05 03 00 02 09 0B 03 0F 00 00 00 05 09 00 05 01 06 04 
msec 35
sysex 43 50 00 05 05 04 06 00 03 09 09 02 0A 00 00 00 00 02 06 00 00 00 00 09 0C 04 02 06 00 00 0A 04 05 06 09 00 0A 09 02 03 09 06 00 03 02 09 0A 02 0A 00 00 02 0F 09 0C 03 0B 00 00 00 0A 04 02 00 00 00 0A 04 05 00 00 
msec 35
sysex 43 50 00 05 05 04 07 00 0D 09 09 02 0A 01 0D 00 05 09 0B 03 06 04 09 00 05 09 09 02 0A 00 00 08 01 01 06 02 0A 02 01 00 07 09 0B 03 03 03 0E 00 03 09 09 02 0A 00 00 08 01 00 02 09 0B 03 06 00 00 00 00 03 0B 00 00 
msec 35
sysex 43 50 00 05 05 04 08 00 0A 09 00 05 01 00 00 00 05 09 0B 03 03 00 00 00 05 09 09 02 03 05 0B 00 00 02 0A 02 06 00 00 09 0A 02 0F 06 02 00 00 09 0C 02 0F 05 08 00 02 09 0B 02 0F 05 0D 00 08 09 09 02 0A 00 00 00 00 
msec 35
sysex 43 50 00 05 05 04 09 02 03 00 00 00 02 09 02 03 09 00 00 00 0A 09 00 05 00 06 0C 00 00 09 02 03 08 06 08 08 01 00 0A 09 09 02 0A 01 0E 00 0A 02 0A 00 00 08 01 01 06 02 0A 01 0F 00 02 09 0B 03 06 04 07 00 08 09 09 
msec 35
sysex 43 50 00 05 05 04 0A 02 0A 00 00 04 01 09 0C 02 0F 00 00 05 05 09 09 02 06 06 05 00 00 02 0A 02 03 00 00 09 0C 03 0B 05 02 00 07 09 0B 03 03 05 0E 00 03 09 09 02 0A 00 00 00 00 02 06 00 00 00 00 09 0C 04 02 06 00 
msec 35
sysex 43 50 00 05 05 04 0B 00 0A 04 05 06 08 03 0C 09 0A 02 0F 00 00 02 0F 09 0C 03 0B 00 00 00 0A 04 02 00 00 00 0A 04 05 00 00 00 03 09 0B 03 06 00 00 00 0A 09 09 02 0A 01 0C 00 02 09 0B 03 06 05 02 00 08 09 09 02 0A 
msec 35
sysex 43 50 00 05 05 04 0C 00 00 08 01 01 06 02 0A 02 00 00 07 09 0B 03 0B 05 0B 00 03 09 09 02 0A 00 00 07 0D 09 00 05 00 00 00 00 00 09 02 03 08 00 00 00 00 09 0B 03 03 00 00 00 02 02 0F 00 00 00 0D 03 06 00 00 00 0A 
msec 35
sysex 43 50 00 05 05 04 0D 09 09 02 03 05 0B 00 00 02 0A 02 03 00 00 09 0A 02 0A 05 0F 00 00 09 0B 03 0B 00 00 00 00 09 0C 02 0F 05 02 00 07 09 0B 03 0F 06 02 00 03 09 09 02 0A 00 00 00 00 02 03 00 00 00 05 09 00 04 0E 
msec 35
sysex 43 50 00 05 05 04 0E 06 0A 00 07 09 02 03 06 06 06 08 01 00 0A 09 09 02 0A 02 02 00 07 09 0B 03 0B 04 0E 00 03 09 09 02 0A 00 00 08 01 01 06 02 0A 02 02 00 07 09 0B 03 06 04 0D 00 03 09 09 02 0A 00 00 04 01 09 0C 
msec 35
sysex 43 50 00 05 05 04 0F 02 0F 00 00 05 00 09 0B 03 0B 00 00 00 05 09 09 02 06 06 05 00 00 02 0A 02 04 00 00 09 0B 03 06 00 00 00 00 09 0C 03 0B 05 03 00 05 09 0B 03 0F 00 00 00 02 03 0B 05 08 00 03 09 09 02 0A 00 00 
msec 35
sysex 43 50 00 05 05 04 10 00 00 02 06 00 00 00 00 09 0C 04 02 06 00 00 0A 04 05 06 09 03 0C 09 0A 02 0A 00 00 02 0F 09 0C 03 0B 00 00 00 0A 04 02 00 00 00 0A 04 05 00 00 00 0D 09 09 02 0A 01 0D 00 05 09 0B 03 06 04 09 
msec 35
sysex 43 50 00 05 05 04 11 00 05 09 09 02 0A 00 00 08 01 01 06 02 0A 02 01 00 07 09 0B 03 03 03 0E 00 03 09 09 02 0A 00 00 06 06 09 00 04 0E 00 00 00 08 09 02 03 06 00 00 01 04 09 0B 03 06 00 00 00 07 03 0B 00 00 00 05 
msec 35
sysex 43 50 00 05 05 04 12 09 01 04 02 00 00 00 00 03 0F 00 00 00 00 03 0B 00 00 00 00 09 0D 04 02 00 00 00 00 03 0F 00 00 00 00 03 0B 00 00 00 03 09 0B 03 03 00 00 00 05 09 01 03 0D 06 01 00 00 04 00 06 01 00 00 04 05 
msec 35
sysex 43 50 00 05 05 04 13 06 01 00 00 09 09 02 03 05 0B 00 00 02 0A 02 06 00 00 09 0A 02 0D 06 04 00 00 09 0C 02 0D 05 08 00 00 09 0D 03 0D 06 01 00 00 04 00 06 01 00 00 04 05 06 01 00 07 09 00 05 01 06 0F 00 00 09 0B 
msec 35
sysex 43 50 00 05 05 04 14 02 0D 05 0D 00 03 09 09 02 0A 00 00 00 00 02 03 00 00 01 04 09 02 03 09 06 0B 08 01 00 02 09 09 02 0A 01 0E 00 0A 02 0A 00 00 08 01 01 06 02 0A 01 0F 00 02 09 0B 03 04 04 07 00 08 09 09 02 0A 
msec 35
sysex 43 50 00 05 05 04 15 00 00 04 01 09 0C 02 0D 00 00 05 05 09 09 02 06 06 05 00 00 02 0A 02 03 00 00 09 0B 03 01 05 0E 00 00 09 0C 03 0D 05 02 00 00 0F 0F 07 0F 00 07 04 03 07 0B 00 01 03 06 00 00 07 0F 07 0F 00 0A 
msec 35
sysex 43 50 00 05 05 04 16 09 09 02 0A 00 00 00 00 02 06 00 00 00 00 09 0C 04 00 06 00 00 0A 04 05 06 08 06 0B 03 0D 00 00 00 0A 04 00 00 00 00 0A 04 05 00 00 00 03 09 0B 03 04 00 00 00 0A 09 09 02 0A 01 0C 00 00 09 0B 
msec 35
sysex 43 50 00 05 05 04 17 03 04 05 02 00 0A 09 09 02 0A 00 00 01 0E 09 0A 02 0D 00 00 07 08 09 09 02 0A 02 00 00 00 09 0B 03 09 06 01 00 0A 09 09 02 0A 00 00 07 05 09 0B 03 01 00 00 00 0F 02 0D 00 00 00 05 03 04 00 00 
msec 35
sysex 43 50 00 05 05 04 18 00 05 09 01 04 05 00 00 00 00 03 0D 00 00 00 00 09 0B 03 09 00 00 00 00 09 0D 04 05 00 00 00 00 03 0D 00 00 00 05 09 00 05 01 00 00 00 03 09 01 03 0B 06 01 00 00 04 04 06 01 00 00 09 09 02 03 
msec 35
sysex 43 50 00 05 05 04 19 05 0B 00 00 02 0A 02 03 00 00 09 0A 02 0C 05 0D 00 00 09 0C 02 0C 05 02 00 00 09 0D 03 0B 06 01 00 00 04 04 06 01 00 00 0F 0F 07 0F 00 07 04 03 07 0B 00 01 03 03 00 00 07 0F 07 0F 00 05 09 00 
msec 35
sysex 43 50 00 05 05 04 1A 05 00 06 0F 00 02 09 0B 04 00 06 01 00 03 09 09 02 0A 00 00 00 00 02 03 00 00 00 07 09 02 03 08 06 0B 00 03 03 09 00 00 08 01 00 0C 09 09 02 0A 02 02 00 02 09 0B 03 0B 04 0E 00 08 09 09 02 0A 
msec 35
sysex 43 50 00 05 05 04 1B 00 00 08 01 01 06 02 0A 02 02 00 07 09 0B 03 08 04 0D 00 03 09 09 02 0A 00 00 04 01 09 0C 02 0C 00 00 04 01 09 0B 04 00 00 00 00 0A 03 0B 00 00 00 0A 09 09 02 06 06 05 00 00 02 0A 02 04 00 00 
msec 35
sysex 43 50 00 05 05 04 1C 09 0B 03 08 00 00 00 00 03 0B 05 07 00 00 09 0C 03 0B 05 03 00 0A 09 09 02 0A 00 00 00 00 02 06 00 00 00 00 09 0C 04 00 06 00 00 0A 04 04 06 09 06 0B 03 0B 00 00 00 0A 04 00 00 00 00 0A 04 04 
msec 35
sysex 43 50 00 05 05 04 1D 00 00 00 0D 09 09 02 0A 01 0D 00 07 09 0B 03 08 04 09 00 03 09 09 02 0A 00 00 01 0E 09 0A 02 0C 00 00 07 08 09 09 02 0A 02 01 00 05 09 0B 03 04 03 0E 00 05 09 09 02 0A 00 00 07 00 09 0B 03 0B 
msec 35
sysex 43 50 00 05 05 04 1E 00 00 01 04 03 08 00 00 00 0A 09 00 05 00 00 00 00 00 09 01 04 04 00 00 00 00 03 0B 00 00 00 00 04 00 00 00 00 00 09 0B 03 04 00 00 00 00 09 0D 04 04 00 00 00 00 03 0B 00 00 00 00 04 00 00 00 
msec 35
sysex 43 50 00 05 05 04 1F 00 08 09 00 04 0E 06 0F 00 00 09 01 03 0B 06 01 00 00 03 0F 06 01 00 00 04 02 06 01 00 00 09 09 02 03 05 0B 00 00 02 0A 02 06 00 00 09 0A 02 0A 06 02 00 00 09 0C 02 0A 05 08 00 00 09 0D 03 0B 
msec 35
sysex 43 50 00 05 05 04 20 06 01 00 00 03 0F 06 01 00 00 04 02 06 01 00 02 09 0B 02 0F 05 0D 00 03 09 02 03 08 00 00 00 00 03 06 06 0B 00 05 09 09 02 0A 00 00 00 00 02 03 00 00 08 01 01 06 02 0A 01 0E 00 0A 02 0A 00 00 
msec 35
sysex 43 50 00 05 05 04 21 08 01 00 0E 09 00 04 0E 00 00 00 05 09 02 03 06 00 00 00 03 09 09 02 06 03 09 00 00 02 0A 01 0F 00 02 09 00 05 00 06 0D 00 00 09 0B 03 06 04 07 00 08 09 09 02 0A 00 00 00 00 02 06 00 00 00 0C 
msec 35
sysex 43 50 00 05 05 04 22 09 02 03 08 06 09 03 05 09 0C 02 0A 00 00 00 05 09 09 02 06 04 09 00 0A 02 06 00 00 04 06 02 06 06 05 00 00 02 0A 02 03 00 00 09 0C 03 0B 05 02 00 00 0F 0F 07 0F 00 07 04 03 07 0B 00 01 03 07 
msec 35
sysex 43 50 00 05 05 04 23 00 00 07 0F 07 0F 00 07 09 0B 03 03 05 0E 00 03 09 09 02 0A 00 00 00 00 02 06 00 00 00 00 09 0C 03 0F 06 00 00 0A 04 02 06 08 06 0B 03 0B 00 00 00 0A 03 0F 00 00 00 0A 04 02 00 00 00 03 09 0B 
msec 35
sysex 43 50 00 05 05 04 24 03 06 00 00 00 02 09 00 05 00 00 00 00 08 04 0E 06 06 00 00 09 09 02 0A 01 0C 00 02 09 0B 03 06 05 02 00 05 09 02 03 06 06 02 00 03 09 09 02 0A 00 00 00 02 09 02 03 08 00 00 01 0C 09 0A 02 0A 
msec 35
sysex 43 50 00 05 05 04 25 00 00 07 08 09 09 02 06 05 09 00 00 02 0A 02 00 00 07 09 0B 03 0B 05 0B 00 03 09 09 02 0A 00 00 00 00 02 06 00 00 07 0D 09 0B 03 03 00 00 00 02 02 0F 00 00 00 0D 03 06 00 00 00 02 09 00 04 0E 
msec 35
sysex 43 50 00 05 05 04 26 00 00 00 00 09 01 04 02 00 00 00 00 03 0F 00 00 00 00 03 0B 00 00 00 00 09 0D 04 02 00 00 00 00 03 0F 00 00 00 00 03 0B 00 00 00 08 09 01 03 08 06 01 00 00 03 0B 06 01 00 00 04 00 06 01 00 00 
msec 35
sysex 43 50 00 05 05 04 27 09 02 03 06 00 00 00 00 09 09 02 03 05 0B 00 00 02 0A 02 03 00 00 09 0A 02 08 05 0F 00 00 09 0B 03 0B 00 00 00 00 09 0C 02 08 05 02 00 00 09 0D 03 08 06 01 00 00 03 0B 06 01 00 00 04 00 06 01 
msec 35
sysex 43 50 00 05 05 04 28 00 00 0F 0F 07 0F 00 07 04 03 07 0B 00 01 03 03 00 00 07 0F 07 0F 00 07 09 00 04 0C 06 04 00 00 09 02 03 04 06 00 00 00 09 0B 04 00 06 02 00 03 09 09 02 0A 00 00 00 00 02 03 00 00 08 01 01 06 
msec 35
sysex 43 50 00 05 05 04 29 02 0A 02 02 00 07 09 0B 03 0B 04 0E 00 03 09 09 02 0A 00 00 08 01 01 06 02 0A 02 02 00 00 03 00 04 05 00 07 09 0B 03 08 04 0D 00 03 09 09 03 00 00 00 00 00 02 0A 00 00 04 01 09 0C 02 08 00 00 
msec 35
sysex 43 50 00 05 05 04 2A 05 00 09 0B 03 0B 00 00 00 05 09 09 02 06 06 05 00 00 02 0A 02 04 00 00 02 0D 04 0B 00 00 09 0B 03 08 00 00 00 00 09 0C 03 0B 05 03 00 05 09 0B 04 00 00 00 00 02 03 0B 05 08 00 03 09 09 02 0D 
msec 35
sysex 43 50 00 05 05 04 2B 00 00 00 00 02 0A 00 00 00 00 02 06 00 00 00 00 09 0C 04 00 06 00 00 0A 04 04 06 09 06 0B 03 0B 00 00 00 0A 04 00 00 00 00 0A 04 04 00 00 00 0D 09 09 02 0A 01 0D 00 00 02 0D 03 02 00 02 09 00 
msec 35
sysex 43 50 00 05 05 04 2C 04 0C 00 00 00 00 09 02 03 04 00 00 00 03 09 0B 03 08 04 09 00 05 09 09 02 0D 00 00 00 00 02 0A 00 00 01 0E 09 0A 02 08 00 00 07 08 09 09 02 0A 02 01 00 00 02 0D 03 0F 00 07 09 0B 03 04 03 0E 
msec 35
sysex 43 50 00 05 05 04 2D 00 03 09 09 02 0D 00 00 00 00 02 0A 00 00 08 01 00 02 09 0B 03 08 00 00 00 07 03 0B 00 00 00 05 09 01 04 00 00 00 00 00 03 0B 00 00 00 00 03 08 00 00 00 00 09 0D 04 00 00 00 00 00 03 0B 00 00 
msec 35
sysex 43 50 00 05 05 04 2E 00 00 03 08 00 00 00 03 09 0B 03 04 00 00 00 05 09 00 04 0C 06 0D 00 00 09 01 03 0B 06 01 00 00 04 00 06 01 00 00 04 04 07 07 00 00 09 02 03 04 06 09 00 00 09 09 02 03 05 0B 00 00 02 0A 02 06 
msec 35
sysex 43 50 00 05 05 04 2F 00 00 09 0A 02 08 06 03 00 00 09 0C 03 04 05 08 00 00 09 0D 03 0B 06 01 00 00 04 00 06 01 00 00 04 04 07 07 00 07 09 0B 02 08 05 0E 00 03 09 09 02 0A 00 00 00 00 02 03 00 00 08 01 01 06 02 0A 
msec 35
sysex 43 50 00 05 05 04 30 01 0E 00 0A 02 0A 00 00 08 01 01 06 02 0A 01 0F 00 0A 02 0A 00 00 04 01 09 0C 03 04 00 00 05 05 09 09 02 06 06 05 00 00 02 0A 02 03 00 00 09 0C 03 0B 05 02 00 05 09 0B 03 04 05 0E 00 05 09 09 
msec 35
sysex 43 50 00 05 05 04 31 02 0A 00 00 00 00 02 06 00 00 00 00 09 0C 04 00 06 00 00 0A 04 04 06 08 03 0C 09 0A 02 08 00 00 02 0F 09 0C 03 0B 00 00 00 0A 04 00 00 00 00 0A 04 04 00 00 00 0D 09 09 02 0A 01 0C 00 00 09 0B 
msec 35
sysex 43 50 00 05 05 04 32 03 08 05 02 00 0A 09 09 02 0A 00 00 08 01 01 06 02 0A 02 00 00 00 09 0B 03 0B 05 0B 00 0A 09 09 02 0A 00 00 07 0A 09 0B 03 04 00 00 00 0A 02 08 00 00 00 05 03 08 00 00 00 05 03 0B 00 00 00 08 
msec 35
sysex 43 50 00 05 05 04 33 09 09 02 03 05 0B 00 00 02 0A 02 03 00 00 09 0A 02 03 06 01 00 00 09 0C 03 04 05 02 00 02 09 0B 04 00 06 02 00 08 09 09 02 0A 00 00 00 00 02 03 00 00 08 01 01 06 02 0A 02 02 00 02 09 0B 03 0B 
msec 35
sysex 43 50 00 05 05 04 34 04 0E 00 08 09 09 02 0A 00 00 07 0D 09 00 04 0C 00 00 01 09 09 09 02 0A 02 02 00 00 09 0B 03 08 04 0D 00 0A 09 09 02 0A 00 00 04 01 09 0C 03 04 00 00 04 0B 09 0B 03 0B 00 00 00 02 03 08 00 00 
msec 35
sysex 43 50 00 05 05 04 35 00 05 09 02 03 04 00 00 00 03 09 09 02 06 06 05 00 00 02 0A 02 04 00 00 09 0B 04 00 00 00 00 00 09 0C 03 0B 05 03 00 02 09 0B 03 0B 05 08 00 08 09 09 02 0A 00 00 00 00 02 06 00 00 00 00 09 0C 
msec 35
sysex 43 50 00 05 05 04 36 04 00 06 00 00 02 09 00 04 0C 07 02 00 00 09 02 03 04 06 04 00 08 09 0C 04 04 06 09 03 0C 09 0A 02 03 00 00 02 0F 09 0C 03 0B 00 00 00 0A 04 00 00 00 00 0A 04 04 00 00 00 0D 09 09 02 0A 01 0D 
msec 35
sysex 43 50 00 05 05 04 37 00 07 09 0B 03 08 04 09 00 03 09 09 02 0A 00 00 08 01 01 06 02 0A 02 01 00 00 09 0B 03 04 03 0E 00 0A 09 09 02 0A 00 00 06 0E 09 00 04 0C 00 00 00 00 09 02 03 04 00 00 01 06 09 0B 03 08 00 00 
msec 35
sysex 43 50 00 05 05 04 38 00 00 03 0B 00 00 00 05 03 04 00 00 00 0D 09 09 02 03 05 0B 00 00 02 0A 02 06 00 00 09 0A 02 08 05 0C 00 00 09 0C 03 04 05 05 00 02 09 0B 02 08 05 0E 00 08 09 09 02 0A 00 00 00 00 02 03 00 00 
msec 35
sysex 43 50 00 05 05 04 39 01 01 09 00 04 0C 06 0B 00 00 09 02 03 04 06 00 08 01 00 05 09 09 02 0A 01 0E 00 0A 02 0A 00 00 08 01 01 06 02 0A 01 0F 00 02 09 0B 03 08 04 07 00 08 09 09 02 0A 00 00 04 01 09 0C 03 04 00 00 
msec 35
sysex 43 50 00 05 05 04 3A 05 05 09 09 02 06 06 05 00 00 02 0A 02 03 00 00 09 0B 03 04 05 0E 00 00 09 0C 03 0B 04 0C 00 0A 09 09 02 0A 00 00 00 00 02 06 00 00 00 00 09 0C 04 00 05 0F 00 0A 04 04 06 07 03 0C 09 0A 02 08 
msec 35
sysex 43 50 00 05 05 04 3B 00 00 02 0F 09 0C 03 0B 00 00 00 0A 04 00 00 00 00 0A 04 04 00 00 00 03 09 0B 03 08 00 00 00 0A 09 09 02 0A 01 0C 00 07 09 0B 03 08 05 02 00 03 09 09 02 0A 00 00 03 07 09 00 04 0C 00 00 00 00 
msec 35
sysex 43 50 00 05 05 04 3C 09 02 03 04 00 00 00 0F 09 00 04 0C 06 0A 00 00 09 02 03 04 06 01 05 00 09 09 02 0A 02 00 00 00 09 0B 03 0B 05 0B 00 0A 09 09 02 0A 00 00 07 05 09 0B 03 04 00 00 00 0A 02 08 00 00 00 08 09 00 
msec 35
sysex 43 50 00 05 05 04 3D 04 0C 00 00 00 00 09 02 03 04 00 00 00 07 09 01 04 04 00 00 00 00 09 0B 03 0B 00 00 00 00 09 0D 04 04 00 00 00 03 09 0B 03 08 00 00 00 05 09 01 04 05 07 07 00 00 09 09 02 03 05 0B 00 00 02 0A 
msec 35
sysex 43 50 00 05 05 04 3E 02 03 00 00 09 0A 02 03 05 0D 00 00 09 0C 03 04 05 05 00 00 09 0D 04 05 07 07 00 07 09 0B 04 00 06 02 00 03 09 09 02 0A 00 00 00 00 02 03 00 00 00 0A 09 00 04 0E 06 0A 00 00 09 02 03 06 06 03 
msec 35
sysex 43 50 00 05 05 04 3F 08 01 00 0C 09 09 02 0A 02 02 00 05 09 0B 03 0B 04 0E 00 05 09 09 02 0A 00 00 08 01 01 06 02 0A 02 02 00 07 09 0B 03 08 04 0D 00 03 09 09 02 0A 00 00 04 01 09 0C 03 04 00 00 03 0E 09 00 04 0E 
msec 35
sysex 43 50 00 05 05 04 40 00 00 00 00 09 02 03 06 00 00 00 0F 09 01 04 05 00 00 00 00 09 0B 03 0B 00 00 00 00 09 0D 04 05 00 00 00 08 09 01 04 07 07 07 00 00 09 09 02 06 06 05 00 00 02 0A 02 04 00 00 09 0B 03 08 00 00 
msec 35
sysex 43 50 00 05 05 04 41 00 00 09 0C 03 0B 05 06 00 00 09 0D 04 07 07 07 00 05 09 00 05 00 06 0B 00 00 09 02 03 08 06 05 00 00 09 0B 04 00 00 00 00 00 03 0B 05 08 00 05 09 09 02 0A 00 00 00 00 02 06 00 00 00 00 09 0C 
msec 35
sysex 43 50 00 05 05 04 42 04 00 06 02 00 0A 04 04 06 05 03 0C 09 0A 02 03 00 00 02 0F 09 0C 03 0B 00 00 00 0A 04 00 00 00 00 0A 04 04 00 00 00 0D 09 09 02 0A 01 0D 00 02 09 0B 03 08 04 09 00 08 09 09 02 0A 00 00 08 01 
msec 35
sysex 43 50 00 05 05 04 43 01 06 02 0A 02 01 00 05 09 0B 03 04 03 0E 00 05 09 09 02 0A 00 00 07 0F 09 0B 03 08 00 00 00 08 03 0B 00 00 00 07 09 01 04 07 00 00 00 00 04 00 00 00 00 00 03 0B 00 00 00 00 09 0B 03 04 00 00 
msec 35
sysex 43 50 00 05 05 04 44 00 00 09 0D 04 07 00 00 00 00 04 00 00 00 00 00 03 0B 00 00 00 08 09 01 03 0B 06 01 00 00 03 0F 06 01 00 00 04 05 06 0D 00 00 09 09 02 03 05 0B 00 00 02 0A 02 06 00 00 09 0A 02 0A 05 0F 00 00 
msec 35
sysex 43 50 00 05 05 04 45 09 0C 02 0F 05 08 00 00 09 0D 03 0B 06 01 00 00 03 0F 06 01 00 00 04 05 06 0D 00 02 09 00 05 00 00 00 00 00 09 02 03 08 00 00 00 03 09 0B 02 0F 05 0E 00 05 09 00 04 0E 06 06 00 00 09 09 02 0A 
msec 35
sysex 43 50 00 05 05 04 46 00 00 00 00 02 03 00 00 01 0E 09 02 03 06 06 02 07 08 09 09 02 0A 01 0E 00 0A 02 0A 00 00 08 01 01 06 02 0A 01 0F 00 05 09 0B 03 06 04 07 00 05 09 09 02 0A 00 00 04 01 09 0C 02 0F 00 00 05 05 
msec 35
sysex 43 50 00 05 05 04 47 09 09 02 06 06 05 00 00 02 0A 02 03 00 00 09 0C 03 0B 05 02 00 00 0F 0F 07 0F 00 07 04 03 07 0B 00 01 03 07 00 00 07 0F 07 0F 00 07 09 0B 03 03 05 0E 00 03 09 09 02 0A 00 00 00 00 02 06 00 00 
msec 35
sysex 43 50 00 05 05 04 48 00 00 09 0C 04 02 06 00 00 0A 04 05 06 08 03 0C 09 0A 02 0A 00 00 02 0F 09 0C 03 0B 00 00 00 0A 04 02 00 00 00 0A 04 05 00 00 00 05 09 0B 03 06 00 00 00 08 09 09 02 0A 01 0C 00 02 09 0B 03 06 
msec 35
sysex 43 50 00 05 05 04 49 05 02 00 08 09 09 02 0A 00 00 08 01 01 06 02 0A 02 00 00 02 09 0B 03 0B 06 01 00 08 09 09 02 0A 00 00 07 0D 09 0B 03 03 00 00 00 05 02 0F 00 00 00 0A 03 06 00 00 00 05 03 0B 00 00 00 05 09 09 
msec 35
sysex 43 50 00 05 05 04 4A 02 03 05 0B 00 00 02 0A 02 03 00 00 09 0A 02 03 05 0D 00 00 09 0C 02 0F 05 02 00 07 09 0B 04 02 06 02 00 03 09 09 02 0A 00 00 00 00 02 03 00 00 08 01 01 06 02 0A 02 02 00 00 09 0B 03 0B 04 0E 
msec 35
sysex 43 50 00 05 05 04 4B 00 0A 09 09 02 0A 00 00 08 01 01 06 02 0A 02 02 00 00 09 0B 03 06 04 0D 00 0A 09 09 02 0A 00 00 04 01 09 0C 02 0F 00 00 04 08 09 0B 03 0B 00 00 00 05 03 06 00 00 00 08 09 09 02 06 06 05 00 00 
msec 35
sysex 43 50 00 05 05 04 4C 02 0A 02 04 00 00 09 0B 03 0F 05 08 00 00 09 0C 03 0B 05 03 00 05 09 0B 04 02 00 00 00 05 09 09 02 0A 00 00 00 00 02 06 00 00 00 00 09 0C 04 02 06 00 00 0A 04 05 06 09 03 0C 09 0A 02 03 00 00 
msec 35
sysex 43 50 00 05 05 04 4D 02 0F 09 0C 03 0B 00 00 00 0A 04 02 00 00 00 0A 04 05 00 00 00 0D 09 09 02 0A 01 0D 00 00 09 0B 03 0B 04 09 00 0A 09 09 02 0A 00 00 08 01 01 06 02 0A 02 01 00 07 09 0B 03 03 03 0E 00 03 09 09 
msec 35
sysex 43 50 00 05 05 04 4E 02 0A 00 00 02 05 09 00 04 0E 00 00 01 0E 09 02 03 06 00 00 03 0A 09 0B 03 0B 00 00 00 05 03 0F 00 00 00 0F 03 03 00 00 00 00 09 0E 04 0E 07 07 00 05 09 09 02 03 05 0B 00 00 02 0A 02 06 00 00 
msec 35
sysex 43 50 00 05 05 04 4F 09 0A 02 0A 06 02 00 00 09 0C 02 0F 05 08 00 05 09 0B 02 0F 05 0E 00 02 09 0E 05 01 06 09 00 03 09 09 02 0A 00 00 00 00 02 03 00 00 08 01 01 06 02 0A 01 0E 00 00 09 0E 05 00 05 0B 00 07 05 03 
msec 35
sysex 43 50 00 05 05 04 50 04 09 00 03 09 09 02 0A 00 00 00 0F 09 0E 05 01 00 00 00 05 04 0E 00 00 07 0D 04 0E 04 0F 00 05 09 09 02 0A 01 0F 00 02 09 0E 05 01 04 02 00 03 09 0B 03 06 04 07 00 05 09 09 02 0A 00 00 00 05 
msec 35
sysex 43 50 00 05 05 04 51 09 0E 05 03 00 00 01 0B 05 00 00 00 02 01 09 0C 02 0F 00 00 04 08 09 0E 04 0E 00 00 00 03 04 0C 06 09 00 0A 09 09 02 06 06 05 00 00 02 0A 02 03 00 00 09 0C 03 0B 05 02 00 02 09 0E 05 00 06 09 
msec 35
sysex 43 50 00 05 05 04 52 00 03 05 01 00 00 00 02 09 0B 03 03 05 0E 00 03 09 09 02 0A 00 00 00 00 02 06 00 00 00 00 09 0C 04 02 06 00 00 0A 04 05 06 08 03 0C 09 0A 02 0A 00 00 02 0F 09 0C 03 0B 00 00 00 05 09 0E 05 00 
msec 35
sysex 43 50 00 05 05 04 53 00 00 00 05 09 0C 04 02 00 00 00 0A 04 05 00 00 00 03 09 0E 04 0E 05 0D 00 02 09 0B 03 06 00 00 00 05 09 0E 05 01 04 0B 00 03 09 09 02 0A 01 0C 00 02 09 0B 03 06 05 02 00 08 09 09 02 0A 00 00 
msec 35
sysex 43 50 00 05 05 04 54 00 0A 09 0E 04 0C 00 00 08 01 00 04 04 0C 05 02 00 03 04 0E 00 00 00 02 05 00 04 01 00 03 09 09 02 0A 02 00 00 02 09 0B 03 0B 06 01 00 08 09 09 02 0A 00 00 00 02 09 0E 05 01 00 00 07 01 05 00 
msec 35
sysex 43 50 00 05 05 04 55 00 00 00 0A 09 0B 03 03 00 00 00 05 02 0F 00 00 00 0A 03 06 00 00 00 02 09 01 04 05 00 00 00 00 09 0D 04 05 00 00 00 03 09 0B 03 0B 00 00 00 00 09 0E 04 0B 06 0A 00 02 04 0E 05 0B 00 03 09 01 
msec 35
sysex 43 50 00 05 05 04 56 03 06 06 05 00 00 09 09 02 03 05 0B 00 00 02 0A 02 03 00 00 09 0A 02 03 06 00 00 00 09 0C 02 0F 05 02 00 00 09 0D 03 06 06 05 00 07 09 0B 04 02 06 02 00 03 09 09 02 0A 00 00 00 00 02 03 00 00 
msec 35
sysex 43 50 00 05 05 04 57 01 04 09 0E 04 0C 00 00 07 0A 05 00 04 0A 00 08 09 09 02 0A 02 02 00 00 09 0B 03 0B 04 0E 00 02 09 0E 04 0C 05 05 00 08 09 09 02 0A 00 00 00 00 09 0E 04 0E 00 00 00 07 04 0B 00 00 08 01 00 0A 
msec 35
sysex 43 50 00 05 05 04 58 04 0B 05 0C 00 00 04 0E 03 0F 00 05 09 09 02 06 02 0F 00 00 02 0A 02 02 00 00 09 0B 03 06 04 0D 00 0A 09 09 02 0A 00 00 00 00 02 06 00 00 01 04 09 0E 04 0C 00 00 00 07 05 00 00 00 02 06 09 0C 
msec 35
sysex 43 50 00 05 05 04 59 02 0F 00 00 00 05 09 09 02 06 03 03 00 0A 02 06 00 00 02 0A 09 0E 04 0E 00 00 00 0F 09 0B 03 0B 00 00 00 03 09 0E 04 0C 05 0D 00 02 09 0B 03 06 00 00 00 05 09 0E 04 09 06 0C 00 03 09 09 02 06 
msec 35
sysex 43 50 00 05 05 04 5A 06 05 00 00 02 0A 02 04 00 00 09 0B 03 0F 05 08 00 00 09 0C 03 0B 05 03 00 05 09 0B 04 02 00 00 00 05 09 09 02 0A 00 00 00 00 02 06 00 00 00 00 09 0C 04 02 06 00 00 0A 04 05 06 09 00 05 09 0E 
msec 35
sysex 43 50 00 05 05 04 5B 04 0B 00 00 03 07 09 0A 02 03 00 00 02 0F 09 0C 03 0B 00 00 00 0A 04 02 00 00 00 05 09 0E 04 0E 04 0E 00 05 09 0C 04 05 00 00 00 03 09 0E 04 09 00 00 00 05 04 0B 05 09 00 05 09 09 02 0A 01 0D 
msec 35
sysex 43 50 00 05 05 04 5C 00 00 09 0B 03 0B 04 09 00 05 09 0E 04 0C 00 00 00 05 09 09 02 0A 00 00 08 01 00 02 09 0E 04 0E 00 00 00 07 04 0C 04 05 00 0A 04 09 05 02 00 03 09 09 02 06 03 0D 00 00 02 0A 02 01 00 07 09 0B 
msec 35
sysex 43 50 00 05 05 04 5D 03 03 03 0E 00 03 09 09 02 0A 00 00 00 00 02 06 00 00 00 0A 09 0E 04 0B 00 00 06 0E 04 09 00 00 00 05 09 0B 03 0B 00 00 00 05 03 0F 00 00 00 07 09 0E 04 0C 00 00 00 05 09 01 03 06 00 00 00 00 
msec 35
sysex 43 50 00 05 05 04 5E 03 0F 00 00 00 00 03 0B 00 00 00 00 09 0D 03 06 00 00 00 00 03 0F 00 00 00 00 03 0B 00 00 00 03 09 0B 03 03 00 00 00 00 09 0E 04 0B 05 0B 00 05 09 01 03 0B 06 01 00 00 03 0F 06 01 00 00 04 02 
msec 35
sysex 43 50 00 05 05 04 5F 06 01 00 00 09 09 02 03 05 0B 00 00 02 0A 02 06 00 00 09 0A 02 0F 06 02 00 00 09 0C 02 0F 05 08 00 00 09 0D 03 0B 06 01 00 00 03 0F 06 01 00 00 04 02 06 01 00 02 09 00 05 03 06 06 00 00 09 0B 
msec 35
sysex 43 50 00 05 05 04 60 02 0F 05 0D 00 00 09 0E 04 07 06 06 00 08 09 09 02 0A 00 00 00 00 02 03 00 00 00 07 09 02 03 0B 06 02 08 01 00 0F 09 09 02 0A 01 0E 00 0A 02 0A 00 00 08 01 01 06 02 0A 01 0F 00 0A 02 0A 00 00 
msec 35
sysex 43 50 00 05 05 04 61 04 01 09 0C 02 0F 00 00 00 02 09 0E 04 0B 00 00 05 03 09 09 02 06 06 05 00 00 02 0A 02 03 00 00 09 0C 03 0B 05 02 00 02 09 0B 03 03 05 0E 00 08 09 09 02 0A 00 00 00 00 02 06 00 00 00 00 09 0C 
msec 35
sysex 43 50 00 05 05 04 62 04 02 06 00 00 0A 04 05 06 08 03 0C 09 0A 02 0F 00 00 02 0F 09 0C 03 0B 00 00 00 0A 04 02 00 00 00 0A 04 05 00 00 00 0D 09 09 02 0A 01 0C 00 00 09 0B 03 06 05 02 00 0A 09 09 02 0A 00 00 08 01 
msec 35
sysex 43 50 00 05 05 04 63 01 06 02 0A 02 00 00 05 09 0B 03 0B 05 0B 00 05 09 09 02 0A 00 00 02 00 09 0E 04 07 00 00 05 08 09 0B 03 03 00 00 00 07 02 0F 00 00 00 0A 03 06 00 00 00 0A 03 0B 00 00 00 03 09 09 02 03 05 0B 
msec 35
sysex 43 50 00 05 05 04 64 00 00 02 0A 02 03 00 00 09 0A 02 0A 05 0F 00 00 09 0C 02 0F 05 02 00 05 09 0B 03 0F 06 02 00 05 09 09 02 0A 00 00 00 00 02 03 00 00 08 01 01 06 02 0A 02 02 00 07 09 0B 03 0B 04 0E 00 03 09 09 
msec 35
sysex 43 50 00 05 05 04 65 02 0A 00 00 08 01 01 06 02 0A 02 02 00 05 09 0B 03 06 04 0D 00 05 09 09 02 0A 00 00 04 01 09 0C 02 0F 00 00 02 03 09 00 05 03 00 00 00 0F 09 02 03 0B 00 00 01 0E 09 0B 03 0B 00 00 00 02 03 06 
msec 35
sysex 43 50 00 05 05 04 66 00 00 00 03 09 09 02 06 06 05 00 00 02 0A 02 04 00 00 09 0B 03 0B 05 08 00 00 09 0C 03 0B 05 03 00 02 09 0B 03 0F 00 00 00 05 09 00 05 01 06 04 00 03 09 09 02 0A 00 00 00 00 02 06 00 00 00 00 
msec 35
sysex 43 50 00 05 05 04 67 09 0C 04 02 06 00 00 0A 04 05 06 09 00 0A 09 02 03 09 06 00 03 02 09 0A 02 0A 00 00 02 0F 09 0C 03 0B 00 00 00 0A 04 02 00 00 00 0A 04 05 00 00 00 0D 09 09 02 0A 01 0D 00 05 09 0B 03 06 04 09 
msec 35
sysex 43 50 00 05 05 04 68 00 05 09 09 02 0A 00 00 08 01 01 06 02 0A 02 01 00 07 09 0B 03 03 03 0E 00 03 09 09 02 0A 00 00 08 01 00 02 09 0B 03 06 00 00 00 00 03 0B 00 00 00 0A 09 00 05 01 00 00 00 05 09 0B 03 03 00 00 
msec 35
sysex 43 50 00 05 05 04 69 00 05 09 09 02 03 05 0B 00 00 02 0A 02 06 00 00 09 0A 02 0F 06 02 00 00 09 0C 02 0F 05 08 00 02 09 0B 02 0F 05 0D 00 08 09 09 02 0A 00 00 00 00 02 03 00 00 00 02 09 02 03 09 00 00 00 0A 09 00 
msec 35
sysex 43 50 00 05 05 04 6A 05 00 06 0C 00 03 09 02 03 08 06 08 08 01 00 07 09 09 02 0A 01 0E 00 0A 02 0A 00 00 08 01 01 06 02 0A 01 0F 00 02 09 0B 03 06 04 07 00 08 09 09 02 0A 00 00 04 01 09 0C 02 0F 00 00 03 0C 09 00 
msec 35
sysex 43 50 00 05 05 04 6B 05 00 00 00 01 09 09 09 02 06 06 05 00 00 02 0A 02 03 00 00 09 0C 03 0B 05 02 00 07 09 0B 03 03 05 0E 00 03 09 09 02 0A 00 00 00 00 02 06 00 00 00 00 09 0C 04 02 06 00 00 02 09 02 03 08 00 00 
msec 35
sysex 43 50 00 05 05 04 6C 00 08 09 0C 04 05 06 08 00 02 09 00 05 00 06 05 00 00 09 02 03 08 06 01 03 0A 09 0A 02 0F 00 00 02 0F 09 0C 03 0B 00 00 00 0A 04 02 00 00 00 0A 04 05 00 00 00 03 09 0B 03 06 00 00 00 0A 09 09 
msec 35
sysex 43 50 00 05 05 04 6D 02 0A 01 0C 00 02 09 0B 03 06 05 02 00 08 09 09 02 0A 00 00 08 01 01 06 02 0A 02 00 00 07 09 0B 03 0B 05 0B 00 03 09 09 02 0A 00 00 07 0D 09 00 05 00 00 00 00 00 09 02 03 08 00 00 00 00 09 0B 
msec 35
sysex 43 50 00 05 05 04 6E 03 03 00 00 00 02 02 0F 00 00 00 0D 03 06 00 00 00 0A 09 00 04 0E 06 0F 00 00 09 02 03 06 06 0B 00 00 09 09 02 03 05 0B 00 00 02 0A 02 03 00 00 09 0A 02 0A 05 0F 00 00 09 0B 03 0B 00 00 00 00 
msec 35
sysex 43 50 00 05 05 04 6F 09 0C 02 0F 05 02 00 07 09 0B 03 0F 06 02 00 03 09 09 02 0A 00 00 00 00 02 03 00 00 08 01 01 06 02 0A 02 02 00 07 09 0B 03 0B 04 0E 00 03 09 09 02 0A 00 00 08 01 00 0E 09 00 04 0E 00 00 00 00 
msec 35
sysex 43 50 00 05 05 04 70 09 02 03 06 00 00 00 08 09 09 02 0A 02 02 00 07 09 0B 03 06 04 0D 00 03 09 09 02 0A 00 00 00 02 09 00 04 0C 06 0D 00 00 09 02 03 04 06 09 03 0F 09 0C 02 0F 00 00 05 00 09 0B 03 0B 00 00 00 05 
msec 35
sysex 43 50 00 05 05 04 71 09 09 02 06 06 05 00 00 02 0A 02 04 00 00 09 0B 03 06 00 00 00 00 09 0C 03 0B 05 03 00 05 09 0B 03 0F 00 00 00 02 03 0B 05 08 00 03 09 09 02 0A 00 00 00 00 02 06 00 00 00 00 09 0C 04 02 06 00 
msec 35
sysex 43 50 00 05 05 04 72 00 0A 04 05 06 09 03 0C 09 0A 02 0A 00 00 02 0F 09 0C 03 0B 00 00 00 0A 04 02 00 00 00 0A 04 05 00 00 00 0D 09 09 02 0A 01 0D 00 02 09 00 04 0C 00 00 00 00 09 02 03 04 00 00 00 03 09 0B 03 06 
msec 35
sysex 43 50 00 05 05 04 73 04 09 00 05 09 09 02 0A 00 00 00 0A 09 00 04 0E 06 06 00 00 09 02 03 06 06 02 08 01 00 0C 09 09 02 0A 02 01 00 07 09 0B 03 03 03 0E 00 03 09 09 02 0A 00 00 08 01 00 02 09 0B 03 06 00 00 00 07 
msec 35
sysex 43 50 00 05 05 04 74 03 0B 00 00 00 05 09 01 04 02 00 00 00 00 03 0F 00 00 00 00 03 0B 00 00 00 00 09 0D 04 02 00 00 00 00 03 0F 00 00 00 00 03 0B 00 00 00 03 09 0B 03 03 00 00 00 05 09 01 03 08 06 01 00 00 03 0B 
msec 35
sysex 43 50 00 05 05 04 75 06 01 00 00 04 00 06 01 00 00 09 09 02 03 05 0B 00 00 02 0A 02 06 00 00 09 0A 02 08 06 02 00 00 09 0C 03 04 05 08 00 00 09 0D 03 08 06 01 00 00 03 0B 06 01 00 00 04 00 06 01 00 07 09 0B 02 08 
msec 35
sysex 43 50 00 05 05 04 76 05 0E 00 03 09 09 02 0A 00 00 00 00 02 03 00 00 00 02 09 00 04 0E 00 00 00 00 09 02 03 06 00 00 01 09 09 00 04 0C 06 04 00 00 09 02 03 04 06 00 08 02 06 06 09 0C 03 04 00 00 05 05 09 09 02 06 
msec 35
sysex 43 50 00 05 05 04 77 06 05 00 00 02 0A 02 03 00 00 09 0C 03 0B 05 02 00 00 0F 0F 07 0F 00 07 04 03 07 0B 00 01 03 03 00 00 07 0F 07 0F 00 05 09 0B 03 04 05 0E 00 05 09 09 02 0A 00 00 00 00 02 06 00 00 00 00 09 0C 
msec 35
sysex 43 50 00 05 05 04 78 04 00 06 00 00 0A 04 04 06 08 03 0C 09 0A 02 08 00 00 02 0F 09 0C 03 0B 00 00 00 0A 04 00 00 00 00 0A 04 04 00 00 00 0D 09 0B 03 08 05 02 08 01 02 00 03 0B 05 0B 08 01 00 04 03 04 00 00 00 0A 
msec 35
sysex 43 50 00 05 05 04 79 02 08 00 00 00 05 03 08 00 00 00 05 03 0B 00 00 00 08 09 09 02 03 05 0B 00 00 02 0A 02 03 00 00 09 0A 02 03 05 0F 00 00 09 0C 03 04 05 02 00 02 09 0B 04 00 06 02 00 08 09 09 02 0A 00 00 00 00 
msec 35
sysex 43 50 00 05 05 04 7A 02 03 00 00 08 01 01 08 09 0B 03 0B 04 0E 08 01 01 0E 03 08 04 0D 04 0B 09 0C 03 04 00 00 04 0B 09 0B 03 0B 00 00 00 02 03 08 00 00 00 08 09 09 02 06 06 05 00 00 02 0A 02 04 00 00 09 0B 04 00 
msec 35
sysex 43 50 00 05 05 04 7B 00 00 00 00 09 0C 03 0B 05 03 00 02 09 0B 03 0B 05 08 00 08 09 09 02 0A 00 00 00 00 02 06 00 00 00 00 09 0C 04 00 06 00 00 0A 04 04 06 09 00 00 09 0E 05 00 06 0E 03 0C 09 0A 02 03 00 00 02 0F 
msec 35
sysex 43 50 00 05 05 04 7C 09 0C 03 0B 00 00 00 0A 04 00 00 00 00 0A 04 04 00 00 00 03 09 0E 05 00 00 00 01 01 09 0B 03 08 04 09 01 04 09 0E 05 01 05 02 07 01 05 01 00 00 00 02 05 03 05 0F 01 02 09 0B 03 04 03 0E 07 00 
msec 35
sysex 43 50 00 05 05 04 7D 09 00 04 0C 00 00 00 00 09 02 03 04 00 00 01 0E 09 0B 03 08 00 00 00 00 03 0B 00 00 00 03 09 0E 05 03 00 00 00 02 09 0B 03 04 00 00 00 0D 09 09 02 03 05 0B 00 00 02 0A 02 06 00 00 09 0A 02 08 
msec 35
sysex 43 50 00 05 05 04 7E 06 02 00 00 09 0C 03 04 05 05 00 00 09 0E 04 0C 06 08 00 02 09 0B 02 08 05 0E 00 08 09 09 02 0A 00 00 00 00 02 03 00 00 00 0A 09 0E 05 00 07 0F 08 01 01 03 04 0C 00 00 01 04 05 00 00 00 08 01 
msec 35
sysex 43 50 00 05 05 04 7F 00 07 09 0B 03 08 04 07 04 09 09 0C 03 04 00 00 05 05 09 09 02 06 06 05 00 00 02 0A 02 03 00 00 09 0B 03 04 05 0E 00 00 09 0C 03 0B 04 0C 00 0A 09 09 02 0A 00 00 00 00 02 06 00 00 00 00 09 0C 
msec 35
sysex 43 50 00 05 05 05 00 04 00 05 0F 00 0A 04 04 06 07 00 0C 09 0E 05 01 04 07 01 02 04 0E 06 0A 01 0E 09 0A 02 08 00 00 02 0F 09 0C 03 0B 00 00 00 0A 04 00 00 00 00 08 09 0E 04 0E 00 00 00 02 09 0C 04 04 00 00 00 03 
msec 35
sysex 43 50 00 05 05 05 01 09 0B 03 08 00 00 01 01 03 08 05 02 00 00 09 0E 05 01 00 00 01 09 05 00 05 07 00 00 05 03 02 0C 08 01 00 00 09 0B 03 0B 05 0B 01 0B 09 0E 05 01 02 0B 00 0F 04 0E 05 03 01 09 05 03 00 00 00 00 
msec 35
sysex 43 50 00 05 05 05 02 05 00 00 00 02 08 05 01 00 00 00 0D 04 0E 00 00 00 07 09 0B 03 04 00 00 00 0A 02 08 00 00 00 0F 03 0B 00 00 00 03 03 08 00 00 00 05 09 09 02 03 05 0B 00 00 02 0A 02 03 00 00 09 0A 02 03 05 0F 
msec 35
sysex 43 50 00 05 05 05 03 00 00 09 0C 03 04 05 05 00 07 09 0B 04 00 06 02 00 00 09 0E 05 01 02 0F 00 03 09 09 02 0A 00 00 00 00 02 03 00 00 00 07 09 0E 04 0E 07 0E 01 07 05 03 05 0A 05 00 05 01 00 00 02 08 04 0E 00 00 
msec 35
sysex 43 50 00 05 05 05 04 00 05 09 0B 03 0B 04 0E 01 09 09 0E 05 03 00 00 08 01 00 09 09 0B 03 08 04 0D 04 04 09 0C 03 04 00 00 04 0B 09 0E 04 0C 06 0B 00 02 09 0B 03 0B 00 00 00 08 09 09 02 06 06 05 00 00 02 0A 02 04 
msec 35
sysex 43 50 00 05 05 05 05 00 00 09 0B 03 08 00 00 00 00 09 0C 03 0B 05 06 00 05 09 0B 04 00 00 00 00 00 03 0B 05 08 00 05 09 09 02 0A 00 00 00 00 02 06 00 00 00 00 09 0C 04 00 06 02 00 0A 04 04 06 05 00 0C 09 0E 05 00 
msec 35
sysex 43 50 00 05 05 05 06 04 07 03 00 09 0A 02 03 00 00 02 0F 09 0C 03 0B 00 00 00 0A 04 00 00 00 00 0A 04 04 00 00 00 08 09 0E 04 0C 00 00 00 02 04 0E 05 0B 00 05 09 0B 03 08 04 09 00 05 09 0E 05 00 00 00 01 09 05 01 
msec 35
sysex 43 50 00 05 05 05 07 02 0C 05 05 04 0E 00 00 02 01 04 0C 05 01 00 0F 09 0B 03 04 03 0E 01 06 09 0E 05 00 02 0B 02 08 05 01 00 00 02 08 05 00 00 00 01 09 04 0C 00 00 00 05 09 0B 03 08 00 00 00 08 03 0B 00 00 00 02 
msec 35
sysex 43 50 00 05 05 05 08 09 0E 04 0C 07 03 00 05 09 01 04 00 00 00 00 00 03 0B 00 00 00 00 03 08 00 00 00 00 09 0B 03 04 00 00 00 00 09 0D 04 00 00 00 00 00 03 0B 00 00 00 00 03 08 00 00 00 08 09 01 03 08 06 02 00 00 
msec 35
sysex 43 50 00 05 05 05 09 03 0B 06 02 00 00 04 00 06 02 00 00 09 09 02 03 05 0C 00 00 02 0A 02 07 00 00 09 0A 02 08 06 04 00 00 09 0C 03 04 05 09 00 00 09 0D 03 08 06 02 00 00 03 0B 06 02 00 00 04 00 06 02 00 07 09 0B 
msec 35
sysex 43 50 00 05 05 05 0A 02 08 05 0F 00 03 09 09 02 0A 00 00 00 00 02 03 00 00 00 02 09 0E 04 0E 02 08 01 04 05 00 05 0A 05 0D 04 0E 00 00 00 0F 04 0C 00 00 02 0A 05 00 00 00 08 01 05 05 09 0C 03 04 00 00 05 05 09 09 
msec 35
sysex 43 50 00 05 05 05 0B 02 06 06 06 00 00 02 0A 02 04 00 00 09 0C 03 0B 05 03 00 05 09 0B 03 04 05 0F 00 05 09 00 05 00 06 0B 00 00 09 02 03 08 06 01 00 00 09 09 02 0A 00 00 00 00 02 06 00 00 00 00 09 0C 04 00 06 01 
msec 35
sysex 43 50 00 05 05 05 0C 00 0A 04 04 06 09 03 0C 09 0A 02 08 00 00 02 0F 09 0C 03 0B 00 00 00 0A 04 00 00 00 00 0A 04 04 00 00 00 0D 09 0B 03 08 05 03 08 01 02 00 03 0B 05 0C 03 0E 09 00 05 00 00 00 00 0A 09 02 03 08 
msec 35
sysex 43 50 00 05 05 05 0D 00 00 03 0C 09 0B 03 04 00 00 00 0A 02 08 00 00 00 05 03 08 00 00 00 05 03 0B 00 00 00 08 09 09 02 03 05 0C 00 00 02 0A 02 04 00 00 09 0A 02 03 06 02 00 00 09 0C 03 04 05 03 00 02 09 0B 04 00 
msec 35
sysex 43 50 00 05 05 05 0E 06 03 00 03 09 00 05 00 06 0C 00 00 09 02 03 08 06 02 00 05 09 09 02 0A 00 00 00 00 02 03 00 00 08 01 01 08 09 0B 03 0B 04 0F 08 01 01 0E 03 08 04 0E 04 0B 09 0C 03 04 00 00 01 0E 09 00 05 00 
msec 35
sysex 43 50 00 05 05 05 0F 00 00 00 0A 09 02 03 08 00 00 02 03 09 0B 03 0B 00 00 00 02 03 08 00 00 00 08 09 09 02 06 06 06 00 00 02 0A 02 05 00 00 09 0B 04 00 00 00 00 00 09 0C 03 0B 05 04 00 02 09 0B 03 0B 05 09 00 08 
msec 35
sysex 43 50 00 05 05 05 10 09 09 02 0A 00 00 00 00 02 06 00 00 00 00 09 0C 04 00 06 01 00 0A 09 00 05 00 06 08 00 00 09 02 03 08 05 0E 00 00 09 0C 04 04 06 0A 03 0C 09 0A 02 03 00 00 02 0F 09 0C 03 0B 00 00 00 0A 04 00 
msec 35
sysex 43 50 00 05 05 05 11 00 00 00 0A 04 04 00 00 01 04 09 0B 03 08 04 0A 08 01 01 09 03 04 03 0F 07 03 09 00 05 00 00 00 00 0A 09 02 03 08 00 00 00 0F 09 00 05 00 06 09 00 00 09 02 03 08 05 0F 00 02 09 0B 03 08 00 00 
msec 35
sysex 43 50 00 05 05 05 12 00 00 03 0B 00 00 00 05 03 04 00 00 00 0D 09 09 02 03 05 0C 00 00 02 0A 02 07 00 00 09 0A 02 08 05 0D 00 00 09 0C 03 04 05 06 00 02 09 0B 02 08 05 0F 00 08 09 09 02 0A 00 00 00 00 02 03 00 00 
msec 35
sysex 43 50 00 05 05 05 13 08 02 03 08 09 0B 03 08 04 08 04 09 09 0C 03 04 00 00 05 05 09 09 02 06 06 06 00 00 02 0A 02 04 00 00 09 0B 03 04 05 0F 00 00 09 0C 03 0B 04 0D 00 0A 09 09 02 0A 00 00 00 00 02 06 00 00 00 00 
msec 35
sysex 43 50 00 05 05 05 14 09 0C 04 00 06 00 00 0A 04 04 06 08 03 0C 09 0A 02 08 00 00 02 0F 09 0C 03 0B 00 00 00 0A 04 00 00 00 00 0A 04 04 00 00 00 03 09 0B 03 08 00 00 01 01 03 08 05 03 08 01 01 09 03 0B 05 0C 07 0F 
msec 35
sysex 43 50 00 05 05 05 15 03 04 00 00 00 0A 02 08 00 00 00 0F 03 0B 00 00 00 03 03 08 00 00 00 05 09 09 02 03 05 0C 00 00 02 0A 02 04 00 00 09 0A 02 03 05 0E 00 00 09 0C 03 04 05 06 00 07 09 0B 04 00 06 03 00 03 09 09 
msec 35
sysex 43 50 00 05 05 05 16 02 0A 00 00 00 00 02 03 00 00 02 0F 09 00 05 00 00 00 00 0A 09 02 03 08 00 00 06 02 09 0B 03 0B 04 0F 08 01 02 02 03 08 04 0E 04 04 09 0C 03 04 00 00 04 01 09 00 05 00 06 09 00 00 09 02 03 08 
msec 35
sysex 43 50 00 05 05 05 17 05 0F 00 0C 09 0B 03 0B 00 00 00 08 09 09 02 06 06 06 00 00 02 0A 02 05 00 00 09 0B 03 08 00 00 00 00 09 0C 03 0B 05 07 00 05 09 0B 04 00 00 00 00 00 03 0B 05 09 00 05 09 09 02 0A 00 00 00 00 
msec 35
sysex 43 50 00 05 05 05 18 02 06 00 00 00 00 09 0C 04 00 06 03 00 0A 04 04 06 06 03 0C 09 0A 02 03 00 00 02 0F 09 0C 03 0B 00 00 00 0A 04 00 00 00 00 0A 04 04 00 00 00 0F 09 0B 03 08 04 0A 08 01 02 03 03 04 03 0F 04 01 
msec 35
sysex 43 50 00 05 05 05 19 09 00 05 00 00 00 00 0A 09 02 03 08 00 00 03 09 09 0B 03 08 00 00 00 08 03 0B 00 00 00 07 03 04 00 00 00 08 09 00 05 00 06 0B 00 00 09 02 03 08 06 0B 00 00 09 09 02 03 05 0C 00 00 02 0A 02 07 
msec 35
sysex 43 50 00 05 05 05 1A 00 00 09 0A 02 08 06 00 00 00 09 0C 03 04 05 09 00 02 09 0B 02 08 05 0F 00 08 09 09 02 0A 00 00 00 00 02 03 00 00 08 02 03 08 09 0B 03 08 04 08 04 09 09 0C 03 04 00 00 05 05 09 09 02 06 06 06 
msec 35
sysex 43 50 00 05 05 05 1B 00 00 02 0A 02 04 00 00 09 0B 03 04 05 0F 00 00 09 0C 03 0B 05 03 00 0A 09 09 02 0A 00 00 00 00 02 06 00 00 00 00 09 0C 04 00 06 01 00 0A 04 04 06 09 03 0C 09 0A 02 08 00 00 02 0F 09 0C 03 0B 
msec 35
sysex 43 50 00 05 05 05 1C 00 00 00 0A 04 00 00 00 00 0A 04 04 00 00 00 03 09 0B 03 08 00 00 01 01 03 08 05 03 05 00 09 00 05 00 00 00 00 00 09 02 03 08 00 00 00 08 09 00 05 01 06 08 00 00 09 02 03 09 06 08 04 01 09 0B 
msec 35
sysex 43 50 00 05 05 05 1D 03 0B 05 0C 07 0F 03 04 00 00 00 0A 09 00 05 01 00 00 00 00 09 02 03 09 00 00 00 00 09 0B 02 08 00 00 00 08 09 00 05 00 06 0A 00 00 09 02 03 08 06 0A 00 07 09 0B 03 0B 00 00 00 03 03 08 00 00 
msec 35
sysex 43 50 00 05 05 05 1E 00 05 09 09 02 03 05 0C 00 00 02 0A 02 04 00 00 09 0A 02 03 05 0E 00 00 09 0C 03 04 05 03 00 07 09 0B 04 00 06 03 00 03 09 09 02 0A 00 00 00 00 02 03 00 00 08 01 01 0B 09 0B 03 0B 04 0F 08 01 
msec 35
sysex 43 50 00 05 05 05 1F 02 02 03 08 04 0E 04 04 09 0C 03 04 00 00 04 0D 09 0B 03 0B 00 00 00 05 09 00 05 00 00 00 00 00 09 02 03 08 00 00 00 03 09 09 02 06 06 06 00 00 02 0A 02 05 00 00 09 0B 03 08 00 00 00 00 09 0C 
msec 35
sysex 43 50 00 05 05 05 20 03 0B 05 04 00 05 09 00 04 0E 06 0B 00 00 09 02 03 06 06 0B 00 00 09 0B 04 00 00 00 00 00 03 0B 05 09 00 05 09 09 02 0A 00 00 00 00 02 06 00 00 00 00 09 0C 04 00 06 01 00 0A 04 04 06 0A 03 0C 
msec 35
sysex 43 50 00 05 05 05 21 09 0A 02 03 00 00 02 0F 09 0C 03 0B 00 00 00 0A 04 00 00 00 00 0A 04 04 00 00 00 0F 09 0B 03 08 04 0A 08 01 02 03 03 04 03 0F 08 01 00 04 03 08 00 00 00 05 09 00 04 0E 00 00 00 00 09 02 03 06 
msec 35
sysex 43 50 00 05 05 05 22 00 00 00 03 09 0B 03 0B 00 00 00 05 09 00 05 00 06 0A 00 00 09 02 03 08 06 0A 00 02 09 01 04 00 00 00 00 00 03 0B 00 00 00 00 03 08 00 00 00 00 09 0B 03 04 00 00 00 00 09 0D 04 00 00 00 00 00 
msec 35
sysex 43 50 00 05 05 05 23 03 0B 00 00 00 00 03 08 00 00 00 08 09 01 03 08 06 02 00 00 03 0B 06 02 00 00 04 00 06 02 00 00 09 09 02 03 05 0C 00 00 02 0A 02 07 00 00 09 0A 02 08 06 03 00 00 09 0C 03 04 05 06 00 00 09 0D 
msec 35
sysex 43 50 00 05 05 05 24 03 08 06 02 00 00 03 0B 06 02 00 00 04 00 06 02 00 02 09 0B 02 08 05 0F 00 08 09 09 02 0A 00 00 00 00 02 03 00 00 08 02 03 08 09 0B 03 08 04 08 04 09 09 0C 03 04 00 00 05 00 09 0E 04 0C 05 0C 
msec 35
sysex 43 50 00 05 05 05 25 00 05 09 09 02 06 06 06 00 00 02 0A 02 04 00 00 09 0B 03 04 05 0F 00 00 09 0C 03 0B 04 0D 00 00 09 0E 04 09 05 0C 00 0A 09 09 02 0A 00 00 00 00 02 06 00 00 00 00 09 0C 04 00 06 00 00 0A 04 04 
msec 35
sysex 43 50 00 05 05 05 26 06 08 03 0C 09 0A 02 08 00 00 02 03 09 0E 04 09 00 00 00 00 04 0C 00 00 00 05 04 09 05 08 00 02 04 0C 05 08 00 05 09 0C 03 0B 00 00 00 0A 04 00 00 00 00 0A 04 04 00 00 00 03 09 0B 03 08 00 00 
msec 35
sysex 43 50 00 05 05 05 27 01 01 03 08 05 03 03 00 09 0E 04 09 00 00 00 0F 04 0C 00 00 00 07 04 0C 05 0A 00 03 04 09 05 0A 05 00 09 0B 03 0B 05 0C 01 09 09 0E 04 0C 00 00 00 02 04 09 00 00 00 05 04 0C 05 08 00 0D 04 09 
msec 35
sysex 43 50 00 05 05 05 28 05 08 04 0B 09 00 05 00 00 00 00 00 09 02 03 08 00 00 00 07 09 0B 03 04 00 00 00 0A 02 08 00 00 00 0D 09 0E 04 0C 00 00 00 02 09 00 05 00 06 0A 00 00 09 02 03 08 06 00 00 00 09 0B 03 0B 00 00 
msec 35
sysex 43 50 00 05 05 05 29 00 03 03 08 00 00 00 02 09 0E 04 0B 05 0C 00 03 09 09 02 03 05 0C 00 00 02 0A 02 04 00 00 09 0A 02 03 06 01 00 00 09 0C 03 04 05 06 00 00 09 0E 04 07 05 0C 00 02 04 09 00 00 00 05 09 0B 04 00 
msec 35
sysex 43 50 00 05 05 05 2A 06 03 00 03 09 09 02 0A 00 00 00 00 02 03 00 00 04 0D 09 0E 04 07 00 00 01 09 04 0B 00 00 00 03 04 07 05 0A 00 05 04 0B 05 0A 02 0D 09 0B 03 0B 04 0F 03 07 09 0E 04 07 00 00 00 05 04 0B 00 00 
msec 35
sysex 43 50 00 05 05 05 2B 00 07 04 0B 05 0C 00 05 04 07 05 0C 05 0A 09 0B 03 08 04 0E 01 0E 09 0E 04 07 00 00 00 00 04 0B 00 00 00 05 04 07 05 08 00 03 04 0B 05 08 01 0E 09 0C 03 04 00 00 04 03 09 0E 04 07 00 00 00 03 
msec 35
sysex 43 50 00 05 05 05 2C 04 0B 00 00 00 07 09 0B 03 0B 00 00 00 00 09 0E 04 09 05 0C 00 08 09 09 02 06 06 06 00 00 02 0A 02 05 00 00 09 0B 03 08 00 00 00 00 09 0C 03 0B 05 07 00 05 09 0B 04 00 00 00 00 00 03 0B 05 09 
msec 35
sysex 43 50 00 05 05 05 2D 00 00 09 0E 04 05 05 0C 00 05 09 09 02 0A 00 00 00 00 02 06 00 00 00 00 09 0C 04 00 06 03 00 0A 04 04 06 06 03 0C 09 0A 02 03 00 00 00 0A 09 0E 04 05 00 00 01 09 04 09 00 00 00 00 04 05 05 08 
msec 35
sysex 43 50 00 05 05 05 2E 00 07 04 09 05 08 00 05 09 0C 03 0B 00 00 00 0A 04 00 00 00 00 0A 04 04 00 00 00 0F 09 0B 03 08 04 0A 03 07 09 0E 04 05 00 00 00 08 04 09 00 00 00 07 04 09 05 0A 00 0A 04 05 05 0A 05 03 09 0B 
msec 35
sysex 43 50 00 05 05 05 2F 03 04 03 0F 00 0A 09 0E 04 05 00 00 00 0A 04 09 00 00 00 07 04 09 05 08 00 08 04 05 05 08 06 01 09 0B 03 08 00 00 00 08 03 0B 00 00 00 07 03 04 00 00 00 00 09 0E 04 09 00 00 00 00 04 07 05 07 
msec 35
sysex 43 50 00 05 05 05 30 00 05 04 04 05 07 00 03 09 09 02 03 05 0C 00 00 02 0A 02 07 00 00 09 0A 02 08 06 03 00 00 09 0C 03 04 05 06 00 00 09 0E 04 05 00 00 00 02 09 0B 02 08 05 0F 00 03 09 00 05 00 00 00 00 05 09 09 
msec 35
sysex 43 50 00 05 05 05 31 02 0A 00 00 00 00 02 03 00 00 00 05 09 02 03 08 00 00 04 0D 09 0E 04 04 00 00 00 0F 04 07 00 00 00 08 04 07 05 05 00 02 04 04 05 05 06 0E 04 07 00 00 00 03 04 04 00 00 00 05 04 07 05 06 00 02 
msec 35
sysex 43 50 00 05 05 05 32 04 04 05 06 05 05 09 0B 03 08 04 08 00 0A 09 0E 04 04 00 00 01 02 04 07 00 00 00 07 04 07 05 02 00 03 04 04 05 02 02 03 09 0C 03 04 00 00 03 0E 09 00 04 0E 06 0B 00 00 09 02 03 06 06 0B 00 08 
msec 35
sysex 43 50 00 05 05 05 33 09 0E 04 07 00 00 00 02 04 04 00 00 00 05 04 07 05 05 00 05 04 04 05 05 00 03 09 09 02 06 06 06 00 00 02 0A 02 04 00 00 09 0B 03 04 05 0F 00 00 09 0C 03 0B 04 0D 00 0A 09 09 02 0A 00 00 00 00 
msec 35
sysex 43 50 00 05 05 05 34 02 06 00 00 00 00 09 0C 04 00 06 00 00 0A 04 04 06 08 03 0C 09 0A 02 08 00 00 00 0F 09 0E 04 04 00 00 01 01 04 07 00 00 00 08 04 04 05 00 00 00 04 07 05 00 00 07 09 0C 03 0B 00 00 00 0A 04 00 
msec 35
sysex 43 50 00 05 05 05 35 00 00 00 0A 04 04 00 00 00 03 09 0B 03 08 00 00 01 01 03 08 05 03 03 0C 09 0E 04 07 00 00 00 00 04 04 00 00 00 08 04 07 05 02 00 02 04 04 05 02 05 03 09 0B 03 0B 05 0C 00 0F 09 0E 04 04 00 00 
msec 35
sysex 43 50 00 05 05 05 36 01 01 04 07 00 00 00 08 04 04 04 0F 00 00 04 07 04 0F 05 07 09 0B 03 04 00 00 00 08 09 00 04 0E 00 00 00 00 09 02 03 06 00 00 00 02 09 0B 02 08 00 00 00 05 09 00 05 00 06 0B 00 00 09 02 03 08 
msec 35
sysex 43 50 00 05 05 05 37 06 0B 00 03 09 0E 04 07 00 00 00 00 04 04 00 00 00 07 09 0B 03 0B 00 00 00 00 09 0E 04 07 05 09 00 03 09 0B 03 08 00 00 00 02 09 0E 04 04 05 09 00 03 09 09 02 03 05 0C 00 00 02 0A 02 04 00 00 
msec 35
sysex 43 50 00 05 05 05 38 09 0A 02 03 06 00 00 00 09 0C 03 04 05 06 00 07 09 0B 04 00 06 03 00 03 09 09 02 0A 00 00 00 00 02 03 00 00 05 02 09 0E 04 04 00 00 00 0F 04 07 00 00 00 08 04 07 04 0E 00 02 04 04 04 0E 03 00 
msec 35
sysex 43 50 00 05 05 05 39 09 0B 03 0B 04 0F 03 0E 09 0E 04 07 00 00 00 03 04 04 00 00 00 05 04 07 05 04 00 02 04 04 05 04 05 0A 09 0B 03 08 04 0E 00 03 09 0E 04 04 00 00 00 0F 04 07 00 00 00 07 04 07 04 0C 00 05 04 04 
msec 35
sysex 43 50 00 05 05 05 3A 04 0C 02 06 09 0C 03 04 00 00 04 0D 09 00 05 00 00 00 00 00 09 02 03 08 00 00 00 00 09 0B 03 0B 00 00 00 00 09 0E 04 07 00 00 00 03 04 04 00 00 00 05 09 09 02 06 06 06 00 00 02 0A 02 05 00 00 
msec 35
sysex 43 50 00 05 05 05 3B 09 0B 03 08 00 00 00 00 09 0C 03 0B 05 07 00 00 09 0E 04 04 04 0C 00 00 04 07 04 0C 00 02 09 00 05 01 06 0B 00 00 09 02 03 09 06 0B 00 03 09 0B 04 00 00 00 00 00 03 0B 05 09 00 05 09 09 02 0A 
msec 35
sysex 43 50 00 05 05 05 3C 00 00 00 00 02 06 00 00 00 00 09 0C 04 00 06 03 00 0A 04 04 06 06 03 0C 09 0A 02 03 00 00 00 0C 09 0E 04 04 00 00 01 02 04 07 00 00 00 05 04 07 04 06 00 02 04 04 04 06 00 0A 09 0C 03 0B 00 00 
msec 35
sysex 43 50 00 05 05 05 3D 00 0A 04 00 00 00 00 0A 04 04 00 00 00 0F 09 0B 03 08 04 0A 04 01 09 0E 04 07 00 00 00 03 04 04 00 00 00 05 04 07 04 0D 00 02 04 04 04 0D 05 08 09 0B 03 04 03 0F 08 01 00 04 03 08 00 00 00 08 
msec 35
sysex 43 50 00 05 05 05 3E 03 0B 00 00 00 05 09 0E 04 07 00 00 00 02 09 00 05 01 00 00 00 00 09 01 04 00 00 00 00 00 03 0B 00 00 00 00 03 08 00 00 00 00 09 02 03 09 00 00 00 00 09 0B 03 04 00 00 00 00 09 0D 04 00 00 00 
msec 35
sysex 43 50 00 05 05 05 3F 00 00 03 0B 00 00 00 00 03 08 00 00 00 00 09 0E 04 04 00 00 00 08 09 00 05 03 06 0C 00 00 09 01 03 0B 06 02 00 00 03 0F 06 02 00 00 04 02 06 02 00 00 09 02 03 0B 06 0C 00 00 09 09 02 03 05 0C 
msec 35
sysex 43 50 00 05 05 05 40 00 00 02 0A 02 07 00 00 09 0A 02 0A 06 03 00 00 09 0C 02 0F 05 09 00 00 09 0D 03 0B 06 02 00 00 03 0F 06 02 00 00 04 02 06 02 00 05 09 0B 02 0F 05 0F 00 05 09 09 02 0A 00 00 00 00 02 03 00 00 
msec 35
sysex 43 50 00 05 05 05 41 08 02 03 0B 09 0B 03 06 04 08 04 06 09 0C 02 0F 00 00 05 05 09 09 02 06 06 06 00 00 02 0A 02 04 00 00 09 0C 03 0B 05 03 00 00 0F 0F 07 0F 00 07 04 03 07 0B 00 01 03 07 00 00 07 0F 07 0F 00 07 
msec 35
sysex 43 50 00 05 05 05 42 09 0B 03 03 05 0F 00 03 09 09 02 0A 00 00 00 00 02 06 00 00 00 00 09 0C 03 0F 06 01 00 0A 04 02 06 09 03 0C 09 0A 02 0A 00 00 02 0F 09 0C 03 0B 00 00 00 0A 03 0F 00 00 00 0A 04 02 00 00 00 05 
msec 35
sysex 43 50 00 05 05 05 43 09 0B 03 06 00 00 00 0A 03 06 05 03 08 01 02 00 03 0B 06 02 08 01 00 05 03 03 00 00 00 05 02 0F 00 00 00 0A 03 06 00 00 00 02 09 00 05 03 00 00 00 00 09 02 03 0B 00 00 00 03 09 0B 03 0B 00 00 
msec 35
sysex 43 50 00 05 05 05 44 00 05 09 00 05 05 06 0D 00 00 09 02 03 0D 06 03 00 00 09 09 02 03 05 0C 00 00 02 0A 02 04 00 00 09 0A 02 03 06 00 00 00 09 0C 02 0F 05 03 00 07 09 0B 04 02 06 03 00 03 09 09 02 0A 00 00 00 00 
msec 35
sysex 43 50 00 05 05 05 45 02 03 00 00 08 01 01 06 09 0B 03 0B 04 0F 08 01 02 00 03 06 04 0E 04 0B 09 0C 02 0F 00 00 03 07 09 00 05 05 00 00 00 0A 09 02 03 0D 00 00 00 07 09 00 05 03 06 08 00 00 09 02 03 0B 05 0E 00 00 
msec 35
sysex 43 50 00 05 05 05 46 09 0B 03 0B 00 00 00 05 03 06 00 00 00 08 09 09 02 06 06 06 00 00 02 0A 02 05 00 00 09 0B 03 0F 05 09 00 00 09 0C 03 0B 05 04 00 05 09 0B 04 02 00 00 00 05 09 09 02 0A 00 00 00 00 02 06 00 00 
msec 35
sysex 43 50 00 05 05 05 47 00 00 09 0C 03 0F 06 01 00 0A 04 02 06 0A 03 0C 09 0A 02 03 00 00 02 0F 09 0C 03 0B 00 00 00 0A 03 0F 00 00 00 0A 04 02 00 00 00 0D 09 0B 03 0B 04 0A 08 01 01 06 09 00 05 03 00 00 00 0A 09 02 
msec 35
sysex 43 50 00 05 05 05 48 03 0B 00 00 00 07 09 0B 03 03 03 0F 00 08 09 00 05 01 06 03 00 00 09 02 03 09 05 09 07 08 09 0B 03 0B 00 00 00 05 03 0F 00 00 00 0F 03 03 00 00 00 05 09 09 02 03 05 0C 00 00 02 0A 02 07 00 00 
msec 35
sysex 43 50 00 05 05 05 49 09 0A 02 0F 05 06 00 00 09 0C 02 0F 05 09 00 05 09 0B 02 0F 05 0F 00 05 09 09 02 0A 00 00 00 00 02 03 00 00 07 03 09 00 05 01 00 00 00 0A 09 02 03 09 00 00 00 0C 09 00 05 00 06 0F 00 00 09 02 
msec 35
sysex 43 50 00 05 05 05 4A 03 08 06 05 08 01 03 02 09 0B 03 06 04 08 04 06 09 0C 02 0F 00 00 05 05 09 09 02 06 06 06 00 00 02 0A 02 04 00 00 09 0C 03 0B 05 03 00 07 09 0B 03 03 05 0F 00 03 09 09 02 0A 00 00 00 00 02 06 
msec 35
sysex 43 50 00 05 05 05 4B 00 00 00 00 09 0C 03 0F 06 01 00 0A 04 02 06 09 03 0C 09 0A 02 0F 00 00 02 0F 09 0C 03 0B 00 00 00 05 09 00 05 00 00 00 00 00 09 02 03 08 00 00 00 05 09 0C 03 0F 00 00 00 03 09 00 05 01 06 0D 
msec 35
sysex 43 50 00 05 05 05 4C 00 00 09 02 03 09 06 03 00 07 09 0C 04 02 00 00 00 05 09 0B 03 06 00 00 00 0A 03 06 05 03 08 01 02 00 03 0B 06 02 08 01 00 05 03 03 00 00 00 05 02 0F 00 00 00 0A 03 06 00 00 00 05 03 0B 00 00 
msec 35
sysex 43 50 00 05 05 05 4D 00 05 09 00 05 01 00 00 00 00 09 02 03 09 00 00 00 00 09 09 02 03 05 0C 00 00 02 0A 02 04 00 00 09 0A 02 0A 05 0D 00 00 09 0C 02 0F 05 03 00 07 09 00 05 00 06 05 00 00 09 02 03 08 05 0B 00 00 
msec 35
sysex 43 50 00 05 05 05 4E 09 0B 04 02 06 03 00 03 09 09 02 0A 00 00 00 00 02 03 00 00 08 01 01 06 09 0B 03 0B 04 0F 08 01 02 00 03 06 04 0E 04 0B 09 0C 02 0F 00 00 03 07 09 00 05 00 00 00 00 0A 09 02 03 08 00 00 00 07 
msec 35
sysex 43 50 00 05 05 05 4F 09 0B 03 0B 00 00 00 05 09 00 04 0E 06 01 00 00 09 02 03 06 05 07 00 00 09 0B 03 06 00 00 00 08 09 09 02 06 06 06 00 00 02 0A 02 05 00 00 09 0B 03 0F 05 09 00 00 09 0C 03 0B 05 04 00 05 09 0B 
msec 35
sysex 43 50 00 05 05 05 50 04 02 00 00 00 05 09 09 02 0A 00 00 00 00 02 06 00 00 00 00 09 0C 03 0F 06 01 00 0A 04 02 06 0A 03 0C 09 0A 02 0A 00 00 02 0F 09 0C 03 0B 00 00 00 0A 03 0F 00 00 00 0A 04 02 00 00 00 0D 09 0B 
msec 35
sysex 43 50 00 05 05 05 51 03 0B 04 0A 08 01 02 07 03 03 03 0F 08 01 00 00 03 0B 00 00 00 05 03 0F 00 00 00 0C 09 01 04 02 00 00 00 00 03 0F 00 00 00 00 03 0B 00 00 00 00 09 0D 04 02 00 00 00 00 03 0F 00 00 00 00 03 0B 
msec 35
sysex 43 50 00 05 05 05 52 00 00 00 03 09 0B 03 03 00 00 00 02 09 00 04 0E 00 00 00 00 09 02 03 06 00 00 00 03 09 01 03 08 06 02 00 00 03 0B 06 02 00 00 04 00 06 02 00 00 09 09 02 03 05 0C 00 00 02 0A 02 07 00 00 09 0A 
msec 35
sysex 43 50 00 05 05 05 53 02 08 06 03 00 00 09 0C 03 04 05 09 00 00 09 0D 03 08 06 02 00 00 03 0B 06 02 00 00 04 00 06 02 00 05 09 00 05 00 06 0A 00 00 09 02 03 08 06 00 00 02 09 0B 02 08 05 0F 00 03 09 09 02 0A 00 00 
msec 35
sysex 43 50 00 05 05 05 54 00 00 02 03 00 00 08 03 00 01 09 0C 03 04 00 00 05 05 09 09 02 06 06 06 00 00 02 0A 02 04 00 00 09 0C 03 0B 05 03 00 00 0F 0F 07 0F 00 07 04 03 07 0B 00 01 03 03 00 00 07 0F 07 0F 00 05 09 0B 
msec 35
sysex 43 50 00 05 05 05 55 03 04 05 0F 00 05 09 09 02 0A 00 00 00 00 02 06 00 00 00 00 09 0C 04 00 06 01 00 0A 04 04 06 09 03 0C 09 0A 02 08 00 00 02 0F 09 0C 03 0B 00 00 00 0A 04 00 00 00 00 0A 04 04 00 00 00 0D 09 0B 
msec 35
sysex 43 50 00 05 05 05 56 03 08 05 03 07 0D 09 0E 04 04 06 05 02 03 09 0B 03 0B 05 0C 03 0E 09 0E 04 02 04 0C 02 0B 04 04 00 00 01 0B 09 0B 03 04 00 00 00 0A 02 08 00 00 00 05 03 08 00 00 00 05 03 0B 00 00 00 08 09 09 
msec 35
sysex 43 50 00 05 05 05 57 02 03 05 0C 00 00 02 0A 02 04 00 00 09 0A 02 03 06 00 00 00 09 0C 03 04 05 03 00 02 09 0B 04 00 06 03 00 05 09 0E 04 04 06 05 00 03 09 09 02 0A 00 00 00 00 02 03 00 00 01 01 09 0E 04 02 00 00 
msec 35
sysex 43 50 00 05 05 05 58 08 01 00 05 09 09 02 06 05 05 00 02 09 0B 03 0B 04 0F 00 08 09 09 02 06 00 00 05 0F 09 00 05 00 00 00 00 0A 09 02 03 08 00 00 02 0D 09 09 02 0A 02 04 00 00 09 0B 03 08 04 0E 00 0A 09 09 02 0A 
msec 35
sysex 43 50 00 05 05 05 59 00 00 04 01 09 0C 03 04 00 00 04 0B 09 0B 03 0B 00 00 00 02 03 08 00 00 00 08 09 09 02 06 06 06 00 00 02 0A 02 05 00 00 09 0B 04 00 00 00 00 00 09 0C 03 0B 05 04 00 02 09 0B 03 0B 05 09 00 08 
msec 35
sysex 43 50 00 05 05 05 5A 09 09 02 0A 00 00 00 00 02 06 00 00 00 00 09 0C 04 00 06 01 00 0A 04 04 06 0A 03 0C 09 0A 02 03 00 00 02 0F 09 0C 03 0B 00 00 00 0A 04 00 00 00 00 0A 04 04 00 00 00 0A 09 0E 04 04 00 00 00 0A 
msec 35
sysex 43 50 00 05 05 05 5B 09 0B 03 08 04 0A 08 01 01 09 03 04 03 0F 02 03 09 0E 04 09 06 0A 06 0B 09 0B 03 08 00 00 00 00 03 0B 00 00 00 05 03 04 00 00 00 03 09 0E 04 09 00 00 00 02 04 07 06 01 00 08 09 09 02 03 05 0C 
msec 35
sysex 43 50 00 05 05 05 5C 00 00 02 0A 02 07 00 00 09 0A 02 08 06 04 00 00 09 0C 03 04 05 06 00 02 09 0B 02 08 05 0F 00 08 09 09 02 0A 00 00 00 00 02 03 00 00 06 01 09 0E 04 07 00 00 00 08 04 07 04 0E 07 00 04 07 00 00 
msec 35
sysex 43 50 00 05 05 05 5D 00 08 04 07 05 04 05 07 09 0B 03 08 04 08 01 07 09 0E 04 07 00 00 00 07 04 07 04 0C 02 0B 09 0C 03 04 00 00 04 0D 09 0E 04 07 00 00 00 08 09 09 02 06 06 06 00 00 02 0A 02 04 00 00 09 0B 03 04 
msec 35
sysex 43 50 00 05 05 05 5E 05 0F 00 00 09 0C 03 0B 04 0D 00 00 09 0E 04 07 04 0C 00 0A 09 00 05 00 06 0B 00 00 09 02 03 08 06 01 00 00 09 09 02 0A 00 00 00 00 02 06 00 00 00 00 09 0C 04 00 06 00 00 0A 04 04 06 08 03 0C 
msec 35
sysex 43 50 00 05 05 05 5F 09 0A 02 08 00 00 01 0E 09 0E 04 07 00 00 00 05 04 07 04 06 00 0C 09 0C 03 0B 00 00 00 0A 04 00 00 00 00 0A 04 04 00 00 00 03 09 0B 03 08 00 00 01 01 03 08 05 03 03 0C 09 0E 04 07 00 00 00 08 
msec 35
sysex 43 50 00 05 05 05 60 04 07 04 0D 05 05 09 0B 03 0B 05 0C 03 0E 09 00 05 00 00 00 00 0A 09 02 03 08 00 00 03 07 09 0B 03 04 00 00 00 0A 02 08 00 00 00 0D 09 0E 04 07 00 00 00 02 09 0B 03 0B 00 00 00 03 03 08 00 00 
msec 35
sysex 43 50 00 05 05 05 61 00 05 09 09 02 03 05 0C 00 00 02 0A 02 04 00 00 09 0A 02 03 06 02 00 00 09 0C 03 04 05 06 00 05 09 00 05 00 06 0C 00 00 09 02 03 08 06 02 00 02 09 0B 04 00 06 03 00 03 09 09 02 0A 00 00 00 00 
msec 35
sysex 43 50 00 05 05 05 62 02 03 00 00 08 01 01 06 02 06 03 0E 00 05 09 0B 03 0B 04 0F 00 05 09 09 02 06 00 00 08 01 01 06 02 06 04 0A 00 07 09 0B 03 08 04 0E 00 03 09 09 02 06 00 00 04 01 09 0C 03 04 00 00 01 0E 09 00 
msec 35
sysex 43 50 00 05 05 05 63 05 00 00 00 00 0A 09 02 03 08 00 00 02 05 09 0B 03 0B 00 00 00 08 09 09 02 06 06 06 00 00 02 0A 02 05 00 00 09 0B 03 08 00 00 00 00 09 0C 03 0B 05 07 00 05 09 0B 04 00 00 00 00 00 03 0B 05 09 
msec 35
sysex 43 50 00 05 05 05 64 00 05 09 09 02 0A 00 00 00 00 02 06 00 00 00 00 09 0C 04 00 06 03 00 0A 09 00 05 00 06 08 00 00 09 02 03 08 05 0E 00 00 09 0C 04 04 06 06 03 0C 09 0A 02 03 00 00 02 0F 09 0C 03 0B 00 00 00 0A 
msec 35
sysex 43 50 00 05 05 05 65 04 00 00 00 00 0A 04 04 00 00 00 0F 09 0B 03 08 04 0A 07 01 09 00 05 00 00 00 00 0A 09 02 03 08 00 00 00 0F 09 00 05 00 06 09 00 00 09 02 03 08 05 0F 01 09 09 0B 03 04 03 0F 08 01 00 04 03 08 
msec 35
sysex 43 50 00 05 05 05 66 00 00 00 08 03 0B 00 00 00 07 09 01 04 00 00 00 00 00 03 0B 00 00 00 00 03 08 00 00 00 00 09 0B 03 04 00 00 00 00 09 0D 04 00 00 00 00 00 03 0B 00 00 00 00 03 08 00 00 00 08 09 01 03 08 06 02 
msec 35
sysex 43 50 00 05 05 05 67 00 00 03 0B 06 02 00 00 04 00 06 02 00 00 09 09 02 03 05 0C 00 00 02 0A 02 07 00 00 09 0A 02 08 05 0D 00 00 09 0C 03 04 05 06 00 00 09 0D 03 08 06 02 00 00 03 0B 06 02 00 00 04 00 06 02 00 02 
msec 35
sysex 43 50 00 05 05 05 68 09 0B 02 08 05 0F 00 08 09 09 02 0A 00 00 00 00 02 03 00 00 08 02 03 08 09 0B 03 08 04 08 04 09 09 0C 03 04 00 00 05 05 09 09 02 06 06 06 00 00 02 0A 02 04 00 00 09 0B 03 04 05 0F 00 00 09 0C 
msec 35
sysex 43 50 00 05 05 05 69 03 0B 04 0D 00 0A 09 09 02 0A 00 00 00 00 02 06 00 00 00 00 09 0C 04 00 06 00 00 0A 04 04 06 08 03 0C 09 0A 02 08 00 00 02 0F 09 0C 03 0B 00 00 00 0A 04 00 00 00 00 0A 04 04 00 00 00 03 09 0B 
msec 35
sysex 43 50 00 05 05 05 6A 03 08 00 00 01 01 03 08 05 03 08 01 01 09 03 0B 05 0C 03 09 09 00 05 00 00 00 00 0A 09 02 03 08 00 00 03 0C 09 0B 03 04 00 00 00 0A 02 08 00 00 00 0F 03 0B 00 00 00 03 03 08 00 00 00 05 09 09 
msec 35
sysex 43 50 00 05 05 05 6B 02 03 05 0C 00 00 02 0A 02 04 00 00 09 0A 02 03 05 0E 00 00 09 0C 03 04 05 06 00 07 09 0B 04 00 06 03 00 03 09 09 02 0A 00 00 00 00 02 03 00 00 08 01 01 0B 09 0B 03 0B 04 0F 08 01 02 02 03 08 
msec 35
sysex 43 50 00 05 05 05 6C 04 0E 04 04 09 0C 03 04 00 00 04 0D 09 0B 03 0B 00 00 00 08 09 09 02 06 06 06 00 00 02 0A 02 05 00 00 09 0B 03 08 00 00 00 00 09 0C 03 0B 05 07 00 05 09 0B 04 00 00 00 00 00 03 0B 05 09 00 05 
msec 35
sysex 43 50 00 05 05 05 6D 09 09 02 0A 00 00 00 00 02 06 00 00 00 00 09 0C 04 00 06 03 00 02 09 00 05 00 07 01 00 00 09 02 03 08 06 07 00 08 09 0C 04 04 06 06 03 0C 09 0A 02 03 00 00 02 0F 09 0C 03 0B 00 00 00 0A 04 00 
msec 35
sysex 43 50 00 05 05 05 6E 00 00 00 0A 04 04 00 00 00 08 09 00 05 00 00 00 00 07 09 0B 03 08 04 0A 00 03 09 02 03 08 00 00 05 07 09 00 05 00 06 0E 00 00 09 02 03 08 06 04 04 09 09 0B 03 04 03 0F 08 01 00 04 03 08 00 00 
msec 35
sysex 43 50 00 05 05 05 6F 00 08 03 0B 00 00 00 07 03 04 00 00 00 08 09 09 02 03 05 0C 00 00 02 0A 02 07 00 00 09 0A 02 08 06 00 00 00 09 0C 03 04 05 09 00 02 09 0B 02 08 05 0F 00 08 09 09 02 0A 00 00 00 00 02 03 00 00 
msec 35
sysex 43 50 00 05 05 05 70 08 02 03 08 09 0B 03 08 04 08 04 09 09 0C 03 04 00 00 05 05 09 09 02 06 06 06 00 00 02 0A 02 04 00 00 09 0B 03 04 05 0F 00 00 09 0C 03 0B 05 03 00 0A 09 09 02 0A 00 00 00 00 02 06 00 00 00 00 
msec 35
sysex 43 50 00 05 05 05 71 09 0C 04 00 06 01 00 0A 04 04 06 09 03 0C 09 0A 02 08 00 00 01 06 09 00 05 00 00 00 01 09 09 0C 03 0B 00 00 00 0A 04 00 00 00 00 0A 04 04 00 00 00 03 09 0B 03 08 00 00 01 01 03 08 05 03 04 01 
msec 35
sysex 43 50 00 05 05 05 72 09 02 03 08 00 00 03 05 09 00 05 01 06 0E 00 00 09 02 03 09 06 04 02 03 09 0B 03 0B 05 0C 07 0F 03 04 00 00 00 0A 02 08 00 00 00 0F 03 0B 00 00 00 03 03 08 00 00 00 05 09 09 02 03 05 0C 00 00 
msec 35
sysex 43 50 00 05 05 05 73 02 0A 02 04 00 00 09 0A 02 03 05 0E 00 00 09 0C 03 04 05 03 00 07 09 0B 04 00 06 03 00 03 09 09 02 0A 00 00 00 00 02 03 00 00 03 09 09 00 05 01 00 00 00 00 09 02 03 09 00 00 00 08 09 00 05 00 
msec 35
sysex 43 50 00 05 05 05 74 06 07 00 00 09 02 03 08 05 0D 05 0A 09 0B 03 0B 04 0F 08 01 02 02 03 08 04 0E 04 04 09 0C 03 04 00 00 04 0D 09 0B 03 0B 00 00 00 08 09 09 02 06 06 06 00 00 02 0A 02 05 00 00 09 0B 03 08 00 00 
msec 35
sysex 43 50 00 05 05 05 75 00 00 09 0C 03 0B 05 04 00 05 09 0B 04 00 00 00 00 00 03 0B 05 09 00 05 09 09 02 0A 00 00 00 00 02 06 00 00 00 00 09 0C 04 00 06 01 00 0A 04 04 06 0A 03 0C 09 0A 02 03 00 00 01 0B 09 00 05 00 
msec 35
sysex 43 50 00 05 05 05 76 00 00 00 00 09 02 03 08 00 00 00 08 09 00 04 0E 06 09 00 00 09 02 03 06 05 0F 00 0C 09 0C 03 0B 00 00 00 0A 04 00 00 00 00 0A 04 04 00 00 00 0F 09 0B 03 08 04 0A 08 01 02 03 03 04 03 0F 02 0F 
msec 35
sysex 43 50 00 05 05 05 77 09 00 04 0E 00 00 00 00 09 02 03 06 00 00 00 08 09 00 05 00 06 09 00 00 09 02 03 08 05 0F 04 0D 09 0B 03 08 00 00 00 08 03 0B 00 00 00 07 09 01 04 00 00 00 00 00 03 0B 00 00 00 00 03 08 00 00 
msec 35
sysex 43 50 00 05 05 05 78 00 00 09 0B 03 04 00 00 00 00 09 0D 04 00 00 00 00 00 03 0B 00 00 00 00 03 08 00 00 00 08 09 01 03 08 06 02 00 00 03 0B 06 02 00 00 04 00 06 02 00 00 09 09 02 03 05 0C 00 00 02 0A 02 07 00 00 
msec 35
sysex 43 50 00 05 05 05 79 09 0A 02 08 06 03 00 00 09 0C 03 04 05 06 00 00 09 0D 03 08 06 02 00 00 03 0B 06 02 00 00 04 00 06 02 00 02 09 0B 02 08 05 0F 00 08 09 09 02 0A 00 00 00 00 02 03 00 00 08 02 03 08 09 0B 03 08 
msec 35
sysex 43 50 00 05 05 05 7A 04 08 04 09 09 0C 03 04 00 00 05 00 09 0E 04 0C 05 0C 00 05 09 09 02 06 06 06 00 00 02 0A 02 04 00 00 09 0B 03 04 05 0F 00 00 09 0C 03 0B 04 0D 00 00 09 0E 04 09 05 0C 00 0A 09 09 02 0A 00 00 
msec 35
sysex 43 50 00 05 05 05 7B 00 00 02 06 00 00 00 00 09 0C 04 00 06 00 00 0A 04 04 06 08 03 0C 09 0A 02 08 00 00 02 03 09 0E 04 09 00 00 00 00 04 0C 00 00 00 05 04 09 05 08 00 02 04 0C 05 08 00 05 09 0C 03 0B 00 00 00 0A 
msec 35
sysex 43 50 00 05 05 05 7C 04 00 00 00 00 0A 04 04 00 00 00 03 09 0B 03 08 00 00 01 01 03 08 05 03 03 00 09 0E 04 09 00 00 00 0F 04 0C 00 00 00 07 04 0C 05 0A 00 03 04 09 05 0A 05 00 09 0B 03 0B 05 0C 01 09 09 0E 04 0C 
msec 35
sysex 43 50 00 05 05 05 7D 00 00 00 02 04 09 00 00 00 05 04 0C 05 08 00 0D 04 09 05 08 05 02 09 0B 03 04 00 00 00 0A 09 00 05 00 00 00 00 00 09 0B 02 08 00 00 00 0A 09 02 03 08 00 00 00 03 09 0E 04 0C 00 00 00 02 09 0B 
msec 35
sysex 43 50 00 05 05 05 7E 03 0B 00 00 00 03 03 08 00 00 00 02 09 0E 04 0B 05 0C 00 03 09 09 02 03 05 0C 00 00 02 0A 02 04 00 00 09 0A 02 03 06 01 00 00 09 0C 03 04 05 06 00 00 09 0E 04 07 05 0C 00 02 04 09 00 00 00 05 
msec 35
sysex 43 50 00 05 05 05 7F 09 0B 04 00 06 03 00 03 09 09 02 0A 00 00 00 00 02 03 00 00 01 0E 09 00 05 00 06 0E 00 00 09 02 03 08 06 04 02 0F 09 0E 04 07 00 00 01 09 04 0B 00 00 00 03 04 07 05 0A 00 05 04 0B 05 0A 02 0D 
msec 35
sysex 43 50 00 05 05 06 00 09 0B 03 0B 04 0F 03 07 09 0E 04 07 00 00 00 05 04 0B 00 00 00 07 04 0B 05 0C 00 05 04 07 05 0C 05 0A 09 0B 03 08 04 0E 01 0E 09 0E 04 07 00 00 00 00 04 0B 00 00 00 05 04 07 05 08 00 03 04 0B 
msec 35
sysex 43 50 00 05 05 06 01 05 08 01 0E 09 0C 03 04 00 00 04 03 09 0E 04 07 00 00 00 03 04 0B 00 00 00 07 09 0B 03 0B 00 00 00 00 09 0E 04 09 05 0C 00 08 09 09 02 06 06 06 00 00 02 0A 02 05 00 00 09 0B 03 08 00 00 00 00 
msec 35
sysex 43 50 00 05 05 06 02 09 0C 03 0B 05 07 00 05 09 0B 04 00 00 00 00 00 03 0B 05 09 00 00 09 0E 04 05 05 0C 00 05 09 09 02 0A 00 00 00 00 02 06 00 00 00 00 09 0C 04 00 06 03 00 0A 04 04 06 06 03 0C 09 0A 02 03 00 00 
msec 35
sysex 43 50 00 05 05 06 03 00 0A 09 0E 04 05 00 00 01 09 04 09 00 00 00 00 04 05 05 08 00 07 04 09 05 08 00 05 09 0C 03 0B 00 00 00 0A 04 00 00 00 00 0A 04 04 00 00 00 0F 09 0B 03 08 04 0A 03 07 09 0E 04 05 00 00 00 08 
msec 35
sysex 43 50 00 05 05 06 04 04 09 00 00 00 07 04 09 05 0A 00 0A 04 05 05 0A 05 03 09 0B 03 04 03 0F 00 0A 09 0E 04 05 00 00 00 0A 04 09 00 00 00 07 04 09 05 08 00 08 04 02 05 0B 05 0F 09 00 05 00 00 00 00 02 09 0B 03 08 
msec 35
sysex 43 50 00 05 05 06 05 00 00 00 08 09 02 03 08 00 00 00 00 09 0B 03 0B 00 00 00 07 03 04 00 00 00 00 09 0E 04 09 00 00 00 00 04 07 05 07 00 05 04 04 05 07 00 03 09 09 02 03 05 0C 00 00 02 0A 02 07 00 00 09 0A 02 08 
msec 35
sysex 43 50 00 05 05 06 06 06 03 00 00 09 0C 03 04 05 06 00 00 09 0E 04 02 00 00 00 02 09 0B 02 08 05 0F 00 08 09 09 02 0A 00 00 00 00 02 03 00 00 05 02 09 0E 04 04 00 00 00 0F 04 07 00 00 00 08 04 07 05 05 00 02 04 04 
msec 35
sysex 43 50 00 05 05 06 07 05 05 06 0E 04 07 00 00 00 03 04 04 00 00 00 05 04 07 05 06 00 02 04 04 05 06 05 05 09 0B 03 08 04 08 00 0A 09 0E 04 04 00 00 01 02 04 07 00 00 00 07 04 07 05 02 00 03 04 04 05 02 02 03 09 0C 
msec 35
sysex 43 50 00 05 05 06 08 03 04 00 00 02 0D 09 00 04 0E 06 07 00 00 09 02 03 06 05 0D 01 09 09 0E 04 07 00 00 00 02 04 04 00 00 00 05 04 07 05 05 00 05 04 04 05 05 00 03 09 09 02 06 06 06 00 00 02 0A 02 04 00 00 09 0B 
msec 35
sysex 43 50 00 05 05 06 09 03 04 05 0F 00 00 09 0C 03 0B 04 0D 00 0A 09 09 02 0A 00 00 00 00 02 06 00 00 00 00 09 0C 04 00 06 00 00 0A 04 04 06 08 03 0C 09 0A 02 08 00 00 00 0F 09 0E 04 04 00 00 01 01 04 07 00 00 00 08 
msec 35
sysex 43 50 00 05 05 06 0A 04 04 05 00 00 00 04 07 05 00 00 07 09 0C 03 0B 00 00 00 0A 04 00 00 00 00 0A 04 04 00 00 00 03 09 0B 03 08 00 00 01 01 03 08 05 03 03 0C 09 0E 04 07 00 00 00 00 04 04 00 00 00 08 04 07 05 02 
msec 35
sysex 43 50 00 05 05 06 0B 00 02 04 04 05 02 05 03 09 0B 03 0B 05 0C 00 0F 09 0E 04 04 00 00 01 01 04 07 00 00 00 08 04 04 04 0F 00 00 04 07 04 0F 04 06 09 00 04 0E 00 00 00 0A 09 02 03 06 00 00 00 07 09 0B 03 04 00 00 
msec 35
sysex 43 50 00 05 05 06 0C 00 0A 02 08 00 00 00 08 09 00 05 00 06 0C 00 00 09 02 03 08 06 02 00 00 09 0E 04 07 00 00 00 00 04 04 00 00 00 07 09 0B 03 0B 00 00 00 00 09 0E 04 07 05 09 00 03 09 0B 03 08 00 00 00 02 09 0E 
msec 35
sysex 43 50 00 05 05 06 0D 04 04 05 09 00 03 09 09 02 03 05 0C 00 00 02 0A 02 04 00 00 09 0A 02 03 06 00 00 00 09 0C 03 04 05 06 00 07 09 0B 04 00 06 03 00 03 09 09 02 0A 00 00 00 00 02 03 00 00 05 02 09 0E 04 04 00 00 
msec 35
sysex 43 50 00 05 05 06 0E 00 0F 04 07 00 00 00 08 04 07 04 0E 00 02 04 04 04 0E 03 00 09 0B 03 0B 04 0F 03 0E 09 0E 04 07 00 00 00 03 04 04 00 00 00 05 04 07 05 04 00 02 04 04 05 04 05 0A 09 0B 03 08 04 0E 00 03 09 0E 
msec 35
sysex 43 50 00 05 05 06 0F 04 04 00 00 00 0F 04 07 00 00 00 02 09 0A 02 03 00 00 00 05 09 0E 04 07 04 0C 00 05 04 04 04 0C 02 06 09 0C 03 04 00 00 04 0D 09 0B 03 0B 00 00 00 00 09 0E 04 07 00 00 00 03 04 04 00 00 00 05 
msec 35
sysex 43 50 00 05 05 06 10 09 09 02 06 06 06 00 00 02 0A 02 05 00 00 09 0A 02 08 06 00 00 00 09 0B 03 08 00 00 00 00 09 0C 03 0B 05 07 00 00 09 0E 04 04 04 0C 00 00 04 07 04 0C 00 05 09 0B 04 00 00 00 00 00 03 0B 05 09 
msec 35
sysex 43 50 00 05 05 06 11 00 02 09 00 05 00 00 00 00 03 09 09 02 0A 00 00 00 00 02 06 00 00 00 00 09 0C 04 00 06 03 00 07 09 02 03 08 00 00 00 03 09 0C 04 04 06 06 00 07 09 00 05 01 06 0A 00 00 09 02 03 09 06 00 04 01 
msec 35
sysex 43 50 00 05 05 06 12 09 0E 04 04 00 00 01 02 04 07 00 00 00 05 04 07 04 06 00 02 04 04 04 06 00 0A 09 0C 03 0B 00 00 00 0A 04 00 00 00 00 0A 04 04 00 00 00 0F 09 0B 03 08 04 0A 04 01 09 0E 04 07 00 00 00 03 04 04 
msec 35
sysex 43 50 00 05 05 06 13 00 00 00 05 04 07 04 0D 00 02 04 04 04 0D 05 08 09 0B 03 04 03 0F 01 06 09 0A 02 08 00 00 06 0E 09 0B 03 08 00 00 00 08 03 0B 00 00 00 05 09 0E 04 07 00 00 00 02 09 01 04 00 00 00 00 00 03 0B 
msec 35
sysex 43 50 00 05 05 06 14 00 00 00 00 03 08 00 00 00 00 09 0B 03 04 00 00 00 00 09 0D 04 00 00 00 00 00 03 0B 00 00 00 00 03 08 00 00 00 00 09 0E 04 04 00 00 00 08 09 01 03 0B 06 02 00 00 03 0F 06 02 00 00 04 02 06 02 
msec 35
sysex 43 50 00 05 05 06 15 00 00 09 09 02 03 05 0C 00 00 02 0A 02 07 00 00 09 0A 02 0A 06 03 00 00 09 0C 02 0F 05 09 00 00 09 0D 03 0B 06 02 00 00 03 0F 06 02 00 00 04 02 06 02 00 05 09 0B 02 0F 05 0F 00 05 09 09 02 0A 
msec 35
sysex 43 50 00 05 05 06 16 00 00 00 00 02 03 00 00 00 0F 09 00 05 01 00 00 00 00 09 02 03 09 00 00 00 07 09 00 05 03 07 00 00 00 09 02 03 0B 06 06 08 02 02 05 09 0B 03 06 04 08 04 06 09 0C 02 0F 00 00 05 05 09 09 02 06 
msec 35
sysex 43 50 00 05 05 06 17 06 06 00 00 02 0A 02 04 00 00 09 0C 03 0B 05 03 00 00 0F 0F 07 0F 00 07 04 03 07 0B 00 01 03 07 00 00 07 0F 07 0F 00 07 09 0B 03 03 05 0F 00 03 09 09 02 0A 00 00 00 00 02 06 00 00 00 00 09 0C 
msec 35
sysex 43 50 00 05 05 06 18 03 0F 06 01 00 0A 04 02 06 09 03 0C 09 0A 02 0A 00 00 02 0F 09 0C 03 0B 00 00 00 0A 03 0F 00 00 00 0A 04 02 00 00 00 05 09 0B 03 06 00 00 00 0A 03 06 05 03 08 01 02 00 03 0B 06 02 07 0D 09 00 
msec 35
sysex 43 50 00 05 05 06 19 05 03 00 00 00 08 09 0B 03 03 00 00 00 02 09 02 03 0B 00 00 00 03 09 0B 02 0F 00 00 00 0A 03 06 00 00 00 05 09 00 05 05 06 01 00 00 09 02 03 0D 05 07 00 00 09 0B 03 0B 00 00 00 05 09 09 02 03 
msec 35
sysex 43 50 00 05 05 06 1A 05 0C 00 00 02 0A 02 04 00 00 09 0A 02 03 06 00 00 00 09 0C 02 0F 05 03 00 07 09 0B 04 02 06 03 00 03 09 09 02 0A 00 00 00 00 02 03 00 00 08 01 01 06 09 0B 03 0B 04 0F 07 00 09 00 05 05 00 00 
msec 35
sysex 43 50 00 05 05 06 1B 00 00 09 02 03 0D 00 00 00 08 09 00 05 03 06 05 00 00 09 02 03 0B 05 0B 02 08 09 0B 03 06 04 0E 04 0B 09 0C 02 0F 00 00 04 08 09 0B 03 0B 00 00 00 05 03 06 00 00 00 08 09 09 02 06 06 06 00 00 
msec 35
sysex 43 50 00 05 05 06 1C 02 0A 02 05 00 00 09 0B 03 0F 05 09 00 00 09 0C 03 0B 05 04 00 05 09 0B 04 02 00 00 00 05 09 09 02 0A 00 00 00 00 02 06 00 00 00 00 09 0C 03 0F 06 01 00 0A 04 02 06 0A 03 0C 09 0A 02 03 00 00 
msec 35
sysex 43 50 00 05 05 06 1D 02 0F 09 0C 03 0B 00 00 00 0A 03 0F 00 00 00 0A 04 02 00 00 00 0D 09 0B 03 0B 04 0A 04 08 09 00 05 03 00 00 00 0A 09 02 03 0B 00 00 00 0A 09 00 05 01 05 0C 00 00 09 02 03 09 05 02 04 0B 09 0B 
msec 35
sysex 43 50 00 05 05 06 1E 03 03 03 0F 08 01 00 00 03 0B 00 00 00 05 03 0F 00 00 00 0F 03 03 00 00 00 05 09 09 02 03 05 0C 00 00 02 0A 02 07 00 00 09 0A 02 0F 05 06 00 00 09 0C 02 0F 05 09 00 05 09 0B 02 0F 05 0F 00 05 
msec 35
sysex 43 50 00 05 05 06 1F 09 09 02 0A 00 00 00 00 02 03 00 00 00 0C 09 00 05 01 00 00 00 00 09 02 03 09 00 00 00 08 09 00 05 00 06 09 00 00 09 02 03 08 05 0F 08 02 02 07 09 0B 03 06 04 08 04 06 09 0C 02 0F 00 00 05 05 
msec 35
sysex 43 50 00 05 05 06 20 09 09 02 06 06 06 00 00 02 0A 02 04 00 00 09 0C 03 0B 05 03 00 07 09 0B 03 03 05 0F 00 03 09 09 02 0A 00 00 00 00 02 06 00 00 00 00 09 0C 03 0F 06 01 00 0A 04 02 06 09 00 05 09 00 05 00 00 00 
msec 35
sysex 43 50 00 05 05 06 21 00 00 09 02 03 08 00 00 00 07 09 00 05 01 06 07 00 00 09 02 03 09 05 0D 03 00 09 0A 02 0F 00 00 02 0F 09 0C 03 0B 00 00 00 0A 03 0F 00 00 00 0A 04 02 00 00 00 05 09 0B 03 06 00 00 00 0A 03 06 
msec 35
sysex 43 50 00 05 05 06 22 05 03 08 01 02 00 03 0B 06 02 08 01 00 05 03 03 00 00 00 05 02 0F 00 00 00 0A 03 06 00 00 00 05 03 0B 00 00 00 05 09 09 02 03 05 0C 00 00 02 0A 02 04 00 00 09 0A 02 0A 06 00 00 00 09 0C 02 0F 
msec 35
sysex 43 50 00 05 05 06 23 05 03 00 07 09 0B 04 02 06 03 00 03 09 09 02 0A 00 00 00 00 02 03 00 00 00 0A 09 00 05 01 00 00 00 00 09 02 03 09 00 00 00 07 09 00 04 0E 06 00 00 00 09 02 03 06 05 06 08 01 00 05 09 0B 03 0B 
msec 35
sysex 43 50 00 05 05 06 24 04 0F 08 01 02 00 03 06 04 0E 04 0B 09 0C 02 0F 00 00 04 08 09 0B 03 0B 00 00 00 05 03 06 00 00 00 08 09 09 02 06 06 06 00 00 02 0A 02 05 00 00 09 0B 03 0F 05 09 00 00 09 0C 03 0B 05 04 00 05 
msec 35
sysex 43 50 00 05 05 06 25 09 0B 04 02 00 00 00 05 09 09 02 0A 00 00 00 00 02 06 00 00 00 00 09 0C 03 0F 06 01 00 0A 09 00 04 0E 00 00 00 00 09 02 03 06 00 00 00 00 09 0C 04 02 06 0A 00 07 09 00 05 00 06 07 00 00 09 02 
msec 35
sysex 43 50 00 05 05 06 26 03 08 05 0D 03 05 09 0A 02 0A 00 00 02 0F 09 0C 03 0B 00 00 00 0A 03 0F 00 00 00 0A 04 02 00 00 00 0D 09 0B 03 0B 04 0A 08 01 02 07 03 03 03 0F 08 01 00 00 03 0B 00 00 00 05 03 0F 00 00 00 0C 
msec 35
sysex 43 50 00 05 05 06 27 09 01 04 02 00 00 00 00 03 0F 00 00 00 00 03 0B 00 00 00 00 09 0D 04 02 00 00 00 00 03 0F 00 00 00 00 03 0B 00 00 00 03 09 0B 03 03 00 00 00 05 09 01 03 08 06 02 00 00 03 0B 06 02 00 00 04 00 
msec 35
sysex 43 50 00 05 05 06 28 06 02 00 00 09 09 02 03 05 0C 00 00 02 0A 02 07 00 00 09 0A 02 08 06 03 00 00 09 0C 03 04 05 09 00 00 09 0D 03 08 06 02 00 00 03 0B 06 02 00 00 04 00 06 02 00 07 09 0B 02 08 05 0F 00 03 09 09 
msec 35
sysex 43 50 00 05 05 06 29 02 0A 00 00 00 00 02 03 00 00 00 0A 09 00 05 00 00 00 00 00 09 02 03 08 00 00 00 07 09 00 04 0C 06 01 00 00 09 02 03 04 05 07 08 02 07 00 09 0C 03 04 00 00 05 05 09 09 02 06 06 06 00 00 02 0A 
msec 35
sysex 43 50 00 05 05 06 2A 02 04 00 00 09 0C 03 0B 05 03 00 00 0F 0F 07 0F 00 07 04 03 07 0B 00 01 03 03 00 00 07 0F 07 0F 00 05 09 0B 03 04 05 0F 00 05 09 09 02 0A 00 00 00 00 02 06 00 00 00 00 09 0C 04 00 06 01 00 0A 
msec 35
sysex 43 50 00 05 05 06 2B 04 04 06 09 03 0C 09 0A 02 08 00 00 02 0F 09 0C 03 0B 00 00 00 0A 04 00 00 00 00 0A 04 04 00 00 00 0D 09 0B 03 08 05 03 08 01 02 00 03 0B 05 0C 00 05 09 0E 04 07 05 04 00 00 04 0E 06 0B 04 0B 
msec 35
sysex 43 50 00 05 05 06 2C 04 0C 05 09 00 05 04 04 03 0E 02 0F 09 0B 03 04 00 00 00 0A 02 08 00 00 00 05 03 08 00 00 00 05 03 0B 00 00 00 08 09 09 02 03 05 0C 00 00 02 0A 02 04 00 00 09 0A 02 03 06 00 00 00 09 0C 03 04 
msec 35
sysex 43 50 00 05 05 06 2D 05 03 00 02 09 0B 04 00 06 03 00 08 09 09 02 0A 00 00 00 00 02 03 00 00 00 02 09 0E 04 0E 00 00 00 00 04 07 00 00 00 00 04 0B 05 05 00 05 04 03 03 0A 00 03 04 0C 00 00 00 05 04 04 00 00 03 04 
msec 35
sysex 43 50 00 05 05 06 2E 04 04 05 08 00 03 04 0C 06 0F 02 00 04 0B 00 00 00 05 04 03 00 00 02 0D 09 0B 03 0B 04 0F 08 01 01 0E 03 08 04 0E 04 0B 09 0C 03 04 00 00 04 0B 09 0B 03 0B 00 00 00 02 03 08 00 00 00 08 09 09 
msec 35
sysex 43 50 00 05 05 06 2F 02 06 06 06 00 00 02 0A 02 05 00 00 09 0B 04 00 00 00 00 00 09 0C 03 0B 05 04 00 02 09 0B 03 0B 05 09 00 08 09 09 02 0A 00 00 00 00 02 06 00 00 00 00 09 0C 04 00 06 01 00 0A 04 04 06 0A 03 0C 
msec 35
sysex 43 50 00 05 05 06 30 09 0A 02 03 00 00 02 0F 09 0C 03 0B 00 00 00 0A 04 00 00 00 00 0A 04 04 00 00 00 03 09 0E 04 04 00 00 00 02 04 0C 00 00 00 0F 09 0B 03 08 04 0A 05 0F 09 0E 04 09 06 07 00 03 04 02 05 00 03 07 
msec 35
sysex 43 50 00 05 05 06 31 09 0B 03 04 03 0F 01 01 09 0E 04 07 05 01 00 03 04 00 03 0D 01 0E 04 09 00 00 00 02 04 02 00 00 03 02 03 0F 03 0B 00 03 04 06 04 0F 00 0A 04 07 00 00 00 02 04 00 00 00 01 09 09 0B 03 08 00 00 
msec 35
sysex 43 50 00 05 05 06 32 00 00 03 0B 00 00 00 05 03 04 00 00 00 0D 09 09 02 03 05 0C 00 00 02 0A 02 07 00 00 09 0A 02 08 06 03 00 00 09 0C 03 04 05 06 00 02 09 0B 02 08 05 0F 00 08 09 09 02 0A 00 00 00 00 02 03 00 00 
msec 35
sysex 43 50 00 05 05 06 33 01 01 09 00 04 0C 00 00 00 03 09 0E 04 00 05 02 00 00 04 07 06 09 00 07 09 02 03 04 00 00 00 03 09 0E 03 0F 00 00 00 02 04 06 00 00 08 01 07 0A 09 0A 02 08 00 00 01 0C 09 09 02 06 03 0A 00 00 
msec 35
sysex 43 50 00 05 05 06 34 09 0A 02 08 05 0D 00 02 09 0B 03 08 04 08 00 08 09 09 02 06 00 00 00 0C 09 0A 02 08 00 00 03 05 09 0C 03 04 00 00 00 05 09 09 02 06 04 0A 00 0A 02 06 00 00 04 06 02 06 06 06 00 00 02 0A 02 04 
msec 35
sysex 43 50 00 05 05 06 35 00 00 09 0A 02 03 06 00 00 00 09 0B 03 04 05 0F 00 00 09 0C 03 0B 04 0D 00 0A 09 09 02 0A 00 00 00 00 02 06 00 00 00 00 09 0C 04 00 06 00 00 0A 04 04 06 08 06 0B 03 0B 00 00 00 0A 04 00 00 00 
msec 35
sysex 43 50 00 05 05 06 36 00 0A 04 04 00 00 00 03 09 0B 03 08 00 00 01 01 03 08 05 03 08 01 01 06 09 0E 04 07 00 00 00 03 09 09 02 06 05 0A 00 00 09 0B 03 0B 05 0C 00 05 09 0A 02 03 00 00 00 00 09 0E 04 07 05 04 00 00 
msec 35
sysex 43 50 00 05 05 06 37 04 0E 06 0B 00 05 09 09 02 06 00 00 04 06 09 0E 04 0C 05 09 00 05 04 04 03 0E 02 0A 09 0B 03 04 00 00 00 0A 02 08 00 00 00 0F 03 0B 00 00 00 03 03 08 00 00 00 02 09 0E 04 07 00 00 00 00 04 00 
msec 35
sysex 43 50 00 05 05 06 38 00 00 00 03 09 09 02 03 05 0C 00 00 02 0A 02 04 00 00 09 0A 02 05 06 00 00 00 09 0C 03 04 05 06 00 07 09 0B 03 08 04 06 00 03 09 09 02 0A 00 00 00 00 02 03 00 00 00 02 09 0E 04 0E 00 00 00 00 
msec 35
sysex 43 50 00 05 05 06 39 04 0B 05 05 00 05 09 0B 03 0B 05 00 00 00 09 0E 04 03 03 0A 00 03 04 0C 00 00 00 05 04 04 00 00 00 05 09 0B 04 00 06 00 02 0F 09 0E 04 04 05 08 00 03 04 0C 06 0F 02 00 04 0B 00 00 00 05 04 03 
msec 35
sysex 43 50 00 05 05 06 3A 00 00 08 01 02 0D 05 01 05 0E 00 02 04 0E 04 07 01 0C 09 09 03 00 04 06 00 05 09 0A 02 05 00 00 00 05 09 09 03 00 00 00 01 0E 09 0E 04 0C 00 00 00 05 05 00 04 08 00 02 04 0C 03 04 01 0C 09 0C 
msec 35
sysex 43 50 00 05 05 06 3B 03 04 00 00 00 02 09 0E 05 01 00 00 00 03 04 0C 00 00 00 0C 09 0B 03 08 00 00 00 0A 03 0B 00 00 01 0C 09 0E 04 0B 03 02 00 02 04 0F 04 06 00 0A 05 00 00 00 00 03 09 0B 04 00 00 00 00 00 09 0E 
msec 35
sysex 43 50 00 05 05 06 3C 04 0E 00 00 00 0F 09 09 02 06 03 0E 00 00 02 0A 02 05 00 00 03 00 03 08 00 00 09 0A 02 07 06 00 00 00 09 0C 03 0B 05 07 00 05 09 0B 03 04 04 09 00 05 09 09 03 00 00 00 00 00 02 0A 00 00 00 00 
msec 35
sysex 43 50 00 05 05 06 3D 02 06 00 00 00 00 09 0C 04 00 06 03 00 05 09 0B 03 08 05 03 00 05 09 0C 04 04 06 06 00 07 09 0B 03 0B 05 0F 00 03 09 0E 04 04 00 00 00 00 04 0C 05 02 00 00 05 00 06 09 02 05 04 0B 00 00 00 03 
msec 35
sysex 43 50 00 05 05 06 3E 04 0F 00 00 03 09 09 0C 03 0B 00 00 00 0A 04 00 00 00 00 0A 04 04 00 00 08 01 02 0D 09 09 02 0D 04 06 00 05 09 0A 02 07 00 00 00 05 09 09 02 0D 00 00 05 00 09 0B 03 04 00 00 00 0A 03 08 00 00 
msec 35
sysex 43 50 00 05 05 06 3F 00 0C 03 0B 00 00 02 08 09 01 04 00 00 00 00 00 03 0B 00 00 00 00 03 08 00 00 00 00 09 0D 04 00 00 00 00 00 03 0B 00 00 00 00 03 08 00 00 00 08 09 00 04 0C 06 0F 00 00 09 01 03 08 06 03 00 00 
msec 35
sysex 43 50 00 05 05 06 40 03 0B 06 03 00 00 04 00 06 03 00 00 09 02 03 04 06 0B 00 00 09 09 02 03 05 0D 00 00 02 0A 02 08 00 00 02 0D 03 08 00 00 03 03 04 02 00 00 09 0A 02 08 06 05 00 00 09 0C 03 04 05 0A 00 00 09 0D 
msec 35
sysex 43 50 00 05 05 06 41 03 08 06 03 00 00 03 0B 06 03 00 00 04 00 06 03 00 00 09 0E 04 04 05 09 00 07 09 0B 02 08 06 00 00 03 09 09 03 03 00 00 00 00 02 03 00 00 00 00 02 0A 00 00 00 00 02 0D 00 00 06 0B 09 0E 04 04 
msec 35
sysex 43 50 00 05 05 06 42 00 00 00 08 04 04 05 07 02 03 09 09 02 0A 02 00 00 0A 02 0A 00 00 03 09 09 0E 04 04 00 00 00 08 04 04 05 08 02 05 04 0C 00 00 03 00 09 09 02 0A 02 01 00 0A 02 0A 00 00 01 09 09 0E 04 04 00 00 
msec 35
sysex 43 50 00 05 05 06 43 00 07 04 04 05 04 02 01 09 0C 03 04 00 00 05 02 09 0E 04 04 00 00 00 03 09 09 02 06 06 07 00 00 02 0A 02 05 00 00 09 0C 03 0B 05 04 00 05 09 0B 03 04 06 00 00 00 09 0E 04 04 05 07 00 05 09 09 
msec 35
sysex 43 50 00 05 05 06 44 02 0A 00 00 00 00 02 06 00 00 00 00 09 0C 04 00 06 02 00 02 09 0E 05 00 00 00 00 08 09 0C 04 04 06 0A 03 0C 09 0A 02 08 00 00 02 05 09 0E 04 04 00 00 00 08 04 04 05 02 00 02 09 0C 03 0B 00 00 
msec 35
sysex 43 50 00 05 05 06 45 00 0A 04 00 00 00 00 0A 04 04 00 00 00 0D 09 09 02 0A 01 0E 00 00 09 0B 03 08 05 04 00 0A 09 09 02 0A 00 00 03 0E 09 0E 04 04 00 00 00 08 04 04 05 04 05 00 09 09 02 0A 02 02 00 00 09 0B 03 0B 
msec 35
sysex 43 50 00 05 05 06 46 05 0D 00 0A 09 09 02 0A 00 00 00 0F 09 0E 04 04 00 00 00 07 04 04 05 01 06 04 09 0B 03 04 00 00 00 0A 02 08 00 00 00 03 09 0E 04 04 00 00 00 02 09 0B 03 08 00 00 00 05 03 0B 00 00 00 00 09 0E 
msec 35
sysex 43 50 00 05 05 06 47 04 04 05 04 00 08 09 09 02 03 05 0D 00 00 02 0A 02 05 00 00 09 0A 02 03 06 03 00 00 09 0C 03 04 05 04 00 02 09 0B 04 00 06 04 00 08 09 09 02 0A 00 00 00 00 02 03 00 00 06 01 09 0E 04 04 00 00 
msec 35
sysex 43 50 00 05 05 06 48 00 08 04 04 05 02 02 0D 09 09 02 0A 02 04 00 02 09 0B 03 0B 05 00 00 08 09 09 02 0A 00 00 03 09 09 0E 04 04 00 00 00 08 04 04 05 03 03 0C 09 00 04 0C 00 00 01 09 09 09 02 0A 02 04 00 00 09 0B 
msec 35
sysex 43 50 00 05 05 06 49 03 08 04 0F 00 0A 09 09 02 0A 00 00 01 04 09 0E 04 04 00 00 00 07 04 04 04 0F 02 06 09 0C 03 04 00 00 01 04 09 02 03 04 00 00 03 02 09 0E 04 04 00 00 00 05 09 0B 03 0B 00 00 00 02 03 08 00 00 
msec 35
sysex 43 50 00 05 05 06 4A 00 00 09 0E 04 04 05 02 00 08 09 09 02 06 06 07 00 00 02 0A 02 06 00 00 09 0B 04 00 00 00 00 00 09 0C 03 0B 05 05 00 02 09 0B 03 0B 05 0A 00 08 09 09 02 0A 00 00 00 00 02 06 00 00 00 00 09 0C 
msec 35
sysex 43 50 00 05 05 06 4B 04 00 06 02 00 02 09 00 04 0C 07 04 00 08 09 0C 04 04 06 0B 02 05 09 02 03 04 07 00 01 07 09 0A 02 03 00 00 02 00 09 0E 04 04 00 00 00 08 04 04 04 0D 00 07 09 0C 03 0B 00 00 00 0A 04 00 00 00 
msec 35
sysex 43 50 00 05 05 06 4C 00 0A 04 04 00 00 00 0D 09 09 02 0A 01 0F 00 07 09 0B 03 08 04 0B 00 03 09 09 02 0A 00 00 03 09 09 0E 04 04 00 00 00 08 04 04 04 0F 05 05 09 09 02 0A 02 03 00 00 09 0B 03 04 04 00 00 0A 09 09 
msec 35
sysex 43 50 00 05 05 06 4D 02 0A 00 00 01 06 09 0E 04 04 00 00 00 08 04 04 04 0C 05 00 09 00 04 0C 00 00 01 06 09 0B 03 08 00 00 00 00 03 0B 00 00 00 03 09 0E 04 04 00 00 00 02 09 0B 03 04 00 00 00 05 09 0E 04 04 05 01 
msec 35
sysex 43 50 00 05 05 06 4E 00 08 09 09 02 03 05 0D 00 00 02 0A 02 08 00 00 09 0A 02 08 05 0E 00 00 09 0C 03 04 05 07 00 02 09 0B 02 08 06 00 00 03 09 02 03 04 00 00 00 05 09 09 02 0A 00 00 00 00 02 03 00 00 01 01 09 00 
msec 35
sysex 43 50 00 05 05 06 4F 04 0C 06 0D 00 00 09 02 03 04 06 09 05 00 09 0E 04 04 00 00 00 08 04 04 04 0B 02 0D 09 09 02 0A 02 00 00 0A 02 0A 00 00 03 09 09 0E 04 04 00 00 00 08 04 04 05 01 05 05 09 09 02 0A 02 01 00 02 
msec 35
sysex 43 50 00 05 05 06 50 09 0B 03 08 04 09 00 08 09 09 02 0A 00 00 00 0F 09 0E 04 04 00 00 00 07 04 04 04 09 02 0B 09 0C 03 04 00 00 01 04 09 00 04 0C 00 00 00 00 09 02 03 04 00 00 03 09 09 0E 04 04 00 00 00 08 09 09 
msec 35
sysex 43 50 00 05 05 06 51 02 06 06 07 00 00 02 0A 02 05 00 00 09 0B 03 04 06 00 00 00 09 0C 03 0B 04 0E 00 00 09 0E 04 04 04 09 00 0A 09 09 02 0A 00 00 00 00 02 06 00 00 00 00 09 0C 04 00 06 01 00 0A 04 04 06 09 00 02 
msec 35
sysex 43 50 00 05 05 06 52 09 00 04 0C 06 0C 00 00 09 02 03 04 06 08 03 0A 09 0A 02 08 00 00 01 0E 09 0E 04 04 00 00 00 05 04 04 04 03 00 0C 09 0C 03 0B 00 00 00 0A 04 00 00 00 00 0A 04 04 00 00 00 03 09 0B 03 08 00 00 
msec 35
sysex 43 50 00 05 05 06 53 00 0A 09 09 02 0A 01 0E 00 07 09 0B 03 08 05 04 00 03 09 09 02 0A 00 00 03 09 09 0E 04 04 00 00 00 08 04 04 04 0A 05 05 09 09 02 0A 02 02 00 00 09 0B 03 0B 05 0D 00 0A 09 09 02 0A 00 00 07 05 
msec 35
sysex 43 50 00 05 05 06 54 09 0B 03 04 00 00 00 0A 02 08 00 00 00 0F 03 0B 00 00 00 03 03 08 00 00 00 05 09 09 02 03 05 0D 00 00 02 0A 02 05 00 00 09 0A 02 03 05 0F 00 00 09 0C 03 04 05 07 00 07 09 0B 04 00 06 04 00 03 
msec 35
sysex 43 50 00 05 05 06 55 09 09 02 0A 00 00 00 00 02 03 00 00 00 02 09 00 04 0C 00 00 00 00 09 02 03 04 00 00 00 08 09 00 04 0E 06 0C 00 00 09 02 03 06 06 08 08 01 00 0C 09 09 02 0A 02 04 00 05 09 0B 03 0B 05 00 00 05 
msec 35
sysex 43 50 00 05 05 06 56 09 09 02 0A 00 00 08 01 01 06 02 0A 02 04 00 07 09 0B 03 08 04 0F 00 03 09 09 02 0A 00 00 04 01 09 0C 03 04 00 00 03 0E 09 00 04 0E 00 00 00 00 09 02 03 06 00 00 00 0F 09 0B 03 0B 00 00 00 08 
msec 35
sysex 43 50 00 05 05 06 57 09 09 02 06 06 07 00 00 02 0A 02 06 00 00 09 0B 03 08 00 00 00 00 09 0C 03 0B 05 08 00 05 09 00 05 00 06 0D 00 00 09 02 03 08 06 09 00 00 09 0B 04 00 00 00 00 00 03 0B 05 0A 00 05 09 09 02 0A 
msec 35
sysex 43 50 00 05 05 06 58 00 00 00 00 02 06 00 00 00 00 09 0C 04 00 06 04 00 0A 04 04 06 07 03 0C 09 0A 02 03 00 00 02 0F 09 0C 03 0B 00 00 00 0A 04 00 00 00 00 0A 04 04 00 00 00 0D 09 09 02 0A 01 0F 00 02 09 0B 03 08 
msec 35
sysex 43 50 00 05 05 06 59 04 0B 00 08 09 09 02 0A 00 00 08 01 01 06 02 0A 02 03 00 05 09 0B 03 04 04 00 00 05 09 09 02 0A 00 00 01 04 09 0E 04 04 00 00 06 0B 09 0B 03 08 00 00 00 08 03 0B 00 00 00 07 09 01 04 00 00 00 
msec 35
sysex 43 50 00 05 05 06 5A 00 00 03 0B 00 00 00 00 03 08 00 00 00 00 09 0B 03 04 00 00 00 00 09 0D 04 00 00 00 00 00 03 0B 00 00 00 00 03 08 00 00 00 08 09 01 03 0B 06 03 00 00 03 0F 06 03 00 00 04 02 06 03 00 00 09 09 
msec 35
sysex 43 50 00 05 05 06 5B 02 03 05 0D 00 00 02 0A 02 08 00 00 09 0A 02 0A 06 01 00 00 09 0C 02 0F 05 0A 00 00 09 0D 03 0B 06 03 00 00 03 0F 06 03 00 00 04 02 06 03 00 02 09 00 05 00 00 00 00 00 09 02 03 08 00 00 00 03 
msec 35
sysex 43 50 00 05 05 06 5C 09 0B 02 0F 06 00 00 05 09 00 04 0E 06 08 00 00 09 09 02 0A 00 00 00 00 02 03 00 00 01 0E 09 02 03 06 06 04 07 08 09 09 02 0A 02 00 00 0A 02 0A 00 00 08 01 01 06 02 0A 02 01 00 05 09 0B 03 06 
msec 35
sysex 43 50 00 05 05 06 5D 04 09 00 05 09 09 02 0A 00 00 04 01 09 0C 02 0F 00 00 05 05 09 09 02 06 06 07 00 00 02 0A 02 05 00 00 09 0C 03 0B 05 04 00 00 0F 0F 07 0F 00 07 04 03 07 0B 00 01 03 07 00 00 07 0F 07 0F 00 07 
msec 35
sysex 43 50 00 05 05 06 5E 09 0B 03 03 06 00 00 03 09 09 02 0A 00 00 00 00 02 06 00 00 00 00 09 0C 04 02 06 02 00 0A 04 05 06 0A 03 0C 09 0A 02 0A 00 00 02 0F 09 0C 03 0B 00 00 00 0A 04 02 00 00 00 0A 04 05 00 00 00 05 
msec 35
sysex 43 50 00 05 05 06 5F 09 0B 03 06 00 00 00 08 09 09 02 0A 01 0E 00 02 09 0B 03 06 05 04 00 08 09 09 02 0A 00 00 08 01 01 06 02 0A 02 02 00 02 09 0B 03 0B 06 03 00 08 09 09 02 0A 00 00 07 0D 09 0B 03 03 00 00 00 05 
msec 35
sysex 43 50 00 05 05 06 60 02 0F 00 00 00 0A 03 06 00 00 00 05 03 0B 00 00 00 05 09 09 02 03 05 0D 00 00 02 0A 02 05 00 00 09 0A 02 03 05 0F 00 00 09 0C 02 0F 05 04 00 07 09 0B 04 02 06 04 00 03 09 09 02 0A 00 00 00 00 
msec 35
sysex 43 50 00 05 05 06 61 02 03 00 00 08 01 01 06 02 0A 02 04 00 00 09 0B 03 0B 05 00 00 0A 09 09 02 0A 00 00 08 01 01 06 02 0A 02 04 00 00 09 0B 03 06 04 0F 00 0A 09 09 02 0A 00 00 04 01 09 0C 02 0F 00 00 04 08 09 0B 
msec 35
sysex 43 50 00 05 05 06 62 03 0B 00 00 00 05 03 06 00 00 00 08 09 09 02 06 06 07 00 00 02 0A 02 06 00 00 09 0B 03 0F 05 0A 00 00 09 0C 03 0B 05 05 00 05 09 0B 04 02 00 00 00 05 09 09 02 0A 00 00 00 00 02 06 00 00 00 00 
msec 35
sysex 43 50 00 05 05 06 63 09 0C 04 02 06 02 00 0A 04 05 06 0B 03 0C 09 0A 02 03 00 00 02 0F 09 0C 03 0B 00 00 00 0A 04 02 00 00 00 0A 04 05 00 00 00 0D 09 09 02 0A 01 0F 00 00 09 0B 03 0B 04 0B 00 0A 09 09 02 0A 00 00 
msec 35
sysex 43 50 00 05 05 06 64 08 01 01 06 02 0A 02 03 00 07 09 0B 03 03 04 00 00 03 09 09 02 0A 00 00 02 05 09 00 04 0E 00 00 01 0E 09 02 03 06 00 00 03 0A 09 0B 03 0B 00 00 00 05 03 0F 00 00 00 0F 03 03 00 00 00 00 09 0E 
msec 35
sysex 43 50 00 05 05 06 65 04 0E 07 09 00 05 09 09 02 03 05 0D 00 00 02 0A 02 08 00 00 09 0A 02 0A 06 04 00 00 09 0C 02 0F 05 0A 00 05 09 0B 02 0F 06 00 00 02 09 0E 05 01 06 0B 00 03 09 09 02 0A 00 00 00 00 02 03 00 00 
msec 35
sysex 43 50 00 05 05 06 66 08 01 01 06 02 0A 02 00 00 00 09 0E 05 00 05 0D 00 07 05 03 04 0B 00 03 09 09 02 0A 00 00 00 0F 09 0E 05 01 00 00 00 05 04 0E 00 00 07 0D 04 0E 05 01 00 05 09 09 02 0A 02 01 00 02 09 0E 05 01 
msec 35
sysex 43 50 00 05 05 06 67 04 04 00 03 09 0B 03 06 04 09 00 05 09 09 02 0A 00 00 00 05 09 0E 05 03 00 00 01 0B 05 00 00 00 02 01 09 0C 02 0F 00 00 04 08 09 0E 04 0E 00 00 00 03 04 0C 06 0B 00 0A 09 09 02 06 06 07 00 00 
msec 35
sysex 43 50 00 05 05 06 68 02 0A 02 05 00 00 09 0C 03 0B 05 04 00 02 09 0E 05 00 06 0B 00 03 05 01 00 00 00 02 09 0B 03 03 06 00 00 03 09 09 02 0A 00 00 00 00 02 06 00 00 00 00 09 0C 04 02 06 02 00 0A 04 05 06 0A 03 0C 
msec 35
sysex 43 50 00 05 05 06 69 09 0A 02 0A 00 00 02 0F 09 0C 03 0B 00 00 00 05 09 0E 05 00 00 00 00 05 09 0C 04 02 00 00 00 0A 04 05 00 00 00 03 09 0E 04 0E 05 0F 00 02 09 0B 03 06 00 00 00 05 09 0E 05 01 04 0D 00 03 09 09 
msec 35
sysex 43 50 00 05 05 06 6A 02 0A 01 0E 00 02 09 0B 03 06 05 04 00 08 09 09 02 0A 00 00 00 0A 09 0E 04 0C 00 00 08 01 00 04 04 0C 05 04 00 03 04 0E 00 00 00 02 05 00 04 03 00 03 09 09 02 0A 02 02 00 02 09 0B 03 0B 06 03 
msec 35
sysex 43 50 00 05 05 06 6B 00 08 09 09 02 0A 00 00 00 02 09 0E 05 01 00 00 07 01 05 00 00 00 00 0A 09 0B 03 03 00 00 00 05 02 0F 00 00 00 0A 03 06 00 00 00 05 03 0B 00 00 00 00 09 0E 04 0B 06 0C 00 02 04 0E 05 0D 00 03 
msec 35
sysex 43 50 00 05 05 06 6C 09 09 02 03 05 0D 00 00 02 0A 02 05 00 00 09 0A 02 03 06 02 00 00 09 0C 02 0F 05 04 00 07 09 0B 04 02 06 04 00 03 09 09 02 0A 00 00 00 00 02 03 00 00 01 04 09 0E 04 0C 00 00 07 0A 05 00 04 0C 
msec 35
sysex 43 50 00 05 05 06 6D 00 08 09 09 02 0A 02 04 00 00 09 0B 03 0B 05 00 00 02 09 0E 04 0C 05 07 00 08 09 09 02 0A 00 00 00 00 09 0E 04 0E 00 00 00 07 04 0B 00 00 08 01 00 0A 04 0B 05 0E 00 00 04 0E 04 01 00 05 09 09 
msec 35
sysex 43 50 00 05 05 06 6E 02 0A 02 04 00 00 09 0B 03 06 04 0F 00 0A 09 09 02 0A 00 00 01 04 09 0E 04 0C 00 00 00 07 05 00 00 00 02 06 09 0C 02 0F 00 00 03 09 09 0E 04 0E 00 00 00 0F 09 0B 03 0B 00 00 00 03 09 0E 04 0C 
msec 35
sysex 43 50 00 05 05 06 6F 05 0F 00 02 09 0B 03 06 00 00 00 05 09 0E 04 09 06 0E 00 03 09 09 02 06 06 07 00 00 02 0A 02 06 00 00 09 0B 03 0F 05 0A 00 00 09 0C 03 0B 05 05 00 05 09 0B 04 02 00 00 00 05 09 09 02 0A 00 00 
msec 35
sysex 43 50 00 05 05 06 70 00 00 02 06 00 00 00 00 09 0C 04 02 06 02 00 0A 04 05 06 0B 00 05 09 0E 04 0B 00 00 03 07 09 0A 02 03 00 00 02 0F 09 0C 03 0B 00 00 00 0A 04 02 00 00 00 05 09 0E 04 0E 05 00 00 05 09 0C 04 05 
msec 35
sysex 43 50 00 05 05 06 71 00 00 00 03 09 0E 04 09 00 00 00 05 04 0B 05 0B 00 05 09 09 02 0A 01 0F 00 00 09 0B 03 0B 04 0B 00 05 09 0E 04 0C 00 00 00 05 09 09 02 0A 00 00 08 01 00 02 09 0E 04 0E 00 00 00 07 04 0C 04 07 
msec 35
sysex 43 50 00 05 05 06 72 00 0A 04 09 05 04 00 03 09 09 02 0A 02 03 00 07 09 0B 03 03 04 00 00 03 09 09 02 0A 00 00 00 0A 09 0E 04 0B 00 00 06 0E 04 09 00 00 00 05 09 0B 03 0B 00 00 00 05 03 0F 00 00 00 07 09 0E 04 0C 
msec 35
sysex 43 50 00 05 05 06 73 00 00 00 05 09 01 04 02 00 00 00 00 03 0F 00 00 00 00 03 0B 00 00 00 00 09 0D 04 02 00 00 00 00 03 0F 00 00 00 00 03 0B 00 00 00 03 09 0B 03 03 00 00 00 00 09 0E 04 0B 05 0D 00 05 09 01 03 0B 
msec 35
sysex 43 50 00 05 05 06 74 06 03 00 00 03 0F 06 03 00 00 04 02 06 03 00 00 09 09 02 03 05 0D 00 00 02 0A 02 08 00 00 09 0A 02 0F 06 04 00 00 09 0C 02 0F 05 0A 00 00 09 0D 03 0B 06 03 00 00 03 0F 06 03 00 00 04 02 06 03 
msec 35
sysex 43 50 00 05 05 06 75 00 02 09 00 05 03 06 08 00 00 09 0B 02 0F 05 0F 00 00 09 0E 04 07 06 08 00 08 09 09 02 0A 00 00 00 00 02 03 00 00 00 07 09 02 03 0B 06 04 08 01 00 0F 09 09 02 0A 02 00 00 0A 02 0A 00 00 08 01 
msec 35
sysex 43 50 00 05 05 06 76 01 06 02 0A 02 01 00 0A 02 0A 00 00 04 01 09 0C 02 0F 00 00 00 02 09 0E 04 0B 00 00 05 03 09 09 02 06 06 07 00 00 02 0A 02 05 00 00 09 0C 03 0B 05 04 00 02 09 0B 03 03 06 00 00 08 09 09 02 0A 
msec 35
sysex 43 50 00 05 05 06 77 00 00 00 00 02 06 00 00 00 00 09 0C 04 02 06 02 00 0A 04 05 06 0A 03 0C 09 0A 02 0F 00 00 02 0F 09 0C 03 0B 00 00 00 0A 04 02 00 00 00 0A 04 05 00 00 00 0D 09 09 02 0A 01 0E 00 00 09 0B 03 06 
msec 35
sysex 43 50 00 05 05 06 78 05 04 00 0A 09 09 02 0A 00 00 08 01 01 06 02 0A 02 02 00 05 09 0B 03 0B 05 0D 00 05 09 09 02 0A 00 00 02 00 09 0E 04 07 00 00 05 08 09 0B 03 03 00 00 00 07 02 0F 00 00 00 0A 03 06 00 00 00 0A 
msec 35
sysex 43 50 00 05 05 06 79 03 0B 00 00 00 03 09 09 02 03 05 0D 00 00 02 0A 02 05 00 00 09 0A 02 0A 06 01 00 00 09 0C 02 0F 05 04 00 05 09 0B 03 0F 06 04 00 05 09 09 02 0A 00 00 00 00 02 03 00 00 08 01 01 06 02 0A 02 04 
msec 35
sysex 43 50 00 05 05 06 7A 00 07 09 0B 03 0B 05 00 00 03 09 09 02 0A 00 00 08 01 01 06 02 0A 02 04 00 05 09 0B 03 06 04 0F 00 05 09 09 02 0A 00 00 04 01 09 0C 02 0F 00 00 02 03 09 00 05 03 00 00 00 0F 09 02 03 0B 00 00 
msec 35
sysex 43 50 00 05 05 06 7B 01 0E 09 0B 03 0B 00 00 00 02 03 06 00 00 00 03 09 09 02 06 06 07 00 00 02 0A 02 06 00 00 09 0B 03 0B 05 0A 00 00 09 0C 03 0B 05 05 00 02 09 0B 03 0F 00 00 00 05 09 00 05 01 06 06 00 00 09 02 
msec 35
sysex 43 50 00 05 05 06 7C 03 09 06 02 00 03 09 09 02 0A 00 00 00 00 02 06 00 00 00 00 09 0C 04 02 06 02 00 0A 04 05 06 0B 03 0C 09 0A 02 0A 00 00 02 0F 09 0C 03 0B 00 00 00 0A 04 02 00 00 00 0A 04 05 00 00 00 0D 09 09 
msec 35
sysex 43 50 00 05 05 06 7D 02 0A 01 0F 00 05 09 0B 03 06 04 0B 00 05 09 09 02 0A 00 00 08 01 01 06 02 0A 02 03 00 07 09 0B 03 03 04 00 00 03 09 09 02 0A 00 00 08 01 00 02 09 0B 03 06 00 00 00 00 03 0B 00 00 00 0A 09 00 
msec 35
sysex 43 50 00 05 05 06 7E 05 01 00 00 00 00 09 02 03 09 00 00 00 05 09 0B 03 03 00 00 00 05 09 09 02 03 05 0D 00 00 02 0A 02 08 00 00 09 0A 02 0F 06 04 00 00 09 0C 02 0F 05 0A 00 02 09 0B 02 0F 05 0F 00 08 09 09 02 0A 
msec 35
sysex 43 50 00 05 05 06 7F 00 00 00 00 02 03 00 00 00 0C 09 00 05 00 06 0E 00 00 09 02 03 08 06 0A 08 01 00 0A 09 09 02 0A 02 00 00 0A 02 0A 00 00 08 01 01 06 02 0A 02 01 00 02 09 0B 03 06 04 09 00 08 09 09 02 0A 00 00 
msec 35
sysex 43 50 00 05 05 07 00 04 01 09 0C 02 0F 00 00 05 05 09 09 02 06 06 07 00 00 02 0A 02 05 00 00 09 0C 03 0B 05 04 00 07 09 0B 03 03 06 00 00 03 09 09 02 0A 00 00 00 00 02 06 00 00 00 00 09 0C 04 02 06 02 00 0A 04 05 
msec 35
sysex 43 50 00 05 05 07 01 06 0A 03 0C 09 0A 02 0F 00 00 02 0F 09 0C 03 0B 00 00 00 0A 04 02 00 00 00 0A 04 05 00 00 00 03 09 0B 03 06 00 00 00 0A 09 09 02 0A 01 0E 00 02 09 0B 03 06 05 04 00 08 09 09 02 0A 00 00 08 01 
msec 35
sysex 43 50 00 05 05 07 02 01 06 02 0A 02 02 00 07 09 0B 03 0B 05 0D 00 03 09 09 02 0A 00 00 07 0D 09 00 05 00 00 00 00 00 09 02 03 08 00 00 00 00 09 0B 03 03 00 00 00 02 02 0F 00 00 00 0D 03 06 00 00 00 0A 09 09 02 03 
msec 35
sysex 43 50 00 05 05 07 03 05 0D 00 00 02 0A 02 05 00 00 09 0A 02 0A 06 01 00 00 09 0B 03 0B 00 00 00 00 09 0C 02 0F 05 04 00 07 09 0B 03 0F 06 04 00 03 09 09 02 0A 00 00 00 00 02 03 00 00 00 05 09 00 04 0E 06 0C 00 00 
msec 35
sysex 43 50 00 05 05 07 04 09 02 03 06 06 08 08 01 01 01 09 09 02 0A 02 04 00 07 09 0B 03 0B 05 00 00 03 09 09 02 0A 00 00 08 01 01 06 02 0A 02 04 00 07 09 0B 03 06 04 0F 00 03 09 09 02 0A 00 00 04 01 09 0C 02 0F 00 00 
msec 35
sysex 43 50 00 05 05 07 05 05 00 09 0B 03 0B 00 00 00 05 09 09 02 06 06 07 00 00 02 0A 02 06 00 00 09 0B 03 06 00 00 00 00 09 0C 03 0B 05 05 00 05 09 0B 03 0F 00 00 00 02 03 0B 05 0A 00 03 09 09 02 0A 00 00 00 00 02 06 
msec 35
sysex 43 50 00 05 05 07 06 00 00 00 00 09 0C 04 02 06 02 00 0A 04 05 06 0B 03 0C 09 0A 02 0A 00 00 02 0F 09 0C 03 0B 00 00 00 0A 04 02 00 00 00 0A 04 05 00 00 00 0D 09 09 02 0A 01 0F 00 05 09 0B 03 06 04 0B 00 05 09 09 
msec 35
sysex 43 50 00 05 05 07 07 02 0A 00 00 08 01 01 06 02 0A 02 03 00 07 09 0B 03 03 04 00 00 03 09 09 02 0A 00 00 06 06 09 00 04 0E 00 00 00 00 09 02 03 06 00 00 01 0C 09 0B 03 06 00 00 00 07 03 0B 00 00 00 05 09 01 04 02 
msec 35
sysex 43 50 00 05 05 07 08 00 00 00 00 03 0F 00 00 00 00 03 0B 00 00 00 00 09 0D 04 02 00 00 00 00 03 0F 00 00 00 00 03 0B 00 00 00 03 09 0B 03 03 00 00 00 05 09 01 03 0D 06 03 00 00 04 00 06 03 00 00 04 05 06 03 00 00 
msec 35
sysex 43 50 00 05 05 07 09 09 09 02 03 05 0D 00 00 02 0A 02 08 00 00 09 0A 02 0D 06 06 00 00 09 0C 02 0D 05 0A 00 00 09 0D 03 0D 06 03 00 00 04 00 06 03 00 00 04 05 06 03 00 07 09 00 05 01 07 01 00 00 09 0B 02 0D 05 0F 
msec 35
sysex 43 50 00 05 05 07 0A 00 03 09 09 02 0A 00 00 00 00 02 03 00 00 01 04 09 02 03 09 06 0D 08 01 00 02 09 09 02 0A 02 00 00 0A 02 0A 00 00 08 01 01 06 02 0A 02 01 00 02 09 0B 03 04 04 09 00 08 09 09 02 0A 00 00 04 01 
msec 35
sysex 43 50 00 05 05 07 0B 09 0C 02 0D 00 00 05 05 09 09 02 06 06 07 00 00 02 0A 02 05 00 00 09 0B 03 01 06 00 00 00 09 0C 03 0D 05 04 00 00 0F 0F 07 0F 00 07 04 03 07 0B 00 01 03 06 00 00 07 0F 07 0F 00 0A 09 09 02 0A 
msec 35
sysex 43 50 00 05 05 07 0C 00 00 00 00 02 06 00 00 00 00 09 0C 04 00 06 02 00 0A 04 05 06 0A 06 0B 03 0D 00 00 00 0A 04 00 00 00 00 0A 04 05 00 00 00 03 09 0B 03 04 00 00 00 0A 09 09 02 0A 01 0E 00 00 09 0B 03 04 05 04 
msec 35
sysex 43 50 00 05 05 07 0D 00 0A 09 09 02 0A 00 00 01 0E 09 0A 02 0D 00 00 07 08 09 09 02 0A 02 02 00 00 09 0B 03 09 06 03 00 0A 09 09 02 0A 00 00 07 05 09 0B 03 01 00 00 00 0F 02 0D 00 00 00 05 03 04 00 00 00 05 09 01 
msec 35
sysex 43 50 00 05 05 07 0E 04 05 00 00 00 00 03 0D 00 00 00 00 09 0B 03 09 00 00 00 00 09 0D 04 05 00 00 00 00 03 0D 00 00 00 05 09 00 05 01 00 00 00 03 09 01 03 0B 06 03 00 00 04 04 06 03 00 00 09 09 02 03 05 0D 00 00 
msec 35
sysex 43 50 00 05 05 07 0F 02 0A 02 05 00 00 09 0A 02 0C 05 0F 00 00 09 0C 02 0C 05 04 00 00 09 0D 03 0B 06 03 00 00 04 04 06 03 00 00 0F 0F 07 0F 00 07 04 03 07 0B 00 01 03 03 00 00 07 0F 07 0F 00 05 09 00 05 00 07 01 
msec 35
sysex 43 50 00 05 05 07 10 00 02 09 0B 04 00 06 03 00 03 09 09 02 0A 00 00 00 00 02 03 00 00 00 07 09 02 03 08 06 0D 00 03 03 09 00 00 08 01 00 0C 09 09 02 0A 02 04 00 02 09 0B 03 0B 05 00 00 08 09 09 02 0A 00 00 08 01 
msec 35
sysex 43 50 00 05 05 07 11 01 06 02 0A 02 04 00 07 09 0B 03 08 04 0F 00 03 09 09 02 0A 00 00 04 01 09 0C 02 0C 00 00 04 01 09 0B 04 00 00 00 00 0A 03 0B 00 00 00 0A 09 09 02 06 06 07 00 00 02 0A 02 06 00 00 09 0B 03 08 
msec 35
sysex 43 50 00 05 05 07 12 00 00 00 00 03 0B 05 09 00 00 09 0C 03 0B 05 05 00 0A 09 09 02 0A 00 00 00 00 02 06 00 00 00 00 09 0C 04 00 06 02 00 0A 04 04 06 0B 06 0B 03 0B 00 00 00 0A 04 00 00 00 00 0A 04 04 00 00 00 0D 
msec 35
sysex 43 50 00 05 05 07 13 09 09 02 0A 01 0F 00 07 09 0B 03 08 04 0B 00 03 09 09 02 0A 00 00 01 0E 09 0A 02 0C 00 00 07 08 09 09 02 0A 02 03 00 05 09 0B 03 04 04 00 00 05 09 09 02 0A 00 00 07 00 09 0B 03 0B 00 00 01 04 
msec 35
sysex 43 50 00 05 05 07 14 03 08 00 00 00 0A 09 00 05 00 00 00 00 00 09 01 04 04 00 00 00 00 03 0B 00 00 00 00 04 00 00 00 00 00 09 0B 03 04 00 00 00 00 09 0D 04 04 00 00 00 00 03 0B 00 00 00 00 04 00 00 00 00 08 09 00 
msec 35
sysex 43 50 00 05 05 07 15 04 0E 07 01 00 00 09 01 03 0B 06 03 00 00 03 0F 06 03 00 00 04 02 06 03 00 00 09 09 02 03 05 0D 00 00 02 0A 02 08 00 00 09 0A 02 0A 06 04 00 00 09 0C 02 0A 05 0A 00 00 09 0D 03 0B 06 03 00 00 
msec 35
sysex 43 50 00 05 05 07 16 03 0F 06 03 00 00 04 02 06 03 00 02 09 0B 02 0F 05 0F 00 03 09 02 03 08 00 00 00 00 03 06 06 0D 00 05 09 09 02 0A 00 00 00 00 02 03 00 00 08 01 01 06 02 0A 02 00 00 0A 02 0A 00 00 08 01 00 0E 
msec 35
sysex 43 50 00 05 05 07 17 09 00 04 0E 00 00 00 05 09 02 03 06 00 00 00 03 09 09 02 06 03 0B 00 00 02 0A 02 01 00 02 09 00 05 00 06 0F 00 00 09 0B 03 06 04 09 00 08 09 09 02 0A 00 00 00 00 02 06 00 00 00 0C 09 02 03 08 
msec 35
sysex 43 50 00 05 05 07 18 06 0B 03 05 09 0C 02 0A 00 00 00 05 09 09 02 06 04 0B 00 0A 02 06 00 00 04 06 02 06 06 07 00 00 02 0A 02 05 00 00 09 0C 03 0B 05 04 00 00 0F 0F 07 0F 00 07 04 03 07 0B 00 01 03 07 00 00 07 0F 
msec 35
sysex 43 50 00 05 05 07 19 07 0F 00 07 09 0B 03 03 06 00 00 03 09 09 02 0A 00 00 00 00 02 06 00 00 00 00 09 0C 03 0F 06 02 00 0A 04 02 06 0A 06 0B 03 0B 00 00 00 0A 03 0F 00 00 00 0A 04 02 00 00 00 03 09 0B 03 06 00 00 
msec 35
sysex 43 50 00 05 05 07 1A 00 02 09 00 05 00 00 00 00 08 04 0E 06 08 00 00 09 09 02 0A 01 0E 00 02 09 0B 03 06 05 04 00 05 09 02 03 06 06 04 00 03 09 09 02 0A 00 00 00 02 09 02 03 08 00 00 01 0C 09 0A 02 0A 00 00 07 08 
msec 35
sysex 43 50 00 05 05 07 1B 09 09 02 06 05 0B 00 00 02 0A 02 02 00 07 09 0B 03 0B 05 0D 00 03 09 09 02 0A 00 00 00 00 02 06 00 00 07 0D 09 0B 03 03 00 00 00 02 02 0F 00 00 00 0D 03 06 00 00 00 02 09 00 04 0E 00 00 00 00 
msec 35
sysex 43 50 00 05 05 07 1C 09 01 04 02 00 00 00 00 03 0F 00 00 00 00 03 0B 00 00 00 00 09 0D 04 02 00 00 00 00 03 0F 00 00 00 00 03 0B 00 00 00 08 09 01 03 08 06 03 00 00 03 0B 06 03 00 00 04 00 06 03 00 00 09 02 03 06 
msec 35
sysex 43 50 00 05 05 07 1D 00 00 00 00 09 09 02 03 05 0D 00 00 02 0A 02 05 00 00 09 0A 02 08 06 01 00 00 09 0B 03 0B 00 00 00 00 09 0C 02 08 05 04 00 00 09 0D 03 08 06 03 00 00 03 0B 06 03 00 00 04 00 06 03 00 00 0F 0F 
msec 35
sysex 43 50 00 05 05 07 1E 07 0F 00 07 04 03 07 0B 00 01 03 03 00 00 07 0F 07 0F 00 07 09 00 04 0C 06 06 00 00 09 02 03 04 06 02 00 00 09 0B 04 00 06 04 00 03 09 09 02 0A 00 00 00 00 02 03 00 00 08 01 01 06 02 0A 02 04 
msec 35
sysex 43 50 00 05 05 07 1F 00 07 09 0B 03 0B 05 00 00 03 09 09 02 0A 00 00 08 01 01 06 02 0A 02 04 00 00 03 00 04 07 00 07 09 0B 03 08 04 0F 00 03 09 09 03 00 00 00 00 00 02 0A 00 00 04 01 09 0C 02 08 00 00 05 00 09 0B 
msec 35
sysex 43 50 00 05 05 07 20 03 0B 00 00 00 05 09 09 02 06 06 07 00 00 02 0A 02 06 00 00 02 0D 04 0D 00 00 09 0B 03 08 00 00 00 00 09 0C 03 0B 05 05 00 05 09 0B 04 00 00 00 00 02 03 0B 05 0A 00 03 09 09 02 0D 00 00 00 00 
msec 35
sysex 43 50 00 05 05 07 21 02 0A 00 00 00 00 02 06 00 00 00 00 09 0C 04 00 06 02 00 0A 04 04 06 0B 06 0B 03 0B 00 00 00 0A 04 00 00 00 00 0A 04 04 00 00 00 0D 09 09 02 0A 01 0F 00 00 02 0D 03 04 00 02 09 00 04 0C 00 00 
msec 35
sysex 43 50 00 05 05 07 22 00 00 09 02 03 04 00 00 00 03 09 0B 03 08 04 0B 00 05 09 09 02 0D 00 00 00 00 02 0A 00 00 01 0E 09 0A 02 08 00 00 07 08 09 09 02 0A 02 03 00 00 02 0D 04 01 00 07 09 0B 03 04 04 00 00 03 09 09 
msec 35
sysex 43 50 00 05 05 07 23 02 0D 00 00 00 00 02 0A 00 00 08 01 00 02 09 0B 03 08 00 00 00 07 03 0B 00 00 00 05 09 01 04 00 00 00 00 00 03 0B 00 00 00 00 03 08 00 00 00 00 09 0D 04 00 00 00 00 00 03 0B 00 00 00 00 03 08 
msec 35
sysex 43 50 00 05 05 07 24 00 00 00 03 09 0B 03 04 00 00 00 05 09 00 04 0C 06 0F 00 00 09 01 03 0B 06 03 00 00 04 00 06 03 00 00 04 04 07 09 00 00 09 02 03 04 06 0B 00 00 09 09 02 03 05 0D 00 00 02 0A 02 08 00 00 09 0A 
msec 35
sysex 43 50 00 05 05 07 25 02 08 06 05 00 00 09 0C 03 04 05 0A 00 00 09 0D 03 0B 06 03 00 00 04 00 06 03 00 00 04 04 07 09 00 00 09 0E 04 04 06 09 00 07 09 0B 02 08 06 00 00 03 09 09 02 0A 00 00 00 00 02 03 00 00 05 0F 
msec 35
sysex 43 50 00 05 05 07 26 09 0E 04 04 00 00 00 07 04 04 05 0E 03 00 09 09 02 0A 02 00 00 0A 02 0A 00 00 04 03 09 0E 04 04 00 00 00 08 04 04 06 05 04 0B 09 09 02 0A 02 01 00 0A 02 0A 00 00 01 0B 09 0E 04 04 00 00 00 08 
msec 35
sysex 43 50 00 05 05 07 27 04 04 05 0E 01 0E 09 0C 03 04 00 00 04 08 09 0E 04 04 00 00 00 08 04 04 06 03 00 05 09 09 02 06 06 07 00 00 02 0A 02 05 00 00 09 0C 03 0B 05 04 00 05 09 0B 03 04 06 00 00 05 09 09 02 0A 00 00 
msec 35
sysex 43 50 00 05 05 07 28 00 00 02 06 00 00 00 00 09 0C 04 00 06 02 00 0A 04 04 06 0A 03 0C 09 0A 02 08 00 00 02 00 09 0E 04 04 00 00 00 08 04 04 05 0C 00 07 09 0C 03 0B 00 00 00 0A 04 00 00 00 00 0A 04 04 00 00 00 0D 
msec 35
sysex 43 50 00 05 05 07 29 09 09 02 0A 01 0E 00 00 09 0B 03 08 05 04 00 0A 09 09 02 0A 00 00 04 03 09 0E 04 04 00 00 00 08 04 04 05 0E 04 0B 09 09 02 0A 02 02 00 00 09 0B 03 0B 05 0D 00 0A 09 09 02 0A 00 00 01 06 09 0E 
msec 35
sysex 43 50 00 05 05 07 2A 04 04 00 00 00 08 04 04 05 0A 05 0C 09 0B 03 04 00 00 00 0A 02 08 00 00 00 05 03 08 00 00 00 00 09 0E 04 04 00 00 00 05 09 0B 03 0B 00 00 00 03 09 0E 04 04 05 0E 00 05 09 09 02 03 05 0D 00 00 
msec 35
sysex 43 50 00 05 05 07 2B 02 0A 02 05 00 00 09 0A 02 03 06 03 00 00 09 0C 03 04 05 04 00 02 09 0B 04 00 06 04 00 08 09 09 02 0A 00 00 00 00 02 03 00 00 06 0B 09 0E 04 04 00 00 00 08 04 04 05 0C 02 03 09 09 02 0A 02 04 
msec 35
sysex 43 50 00 05 05 07 2C 00 02 09 0B 03 0B 05 00 00 08 09 09 02 0A 00 00 03 0C 09 0E 04 04 00 00 00 07 04 04 05 0E 03 0A 09 00 04 0C 00 00 01 09 09 09 02 0A 02 04 00 00 09 0B 03 08 04 0F 00 0A 09 09 02 0A 00 00 01 09 
msec 35
sysex 43 50 00 05 05 07 2D 09 0E 04 04 00 00 00 07 04 04 05 0A 02 01 09 0C 03 04 00 00 04 08 09 0E 04 04 00 00 00 03 09 0B 03 0B 00 00 00 02 03 08 00 00 00 03 09 0E 04 04 05 0E 00 02 09 02 03 04 00 00 00 03 09 09 02 06 
msec 35
sysex 43 50 00 05 05 07 2E 06 07 00 00 02 0A 02 06 00 00 09 0B 04 00 00 00 00 00 09 0C 03 0B 05 05 00 02 09 0B 03 0B 05 0A 00 08 09 09 02 0A 00 00 00 00 02 06 00 00 00 00 09 0C 04 00 06 02 00 02 09 00 04 0C 07 04 00 00 
msec 35
sysex 43 50 00 05 05 07 2F 09 02 03 04 06 06 00 08 09 0C 04 04 06 0B 03 0C 09 0A 02 03 00 00 02 03 09 0E 04 04 00 00 00 07 04 04 05 0A 00 05 09 0C 03 0B 00 00 00 0A 04 00 00 00 00 0A 04 04 00 00 00 0D 09 09 02 0A 01 0F 
msec 35
sysex 43 50 00 05 05 07 30 00 07 09 0B 03 08 04 0B 00 03 09 09 02 0A 00 00 03 0C 09 0E 04 04 00 00 00 07 04 04 05 0C 05 03 09 09 02 0A 02 03 00 00 09 0B 03 04 04 00 00 0A 09 09 02 0A 00 00 00 0F 09 0E 04 04 00 00 00 07 
msec 35
sysex 43 50 00 05 05 07 31 04 04 05 0A 05 08 09 00 04 0C 00 00 00 00 09 02 03 04 00 00 01 06 09 0B 03 08 00 00 00 00 03 0B 00 00 00 05 03 04 00 00 00 03 09 0E 04 04 00 00 00 07 04 04 05 0E 00 03 09 09 02 03 05 0D 00 00 
msec 35
sysex 43 50 00 05 05 07 32 02 0A 02 08 00 00 09 0A 02 08 05 0E 00 00 09 0C 03 04 05 07 00 02 09 0B 02 08 06 00 00 08 09 09 02 0A 00 00 00 00 02 03 00 00 01 01 09 00 04 0C 06 0D 00 00 09 02 03 04 06 02 05 05 09 0E 04 04 
msec 35
sysex 43 50 00 05 05 07 33 00 00 00 08 04 04 05 0C 02 08 09 09 02 0A 02 00 00 0A 02 0A 00 00 03 07 09 0E 04 04 00 00 00 07 04 04 05 0E 05 08 09 09 02 0A 02 01 00 02 09 0B 03 08 04 09 00 08 09 09 02 0A 00 00 01 0B 09 0E 
msec 35
sysex 43 50 00 05 05 07 34 04 04 00 00 00 08 04 04 05 0A 01 0E 09 0C 03 04 00 00 04 06 09 0E 04 04 00 00 00 07 04 04 05 0E 00 08 09 09 02 06 06 07 00 00 02 0A 02 05 00 00 09 0B 03 04 06 00 00 00 09 0C 03 0B 04 0E 00 0A 
msec 35
sysex 43 50 00 05 05 07 35 09 09 02 0A 00 00 00 00 02 06 00 00 00 00 09 0C 04 00 06 01 00 0A 04 04 06 09 03 0C 09 0A 02 08 00 00 02 03 09 0E 04 04 00 00 00 07 04 04 05 0A 00 05 09 0C 03 0B 00 00 00 0A 04 00 00 00 00 0A 
msec 35
sysex 43 50 00 05 05 07 36 04 04 00 00 00 03 09 0B 03 08 00 00 00 0A 09 09 02 0A 01 0E 00 07 09 0B 03 08 05 04 00 03 09 09 02 0A 00 00 03 07 09 00 04 0C 00 00 00 00 09 02 03 04 00 00 00 00 09 0E 04 04 00 00 00 07 04 04 
msec 35
sysex 43 50 00 05 05 07 37 05 0C 00 08 09 00 04 0C 06 0C 00 00 09 02 03 04 06 03 05 00 09 09 02 0A 02 02 00 00 09 0B 03 0B 05 0D 00 0A 09 09 02 0A 00 00 00 0F 09 0E 04 04 00 00 00 07 04 04 05 0A 05 0F 09 0B 03 04 00 00 
msec 35
sysex 43 50 00 05 05 07 38 00 0A 02 08 00 00 00 08 09 00 04 0C 00 00 00 00 09 02 03 04 00 00 00 07 09 01 04 04 00 00 00 00 09 0B 03 0B 00 00 00 00 09 0D 04 04 00 00 00 00 09 0E 04 04 00 00 00 03 09 0B 03 08 00 00 00 05 
msec 35
sysex 43 50 00 05 05 07 39 09 01 04 05 07 09 00 00 09 09 02 03 05 0D 00 00 02 0A 02 05 00 00 09 0A 02 03 05 0F 00 00 09 0C 03 04 05 07 00 00 09 0D 04 05 07 09 00 00 09 0E 04 05 05 0E 00 07 09 0B 04 00 06 04 00 03 09 09 
msec 35
sysex 43 50 00 05 05 07 3A 02 0A 00 00 00 00 02 03 00 00 00 0A 09 00 04 0E 06 0C 00 00 09 02 03 06 06 05 06 01 09 0E 04 05 00 00 00 08 04 05 05 0C 02 03 09 09 02 0A 02 04 00 05 09 0B 03 0B 05 00 00 05 09 09 02 0A 00 00 
msec 35
sysex 43 50 00 05 05 07 3B 03 09 09 0E 04 05 00 00 00 08 04 05 05 0D 05 05 09 09 02 0A 02 04 00 07 09 0B 03 08 04 0F 00 03 09 09 02 0A 00 00 01 09 09 0E 04 05 00 00 00 07 04 05 05 09 02 01 09 0C 03 04 00 00 03 0E 09 00 
msec 35
sysex 43 50 00 05 05 07 3C 04 0E 00 00 00 00 09 02 03 06 00 00 00 0F 09 01 04 05 00 00 00 00 09 0B 03 0B 00 00 00 00 09 0D 04 05 00 00 00 05 09 0E 04 05 00 00 00 03 09 01 04 07 07 09 00 00 09 09 02 06 06 07 00 00 02 0A 
msec 35
sysex 43 50 00 05 05 07 3D 02 06 00 00 09 0B 03 08 00 00 00 00 09 0C 03 0B 05 08 00 00 09 0D 04 07 07 09 00 05 09 00 05 00 06 0D 00 00 09 02 03 08 06 07 00 00 09 0B 04 00 00 00 00 00 03 0B 05 0A 00 00 09 0E 04 07 05 0C 
msec 35
sysex 43 50 00 05 05 07 3E 00 05 09 09 02 0A 00 00 00 00 02 06 00 00 00 00 09 0C 04 00 06 04 00 0A 04 04 06 07 03 0C 09 0A 02 03 00 00 02 05 09 0E 04 07 00 00 00 08 04 07 05 07 00 02 09 0C 03 0B 00 00 00 0A 04 00 00 00 
msec 35
sysex 43 50 00 05 05 07 3F 00 0A 04 04 00 00 00 0D 09 09 02 0A 01 0F 00 02 09 0B 03 08 04 0B 00 08 09 09 02 0A 00 00 03 0E 09 0E 04 07 00 00 00 08 04 07 05 09 05 00 09 09 02 0A 02 03 00 05 09 0B 03 04 04 00 00 05 09 09 
msec 35
sysex 43 50 00 05 05 07 40 02 0A 00 00 00 0F 09 0E 04 07 00 00 00 07 04 07 05 06 06 09 09 0B 03 08 00 00 00 08 03 0B 00 00 00 00 09 0E 04 07 00 00 00 07 09 01 04 07 00 00 00 00 04 00 00 00 00 00 03 0B 00 00 00 00 09 0B 
msec 35
sysex 43 50 00 05 05 07 41 03 04 00 00 00 00 09 0D 04 07 00 00 00 00 04 00 00 00 00 00 03 0B 00 00 00 00 09 0E 04 05 05 09 00 08 09 01 03 0B 06 03 00 00 03 0F 06 03 00 00 04 05 06 0F 00 00 09 09 02 03 05 0D 00 00 02 0A 
msec 35
sysex 43 50 00 05 05 07 42 02 08 00 00 09 0A 02 0A 06 01 00 00 09 0C 02 0F 05 0A 00 00 09 0D 03 0B 06 03 00 00 03 0F 06 03 00 00 04 05 06 0F 00 02 09 00 05 00 00 00 00 00 09 02 03 08 00 00 00 03 09 0B 02 0F 06 00 00 05 
msec 35
sysex 43 50 00 05 05 07 43 09 00 04 0E 06 08 00 00 09 09 02 0A 00 00 00 00 02 03 00 00 01 0E 09 02 03 06 06 04 04 03 09 0E 04 05 00 00 00 08 04 05 05 07 02 0D 09 09 02 0A 02 00 00 0A 02 0A 00 00 03 09 09 0E 04 05 00 00 
msec 35
sysex 43 50 00 05 05 07 44 00 08 04 05 05 08 05 05 09 09 02 0A 02 01 00 05 09 0B 03 06 04 09 00 05 09 09 02 0A 00 00 01 04 09 0E 04 05 00 00 00 07 04 05 05 04 02 06 09 0C 02 0F 00 00 04 06 09 0E 04 05 00 00 00 07 04 05 
msec 35
sysex 43 50 00 05 05 07 45 05 07 00 08 09 09 02 06 06 07 00 00 02 0A 02 05 00 00 09 0C 03 0B 05 04 00 00 0F 0F 07 0F 00 07 04 03 07 0B 00 01 03 07 00 00 07 0F 07 0F 00 07 09 0B 03 03 06 00 00 03 09 09 02 0A 00 00 00 00 
msec 35
sysex 43 50 00 05 05 07 46 02 06 00 00 00 00 09 0C 04 02 06 02 00 0A 04 05 06 0A 03 0C 09 0A 02 0A 00 00 02 00 09 0E 04 05 00 00 00 08 04 05 05 02 00 07 09 0C 03 0B 00 00 00 0A 04 02 00 00 00 0A 04 05 00 00 00 05 09 0B 
msec 35
sysex 43 50 00 05 05 07 47 03 06 00 00 00 08 09 09 02 0A 01 0E 00 02 09 0B 03 06 05 04 00 08 09 09 02 0A 00 00 03 09 09 0E 04 05 00 00 00 08 04 05 05 04 05 05 09 09 02 0A 02 02 00 02 09 0B 03 0B 06 03 00 08 09 09 02 0A 
msec 35
sysex 43 50 00 05 05 07 48 00 00 01 06 09 0E 04 05 00 00 00 08 04 05 05 01 05 0F 09 0B 03 03 00 00 00 05 02 0F 00 00 00 05 09 0E 04 05 00 00 00 05 09 0B 03 06 00 00 00 02 09 0E 04 05 05 0B 00 03 09 0B 03 0B 00 00 00 05 
msec 35
sysex 43 50 00 05 05 07 49 09 09 02 03 05 0D 00 00 02 0A 02 05 00 00 09 0A 02 03 05 0F 00 00 09 0C 02 0F 05 04 00 07 09 0B 04 02 06 04 00 03 09 09 02 0A 00 00 00 00 02 03 00 00 06 01 09 0E 04 05 00 00 00 08 04 05 05 00 
msec 35
sysex 43 50 00 05 05 07 4A 02 0D 09 09 02 0A 02 04 00 00 09 0B 03 0B 05 00 00 0A 09 09 02 0A 00 00 03 09 09 0E 04 05 00 00 00 08 04 05 05 06 05 05 09 09 02 0A 02 04 00 00 09 0B 03 06 04 0F 00 0A 09 09 02 0A 00 00 00 0F 
msec 35
sysex 43 50 00 05 05 07 4B 09 0E 04 05 00 00 00 07 04 05 04 0E 02 0B 09 0C 02 0F 00 00 04 08 09 0B 03 0B 00 00 00 05 03 06 00 00 00 00 09 0E 04 05 00 00 00 08 09 09 02 06 06 07 00 00 02 0A 02 06 00 00 09 0B 03 0F 05 0A 
msec 35
sysex 43 50 00 05 05 07 4C 00 00 09 0C 03 0B 05 05 00 00 09 0E 04 05 04 0E 00 05 09 0B 04 02 00 00 00 05 09 09 02 0A 00 00 00 00 02 06 00 00 00 00 09 0C 04 02 06 02 00 0A 04 05 06 0B 03 0C 09 0A 02 03 00 00 01 0E 09 0E 
msec 35
sysex 43 50 00 05 05 07 4D 04 05 00 00 00 05 04 05 04 08 00 0C 09 0C 03 0B 00 00 00 0A 04 02 00 00 00 0A 04 05 00 00 00 0D 09 09 02 0A 01 0F 00 00 09 0B 03 0B 04 0B 00 0A 09 09 02 0A 00 00 03 09 09 0E 04 05 00 00 00 08 
msec 35
sysex 43 50 00 05 05 07 4E 04 05 04 0F 05 05 09 09 02 0A 02 03 00 07 09 0B 03 03 04 00 00 03 09 09 02 0A 00 00 02 05 09 00 04 0E 00 00 01 0E 09 02 03 06 00 00 03 0A 09 0B 03 0B 00 00 00 05 03 0F 00 00 00 0A 09 0E 04 05 
msec 35
sysex 43 50 00 05 05 07 4F 00 00 00 05 09 0B 03 03 00 00 00 00 09 0E 04 0E 07 09 00 05 09 09 02 03 05 0D 00 00 02 0A 02 08 00 00 09 0A 02 0A 06 04 00 00 09 0C 02 0F 05 0A 00 05 09 0B 02 0F 06 00 00 02 09 0E 05 01 06 0B 
msec 35
sysex 43 50 00 05 05 07 50 00 03 09 09 02 0A 00 00 00 00 02 03 00 00 08 01 01 06 02 0A 02 00 00 00 09 0E 05 00 05 0D 00 07 05 03 04 0B 00 03 09 09 02 0A 00 00 00 0F 09 0E 05 01 00 00 00 05 04 0E 00 00 07 0D 04 0E 05 01 
msec 35
sysex 43 50 00 05 05 07 51 00 05 09 09 02 0A 02 01 00 02 09 0E 05 01 04 04 00 03 09 0B 03 06 04 09 00 05 09 09 02 0A 00 00 00 05 09 0E 05 03 00 00 01 0B 05 00 00 00 02 01 09 0C 02 0F 00 00 04 08 09 0E 04 0E 00 00 00 03 
msec 35
sysex 43 50 00 05 05 07 52 04 0C 06 0B 00 0A 09 09 02 06 06 07 00 00 02 0A 02 05 00 00 09 0C 03 0B 05 04 00 02 09 0E 05 00 06 0B 00 03 05 01 00 00 00 02 09 0B 03 03 06 00 00 03 09 09 02 0A 00 00 00 00 02 06 00 00 00 00 
msec 35
sysex 43 50 00 05 05 07 53 09 0C 04 02 06 02 00 0A 04 05 06 0A 03 0C 09 0A 02 0A 00 00 02 0F 09 0C 03 0B 00 00 00 05 09 0E 05 00 00 00 00 05 09 0C 04 02 00 00 00 0A 04 05 00 00 00 03 09 0E 04 0E 05 0F 00 02 09 0B 03 06 
msec 35
sysex 43 50 00 05 05 07 54 00 00 00 05 09 0E 05 01 04 0D 00 03 09 09 02 0A 01 0E 00 02 09 0B 03 06 05 04 00 08 09 09 02 0A 00 00 00 0A 09 0E 04 0C 00 00 08 01 00 04 04 0C 05 04 00 03 04 0E 00 00 00 02 05 00 04 03 00 03 
msec 35
sysex 43 50 00 05 05 07 55 09 09 02 0A 02 02 00 02 09 0B 03 0B 06 03 00 08 09 09 02 0A 00 00 00 02 09 0E 05 01 00 00 07 01 05 00 00 00 00 0A 09 0B 03 03 00 00 00 05 02 0F 00 00 00 0A 03 06 00 00 00 02 09 01 04 05 00 00 
msec 35
sysex 43 50 00 05 05 07 56 00 00 09 0D 04 05 00 00 00 03 09 0B 03 0B 00 00 00 00 09 0E 04 0B 06 0C 00 02 04 0E 05 0D 00 03 09 01 03 06 06 07 00 00 09 09 02 03 05 0D 00 00 02 0A 02 05 00 00 09 0A 02 03 06 02 00 00 09 0C 
msec 35
sysex 43 50 00 05 05 07 57 02 0F 05 04 00 00 09 0D 03 06 06 07 00 07 09 0B 04 02 06 04 00 03 09 09 02 0A 00 00 00 00 02 03 00 00 01 04 09 0E 04 0C 00 00 07 0A 05 00 04 0C 00 08 09 09 02 0A 02 04 00 00 09 0B 03 0B 05 00 
msec 35
sysex 43 50 00 05 05 07 58 00 02 09 0E 04 0C 05 07 00 08 09 09 02 0A 00 00 00 00 09 0E 04 0E 00 00 00 07 04 0B 00 00 08 01 00 0A 04 0B 05 0E 00 00 04 0E 04 01 00 05 09 09 02 06 03 01 00 00 02 0A 02 04 00 00 09 0B 03 06 
msec 35
sysex 43 50 00 05 05 07 59 04 0F 00 0A 09 09 02 0A 00 00 00 00 02 06 00 00 01 04 09 0E 04 0C 00 00 00 07 05 00 00 00 02 06 09 0C 02 0F 00 00 00 05 09 09 02 06 03 05 00 0A 02 06 00 00 02 0A 09 0E 04 0E 00 00 00 0F 09 0B 
msec 35
sysex 43 50 00 05 05 07 5A 03 0B 00 00 00 03 09 0E 04 0C 05 0F 00 02 09 0B 03 06 00 00 00 05 09 0E 04 09 06 0E 00 03 09 09 02 06 06 07 00 00 02 0A 02 06 00 00 09 0B 03 0F 05 0A 00 00 09 0C 03 0B 05 05 00 05 09 0B 04 02 
msec 35
sysex 43 50 00 05 05 07 5B 00 00 00 05 09 09 02 0A 00 00 00 00 02 06 00 00 00 00 09 0C 04 02 06 02 00 0A 04 05 06 0B 00 05 09 0E 04 0B 00 00 03 07 09 0A 02 03 00 00 02 0F 09 0C 03 0B 00 00 00 0A 04 02 00 00 00 05 09 0E 
msec 35
sysex 43 50 00 05 05 07 5C 04 0E 05 00 00 05 09 0C 04 05 00 00 00 03 09 0E 04 09 00 00 00 05 04 0B 05 0B 00 05 09 09 02 0A 01 0F 00 00 09 0B 03 0B 04 0B 00 05 09 0E 04 0C 00 00 00 05 09 09 02 0A 00 00 08 01 00 02 09 0E 
msec 35
sysex 43 50 00 05 05 07 5D 04 0E 00 00 00 07 04 0C 04 07 00 0A 04 09 05 04 00 03 09 09 02 06 03 0F 00 00 02 0A 02 03 00 07 09 0B 03 03 04 00 00 03 09 09 02 0A 00 00 00 00 02 06 00 00 00 0A 09 0E 04 0B 00 00 06 0E 04 09 
msec 35
sysex 43 50 00 05 05 07 5E 00 00 00 05 09 0B 03 0B 00 00 00 05 03 0F 00 00 00 07 09 0E 04 0C 00 00 00 05 09 01 03 06 00 00 00 00 03 0F 00 00 00 00 03 0B 00 00 00 00 09 0D 03 06 00 00 00 00 03 0F 00 00 00 00 03 0B 00 00 
msec 35
sysex 43 50 00 05 05 07 5F 00 03 09 0B 03 03 00 00 00 00 09 0E 04 0B 05 0D 00 05 09 01 03 0B 06 03 00 00 03 0F 06 03 00 00 04 02 06 03 00 00 09 09 02 03 05 0D 00 00 02 0A 02 08 00 00 09 0A 02 0F 06 04 00 00 09 0C 02 0F 
msec 35
sysex 43 50 00 05 05 07 60 05 0A 00 00 09 0D 03 0B 06 03 00 00 03 0F 06 03 00 00 04 02 06 03 00 02 09 00 05 03 06 08 00 00 09 0B 02 0F 05 0F 00 00 09 0E 04 07 06 08 00 08 09 09 02 0A 00 00 00 00 02 03 00 00 00 07 09 02 
msec 35
sysex 43 50 00 05 05 07 61 03 0B 06 04 08 01 00 0F 09 09 02 0A 02 00 00 0A 02 0A 00 00 08 01 01 06 02 0A 02 01 00 0A 02 0A 00 00 04 01 09 0C 02 0F 00 00 00 02 09 0E 04 0B 00 00 05 03 09 09 02 06 06 07 00 00 02 0A 02 05 
msec 35
sysex 43 50 00 05 05 07 62 00 00 09 0C 03 0B 05 04 00 02 09 0B 03 03 06 00 00 08 09 09 02 0A 00 00 00 00 02 06 00 00 00 00 09 0C 04 02 06 02 00 0A 04 05 06 0A 03 0C 09 0A 02 0F 00 00 02 0F 09 0C 03 0B 00 00 00 0A 04 02 
msec 35
sysex 43 50 00 05 05 07 63 00 00 00 0A 04 05 00 00 00 0D 09 09 02 0A 01 0E 00 00 09 0B 03 06 05 04 00 0A 09 09 02 0A 00 00 08 01 01 06 02 0A 02 02 00 05 09 0B 03 0B 05 0D 00 05 09 09 02 0A 00 00 02 00 09 0E 04 07 00 00 
msec 35
sysex 43 50 00 05 05 07 64 05 08 09 0B 03 03 00 00 00 07 02 0F 00 00 00 0A 03 06 00 00 00 0A 03 0B 00 00 00 03 09 09 02 03 05 0D 00 00 02 0A 02 05 00 00 09 0A 02 0A 06 01 00 00 09 0C 02 0F 05 04 00 05 09 0B 03 0F 06 04 
msec 35
sysex 43 50 00 05 05 07 65 00 05 09 09 02 0A 00 00 00 00 02 03 00 00 08 01 01 06 02 0A 02 04 00 07 09 0B 03 0B 05 00 00 03 09 09 02 0A 00 00 08 01 01 06 02 0A 02 04 00 05 09 0B 03 06 04 0F 00 05 09 09 02 0A 00 00 04 01 
msec 35
sysex 43 50 00 05 05 07 66 09 0C 02 0F 00 00 02 03 09 00 05 03 00 00 00 0F 09 02 03 0B 00 00 01 0E 09 0B 03 0B 00 00 00 02 03 06 00 00 00 03 09 09 02 06 06 07 00 00 02 0A 02 06 00 00 09 0B 03 0B 05 0A 00 00 09 0C 03 0B 
msec 35
sysex 43 50 00 05 05 07 67 05 05 00 02 09 0B 03 0F 00 00 00 05 09 00 05 01 06 06 00 03 09 09 02 0A 00 00 00 00 02 06 00 00 00 00 09 0C 04 02 06 02 00 0A 04 05 06 0B 00 0A 09 02 03 09 06 02 03 02 09 0A 02 0A 00 00 02 0F 
msec 35
sysex 43 50 00 05 05 07 68 09 0C 03 0B 00 00 00 0A 04 02 00 00 00 0A 04 05 00 00 00 0D 09 09 02 0A 01 0F 00 05 09 0B 03 06 04 0B 00 05 09 09 02 0A 00 00 08 01 01 06 02 0A 02 03 00 07 09 0B 03 03 04 00 00 03 09 09 02 0A 
msec 35
sysex 43 50 00 05 05 07 69 00 00 08 01 00 02 09 0B 03 06 00 00 00 00 03 0B 00 00 00 0A 09 00 05 01 00 00 00 05 09 0B 03 03 00 00 00 05 09 09 02 03 05 0D 00 00 02 0A 02 08 00 00 09 0A 02 0F 06 04 00 00 09 0C 02 0F 05 0A 
msec 35
sysex 43 50 00 05 05 07 6A 00 02 09 0B 02 0F 05 0F 00 08 09 09 02 0A 00 00 00 00 02 03 00 00 00 02 09 02 03 09 00 00 00 0A 09 00 05 00 06 0E 00 00 09 02 03 08 06 0A 08 01 00 0A 09 09 02 0A 02 00 00 0A 02 0A 00 00 08 01 
msec 35
sysex 43 50 00 05 05 07 6B 01 06 02 0A 02 01 00 02 09 0B 03 06 04 09 00 08 09 09 02 0A 00 00 04 01 09 0C 02 0F 00 00 03 0C 09 00 05 00 00 00 01 09 09 09 02 06 06 07 00 00 02 0A 02 05 00 00 09 0C 03 0B 05 04 00 07 09 02 
msec 35
sysex 43 50 00 05 05 07 6C 03 08 00 00 00 00 09 0B 03 03 06 00 00 03 09 09 02 0A 00 00 00 00 02 06 00 00 00 00 09 0C 04 02 06 02 00 0A 04 05 06 0A 00 02 09 00 05 00 06 07 00 00 09 02 03 08 06 03 03 0A 09 0A 02 0F 00 00 
msec 35
sysex 43 50 00 05 05 07 6D 02 0F 09 0C 03 0B 00 00 00 0A 04 02 00 00 00 0A 04 05 00 00 00 03 09 0B 03 06 00 00 00 0A 09 09 02 0A 01 0E 00 02 09 0B 03 06 05 04 00 08 09 09 02 0A 00 00 08 01 01 06 02 0A 02 02 00 07 09 0B 
msec 35
sysex 43 50 00 05 05 07 6E 03 0B 05 0D 00 03 09 09 02 0A 00 00 07 0D 09 00 05 00 00 00 00 00 09 02 03 08 00 00 00 00 09 0B 03 03 00 00 00 02 02 0F 00 00 00 0D 03 06 00 00 00 0A 09 00 04 0E 07 01 00 00 09 02 03 06 06 0D 
msec 35
sysex 43 50 00 05 05 07 6F 00 00 09 09 02 03 05 0D 00 00 02 0A 02 05 00 00 09 0A 02 0A 06 01 00 00 09 0B 03 0B 00 00 00 00 09 0C 02 0F 05 04 00 07 09 0B 03 0F 06 04 00 03 09 09 02 0A 00 00 00 00 02 03 00 00 08 01 01 06 
msec 35
sysex 43 50 00 05 05 07 70 02 0A 02 04 00 07 09 0B 03 0B 05 00 00 03 09 09 02 0A 00 00 08 01 00 0E 09 00 04 0E 00 00 00 00 09 02 03 06 00 00 00 08 09 09 02 0A 02 04 00 07 09 0B 03 06 04 0F 00 03 09 09 02 0A 00 00 00 02 
msec 35
sysex 43 50 00 05 05 07 71 09 00 04 0C 06 0F 00 00 09 02 03 04 06 0B 03 0F 09 0C 02 0F 00 00 05 00 09 0B 03 0B 00 00 00 05 09 09 02 06 06 07 00 00 02 0A 02 06 00 00 09 0B 03 06 00 00 00 00 09 0C 03 0B 05 05 00 05 09 0B 
msec 35
sysex 43 50 00 05 05 07 72 03 0F 00 00 00 02 03 0B 05 0A 00 03 09 09 02 0A 00 00 00 00 02 06 00 00 00 00 09 0C 04 02 06 02 00 0A 04 05 06 0B 03 0C 09 0A 02 0A 00 00 02 0F 09 0C 03 0B 00 00 00 0A 04 02 00 00 00 0A 04 05 
msec 35
sysex 43 50 00 05 05 07 73 00 00 00 0D 09 09 02 0A 01 0F 00 02 09 00 04 0C 00 00 00 00 09 02 03 04 00 00 00 03 09 0B 03 06 04 0B 00 05 09 09 02 0A 00 00 00 0A 09 00 04 0E 06 08 00 00 09 02 03 06 06 04 08 01 00 0C 09 09 
msec 35
sysex 43 50 00 05 05 07 74 02 0A 02 03 00 07 09 0B 03 03 04 00 00 03 09 09 02 0A 00 00 08 01 00 02 09 0B 03 06 00 00 00 07 03 0B 00 00 00 05 09 01 04 02 00 00 00 00 03 0F 00 00 00 00 03 0B 00 00 00 00 09 0D 04 02 00 00 
msec 35
sysex 43 50 00 05 05 07 75 00 00 03 0F 00 00 00 00 03 0B 00 00 00 03 09 0B 03 03 00 00 00 05 09 01 03 08 06 03 00 00 03 0B 06 03 00 00 04 00 06 03 00 00 09 09 02 03 05 0D 00 00 02 0A 02 08 00 00 09 0A 02 08 06 04 00 00 
msec 35
sysex 43 50 00 05 05 07 76 09 0C 03 04 05 0A 00 00 09 0D 03 08 06 03 00 00 03 0B 06 03 00 00 04 00 06 03 00 07 09 0B 02 08 06 00 00 03 09 09 02 0A 00 00 00 00 02 03 00 00 00 02 09 00 04 0E 00 00 00 00 09 02 03 06 00 00 
msec 35
sysex 43 50 00 05 05 07 77 01 09 09 00 04 0C 06 06 00 00 09 02 03 04 06 02 08 02 06 06 09 0C 03 04 00 00 05 05 09 09 02 06 06 07 00 00 02 0A 02 05 00 00 09 0C 03 0B 05 04 00 00 0F 0F 07 0F 00 07 04 03 07 0B 00 01 03 03 
msec 35
sysex 43 50 00 05 05 07 78 00 00 07 0F 07 0F 00 05 09 0B 03 04 06 00 00 05 09 09 02 0A 00 00 00 00 02 06 00 00 00 00 09 0C 04 00 06 02 00 0A 04 04 06 0A 03 0C 09 0A 02 08 00 00 02 0F 09 0C 03 0B 00 00 00 0A 04 00 00 00 
msec 35
sysex 43 50 00 05 05 07 79 00 0A 04 04 00 00 00 0D 09 0B 03 08 05 04 08 01 02 00 03 0B 05 0D 08 01 00 04 03 04 00 00 00 0A 02 08 00 00 00 05 03 08 00 00 00 05 03 0B 00 00 00 08 09 09 02 03 05 0D 00 00 02 0A 02 05 00 00 
msec 35
sysex 43 50 00 05 05 07 7A 09 0A 02 03 06 01 00 00 09 0C 03 04 05 04 00 02 09 0B 04 00 06 04 00 08 09 09 02 0A 00 00 00 00 02 03 00 00 08 01 01 08 09 0B 03 0B 05 00 08 01 01 0E 03 08 04 0F 04 0B 09 0C 03 04 00 00 04 0B 
msec 35
sysex 43 50 00 05 05 07 7B 09 0B 03 0B 00 00 00 02 03 08 00 00 00 08 09 09 02 06 06 07 00 00 02 0A 02 06 00 00 09 0B 04 00 00 00 00 00 09 0C 03 0B 05 05 00 02 09 0B 03 0B 05 0A 00 08 09 09 02 0A 00 00 00 00 02 06 00 00 
msec 35
sysex 43 50 00 05 05 07 7C 00 00 09 0C 04 00 06 02 00 0A 04 04 06 0B 00 00 09 0E 05 00 07 00 03 0C 09 0A 02 03 00 00 02 0F 09 0C 03 0B 00 00 00 0A 04 00 00 00 00 0A 04 04 00 00 00 03 09 0E 05 00 00 00 01 01 09 0B 03 08 
msec 35
sysex 43 50 00 05 05 07 7D 04 0B 01 04 09 0E 05 01 05 04 07 01 05 01 00 00 00 02 05 03 06 01 01 02 09 0B 03 04 04 00 07 00 09 00 04 0C 00 00 00 00 09 02 03 04 00 00 01 0E 09 0B 03 08 00 00 00 00 03 0B 00 00 00 03 09 0E 
msec 35
sysex 43 50 00 05 05 07 7E 05 03 00 00 00 02 09 0B 03 04 00 00 00 0D 09 09 02 03 05 0D 00 00 02 06 06 04 00 00 02 0A 02 08 00 00 09 0A 02 08 06 04 00 00 09 0C 03 04 05 07 00 00 09 0E 04 0C 06 0A 00 02 09 0B 02 08 06 00 
msec 35
sysex 43 50 00 05 05 07 7F 00 08 09 09 02 0A 00 00 00 00 02 06 00 00 00 00 02 03 00 00 00 0A 09 0E 05 00 07 0F 08 01 00 0C 09 09 02 06 04 03 00 07 09 0E 04 0C 00 00 00 03 09 09 02 06 00 00 01 01 09 0E 05 00 00 00 08 01 
msec 35
sysex 43 50 00 05 05 08 00 00 05 09 09 02 06 04 07 00 02 09 0B 03 08 04 09 00 08 09 09 02 06 00 00 04 01 09 0C 03 04 00 00 05 05 09 09 02 06 05 09 00 00 02 0A 02 05 00 00 09 0B 03 04 06 00 00 00 09 0C 03 0B 04 0E 00 0A 
msec 35
sysex 43 50 00 05 05 08 01 09 09 02 0A 00 00 00 00 02 06 00 00 00 00 09 0C 04 00 06 01 00 0A 04 04 06 09 00 0C 09 0E 05 01 04 09 01 02 04 0E 06 0C 01 0E 09 0A 02 08 00 00 02 0F 09 0C 03 0B 00 00 00 0A 04 00 00 00 00 08 
msec 35
sysex 43 50 00 05 05 08 02 09 0E 04 0E 00 00 00 02 09 0C 04 04 00 00 00 03 09 0B 03 08 00 00 00 0A 09 09 02 06 04 07 00 07 09 0B 03 08 05 04 00 00 09 0E 05 01 00 00 00 03 09 09 02 06 00 00 01 06 09 0E 05 00 05 09 00 00 
msec 35
sysex 43 50 00 05 05 08 03 05 03 02 0E 08 01 00 00 09 09 02 06 04 0B 00 00 09 0B 03 0B 05 0D 00 0A 09 09 02 06 00 00 01 01 09 0E 05 01 02 0D 00 0F 04 0E 05 05 01 09 05 03 00 00 00 00 05 00 00 00 02 08 05 01 00 00 00 0D 
msec 35
sysex 43 50 00 05 05 08 04 04 0E 00 00 00 07 09 0B 03 04 00 00 00 0A 02 08 00 00 00 0F 03 0B 00 00 00 03 03 08 00 00 00 05 09 09 02 03 05 0D 00 00 02 06 06 01 00 00 02 0A 02 05 00 00 09 0A 02 03 06 01 00 00 09 0C 03 04 
msec 35
sysex 43 50 00 05 05 08 05 05 07 00 07 09 0B 04 00 06 04 00 00 09 0E 05 01 03 01 00 03 09 09 02 0A 00 00 00 00 02 06 00 00 00 00 02 03 00 00 00 07 09 0E 04 0E 07 0F 01 07 05 03 05 0C 05 00 05 01 00 00 02 08 09 09 03 00 
msec 35
sysex 43 50 00 05 05 08 06 03 0A 00 00 09 0E 04 0E 00 00 00 05 09 0B 03 0B 05 00 00 05 09 09 03 00 00 00 01 04 09 0E 05 03 00 00 08 01 00 02 09 09 03 00 03 0A 00 07 09 0B 03 08 04 0F 00 03 09 09 03 00 00 00 04 01 09 0C 
msec 35
sysex 43 50 00 05 05 08 07 03 04 00 00 04 0B 09 0E 04 0C 06 0D 00 02 09 0B 03 0B 00 00 00 08 09 09 02 06 06 07 00 00 02 0A 02 06 00 00 02 0D 04 00 00 00 09 0B 03 08 00 00 00 00 09 0C 03 0B 05 08 00 05 09 0B 04 00 00 00 
msec 35
sysex 43 50 00 05 05 08 08 00 00 03 0B 05 0A 00 05 09 09 02 0D 00 00 00 00 02 0A 00 00 00 00 02 06 00 00 00 00 09 0C 04 00 06 04 00 0A 04 04 06 07 00 0C 09 0E 05 00 04 09 03 00 09 0A 02 03 00 00 02 0F 09 0C 03 0B 00 00 
msec 35
sysex 43 50 00 05 05 08 09 00 0A 04 00 00 00 00 0A 04 04 00 00 00 08 09 0E 04 0C 00 00 00 02 04 0E 05 0D 00 03 09 09 02 0D 03 0A 00 02 09 0B 03 08 04 0B 00 05 09 0E 05 00 00 00 00 03 09 09 02 0D 00 00 01 06 09 0E 05 01 
msec 35
sysex 43 50 00 05 05 08 0A 02 0E 05 05 04 0E 00 00 02 01 04 0C 05 03 00 0A 09 09 02 0D 03 04 00 05 09 0B 03 04 04 00 00 05 09 09 02 0D 00 00 01 01 09 0E 05 00 02 0D 02 08 05 01 00 00 02 08 05 00 00 00 01 09 04 0C 00 00 
msec 35
sysex 43 50 00 05 05 08 0B 00 05 09 0B 03 08 00 00 00 08 03 0B 00 00 00 02 09 0E 04 0C 07 05 00 05 09 01 04 00 00 00 00 00 03 0B 00 00 00 00 03 08 00 00 00 00 09 0B 03 04 00 00 00 00 09 0D 04 00 00 00 00 00 03 0B 00 00 
msec 35
sysex 43 50 00 05 05 08 0C 00 00 03 08 00 00 00 08 0F 0F 00 06 00 06 04 0D 06 01 06 09 06 0E 02 00 04 03 00 00 09 00 05 00 07 00 00 00 09 01 03 08 06 04 00 00 03 0B 06 04 00 00 04 00 06 04 00 00 09 02 03 04 06 0C 00 00 
msec 35
sysex 43 50 00 05 05 08 0D 09 09 02 03 05 0E 00 00 02 0A 02 09 00 00 03 03 04 03 00 00 09 0A 02 08 06 06 00 00 09 0C 03 04 05 0B 00 00 09 0D 03 08 06 04 00 00 03 0B 06 04 00 00 04 00 06 04 00 00 09 0E 04 04 05 0A 00 07 
msec 35
sysex 43 50 00 05 05 08 0E 09 0B 02 08 06 01 00 03 09 09 03 03 00 00 00 00 02 0A 00 00 00 00 02 03 00 00 00 02 09 0E 04 0E 02 0A 01 04 05 00 05 0C 05 05 04 04 00 00 00 08 04 0E 00 00 00 00 04 04 05 08 00 0F 04 0C 00 00 
msec 35
sysex 43 50 00 05 05 08 0F 01 04 09 09 02 0A 02 01 00 0A 02 0A 00 00 00 0C 09 0E 05 00 00 00 02 0D 04 04 00 00 00 08 04 04 05 09 05 05 09 09 02 0A 02 02 00 0A 02 0A 00 00 01 09 09 0E 04 04 00 00 00 07 04 04 05 05 02 01 
msec 35
sysex 43 50 00 05 05 08 10 09 0C 03 04 00 00 05 02 09 0E 04 04 00 00 00 03 09 09 02 06 06 08 00 00 02 0A 02 06 00 00 09 0C 03 0B 05 05 00 05 09 0B 03 04 06 01 00 00 09 0E 04 04 05 08 00 05 09 09 02 0A 00 00 00 00 02 06 
msec 35
sysex 43 50 00 05 05 08 11 00 00 00 00 09 0C 04 00 06 03 00 0A 04 04 06 0B 03 0C 09 0A 02 08 00 00 02 05 09 0E 04 04 00 00 00 08 04 04 05 03 00 02 09 0C 03 0B 00 00 00 0A 04 00 00 00 00 0A 04 04 00 00 00 0D 09 09 02 0A 
msec 35
sysex 43 50 00 05 05 08 12 01 0F 00 00 09 0B 03 08 05 05 00 0A 09 09 02 0A 00 00 03 0E 09 0E 04 04 00 00 00 08 04 04 05 05 05 00 09 09 02 0A 02 03 00 00 09 0B 03 0B 05 0E 00 0A 09 09 02 0A 00 00 00 0F 09 0E 04 04 00 00 
msec 35
sysex 43 50 00 05 05 08 13 00 07 04 04 05 02 06 04 09 0B 03 04 00 00 00 0A 02 08 00 00 00 03 09 0E 04 04 00 00 00 02 09 0B 03 08 00 00 00 05 03 0B 00 00 00 00 09 0E 04 04 05 05 00 08 09 09 02 03 05 0E 00 00 02 0A 02 06 
msec 35
sysex 43 50 00 05 05 08 14 00 00 09 0A 02 03 06 04 00 00 09 0C 03 04 05 05 00 02 09 0B 04 00 06 05 00 08 09 09 02 0A 00 00 00 00 02 03 00 00 06 01 09 0E 04 04 00 00 00 08 04 04 05 03 02 0D 09 09 02 0A 02 05 00 02 09 0B 
msec 35
sysex 43 50 00 05 05 08 15 03 0B 05 01 00 08 09 09 02 0A 00 00 03 09 09 0E 04 04 00 00 00 08 04 04 05 04 03 0C 09 00 05 00 00 00 01 09 09 09 02 0A 02 05 00 00 09 0B 03 08 05 00 00 0A 09 09 02 0A 00 00 01 04 09 0E 04 04 
msec 35
sysex 43 50 00 05 05 08 16 00 00 00 07 04 04 05 00 02 06 09 0C 03 04 00 00 01 04 09 02 03 04 00 00 03 02 09 0E 04 04 00 00 00 05 09 0B 03 0B 00 00 00 02 03 08 00 00 00 00 09 0E 04 04 05 03 00 08 09 09 02 06 06 08 00 00 
msec 35
sysex 43 50 00 05 05 08 17 02 0A 02 07 00 00 09 0B 04 00 00 00 00 00 09 0C 03 0B 05 06 00 02 09 0B 03 0B 05 0B 00 08 09 09 02 0A 00 00 00 00 02 06 00 00 00 00 09 0C 04 00 06 03 00 02 09 00 05 00 07 05 00 08 09 0C 04 04 
msec 35
sysex 43 50 00 05 05 08 18 06 0C 02 05 09 02 03 04 07 01 01 07 09 0A 02 03 00 00 02 00 09 0E 04 04 00 00 00 08 04 04 04 0E 00 07 09 0C 03 0B 00 00 00 0A 04 00 00 00 00 0A 04 04 00 00 00 0D 09 09 02 0A 02 00 00 07 09 0B 
msec 35
sysex 43 50 00 05 05 08 19 03 08 04 0C 00 03 09 09 02 0A 00 00 03 09 09 0E 04 04 00 00 00 08 04 04 05 00 05 05 09 09 02 0A 02 04 00 00 09 0B 03 04 04 01 00 0A 09 09 02 0A 00 00 01 06 09 0E 04 04 00 00 00 08 04 04 04 0D 
msec 35
sysex 43 50 00 05 05 08 1A 05 00 09 00 05 00 00 00 01 06 09 0B 03 08 00 00 00 00 03 0B 00 00 00 03 09 0E 04 04 00 00 00 02 09 0B 03 04 00 00 00 05 09 0E 04 04 05 02 00 08 09 09 02 03 05 0E 00 00 02 0A 02 09 00 00 09 0A 
msec 35
sysex 43 50 00 05 05 08 1B 02 08 05 0F 00 00 09 0C 03 04 05 08 00 02 09 0B 02 08 06 01 00 03 09 02 03 04 00 00 00 05 09 09 02 0A 00 00 00 00 02 03 00 00 01 01 09 00 05 00 06 0E 00 00 09 02 03 04 06 0A 05 00 09 0E 04 04 
msec 35
sysex 43 50 00 05 05 08 1C 00 00 00 08 04 04 04 0C 02 0D 09 09 02 0A 02 01 00 0A 02 0A 00 00 03 09 09 0E 04 04 00 00 00 08 04 04 05 02 05 05 09 09 02 0A 02 02 00 02 09 0B 03 08 04 0A 00 08 09 09 02 0A 00 00 00 0F 09 0E 
msec 35
sysex 43 50 00 05 05 08 1D 04 04 00 00 00 07 04 04 04 0A 02 0B 09 0C 03 04 00 00 01 04 09 00 05 00 00 00 00 00 09 02 03 04 00 00 03 09 09 0E 04 04 00 00 00 08 09 09 02 06 06 08 00 00 02 0A 02 06 00 00 09 0B 03 04 06 01 
msec 35
sysex 43 50 00 05 05 08 1E 00 00 09 0C 03 0B 04 0F 00 00 09 0E 04 04 04 0A 00 0A 09 09 02 0A 00 00 00 00 02 06 00 00 00 00 09 0C 04 00 06 02 00 0A 04 04 06 0A 00 02 09 00 05 00 06 0D 00 00 09 02 03 04 06 09 03 0A 09 0A 
msec 35
sysex 43 50 00 05 05 08 1F 02 08 00 00 01 0E 09 0E 04 04 00 00 00 05 04 04 04 04 00 0C 09 0C 03 0B 00 00 00 0A 04 00 00 00 00 0A 04 04 00 00 00 03 09 0B 03 08 00 00 00 0A 09 09 02 0A 01 0F 00 07 09 0B 03 08 05 05 00 03 
msec 35
sysex 43 50 00 05 05 08 20 09 09 02 0A 00 00 03 09 09 0E 04 04 00 00 00 08 04 04 04 0B 05 05 09 09 02 0A 02 03 00 00 09 0B 03 0B 05 0E 00 0A 09 09 02 0A 00 00 07 05 09 0B 03 04 00 00 00 0A 02 08 00 00 00 0F 03 0B 00 00 
msec 35
sysex 43 50 00 05 05 08 21 00 03 03 08 00 00 00 05 09 09 02 03 05 0E 00 00 02 0A 02 06 00 00 09 0A 02 03 06 00 00 00 09 0C 03 04 05 08 00 07 09 0B 04 00 06 05 00 03 09 09 02 0A 00 00 00 00 02 03 00 00 00 02 09 00 05 00 
msec 35
sysex 43 50 00 05 05 08 22 00 00 00 00 09 02 03 04 00 00 00 08 09 00 05 01 06 0D 00 00 09 02 03 06 06 09 08 01 00 0C 09 09 02 0A 02 05 00 05 09 0B 03 0B 05 01 00 05 09 09 02 0A 00 00 08 01 01 06 02 0A 02 05 00 07 09 0B 
msec 35
sysex 43 50 00 05 05 08 23 03 08 05 00 00 03 09 09 02 0A 00 00 04 01 09 0C 03 04 00 00 03 0E 09 00 05 01 00 00 00 00 09 02 03 06 00 00 00 0F 09 0B 03 0B 00 00 00 08 09 09 02 06 06 08 00 00 02 0A 02 07 00 00 09 0B 03 08 
msec 35
sysex 43 50 00 05 05 08 24 00 00 00 00 09 0C 03 0B 05 09 00 05 09 00 05 03 06 0E 00 00 09 02 03 08 06 0A 00 00 09 0B 04 00 00 00 00 00 03 0B 05 0B 00 05 09 09 02 0A 00 00 00 00 02 06 00 00 00 00 09 0C 04 00 06 05 00 0A 
msec 35
sysex 43 50 00 05 05 08 25 04 04 06 08 03 0C 09 0A 02 03 00 00 02 0F 09 0C 03 0B 00 00 00 0A 04 00 00 00 00 0A 04 04 00 00 00 0D 09 09 02 0A 02 00 00 02 09 0B 03 08 04 0C 00 08 09 09 02 0A 00 00 08 01 01 06 02 0A 02 04 
msec 35
sysex 43 50 00 05 05 08 26 00 05 09 0B 03 04 04 01 00 05 09 09 02 0A 00 00 01 04 09 0E 04 04 00 00 06 0B 09 0B 03 08 00 00 00 08 03 0B 00 00 00 07 09 01 04 00 00 00 00 00 03 0B 00 00 00 00 03 08 00 00 00 00 09 0B 03 04 
msec 35
sysex 43 50 00 05 05 08 27 00 00 00 00 09 0D 04 00 00 00 00 00 03 0B 00 00 00 00 03 08 00 00 00 08 09 01 03 0B 06 04 00 00 03 0F 06 04 00 00 04 02 06 04 00 00 09 09 02 03 05 0E 00 00 02 0A 02 09 00 00 09 0A 02 0A 06 02 
msec 35
sysex 43 50 00 05 05 08 28 00 00 09 0C 02 0F 05 0B 00 00 09 0D 03 0B 06 04 00 00 03 0F 06 04 00 00 04 02 06 04 00 02 09 00 05 03 00 00 00 00 09 02 03 08 00 00 00 03 09 0B 02 0F 06 01 00 05 09 00 05 01 06 09 00 00 09 09 
msec 35
sysex 43 50 00 05 05 08 29 02 0A 00 00 00 00 02 03 00 00 01 0E 09 02 03 06 06 05 07 08 09 09 02 0A 02 01 00 0A 02 0A 00 00 08 01 01 06 02 0A 02 02 00 05 09 0B 03 06 04 0A 00 05 09 09 02 0A 00 00 04 01 09 0C 02 0F 00 00 
msec 35
sysex 43 50 00 05 05 08 2A 05 05 09 09 02 06 06 08 00 00 02 0A 02 06 00 00 09 0C 03 0B 05 05 00 00 0F 0F 07 0F 00 07 04 03 07 0B 00 01 03 07 00 00 07 0F 07 0F 00 07 09 0B 03 03 06 01 00 03 09 09 02 0A 00 00 00 00 02 06 
msec 35
sysex 43 50 00 05 05 08 2B 00 00 00 00 09 0C 04 02 06 03 00 0A 04 05 06 0B 03 0C 09 0A 02 0A 00 00 02 0F 09 0C 03 0B 00 00 00 0A 04 02 00 00 00 0A 04 05 00 00 00 05 09 0B 03 06 00 00 00 08 09 09 02 0A 01 0F 00 02 09 0B 
msec 35
sysex 43 50 00 05 05 08 2C 03 06 05 05 00 08 09 09 02 0A 00 00 08 01 01 06 02 0A 02 03 00 02 09 0B 03 0B 06 04 00 08 09 09 02 0A 00 00 07 0D 09 0B 03 03 00 00 00 05 02 0F 00 00 00 0A 03 06 00 00 00 05 03 0B 00 00 00 05 
msec 35
sysex 43 50 00 05 05 08 2D 09 09 02 03 05 0E 00 00 02 0A 02 06 00 00 09 0A 02 03 06 00 00 00 09 0C 02 0F 05 05 00 07 09 0B 04 02 06 05 00 03 09 09 02 0A 00 00 00 00 02 03 00 00 08 01 01 06 02 0A 02 05 00 00 09 0B 03 0B 
msec 35
sysex 43 50 00 05 05 08 2E 05 01 00 0A 09 09 02 0A 00 00 08 01 01 06 02 0A 02 05 00 00 09 0B 03 06 05 00 00 0A 09 09 02 0A 00 00 04 01 09 0C 02 0F 00 00 04 08 09 0B 03 0B 00 00 00 05 03 06 00 00 00 08 09 09 02 06 06 08 
msec 35
sysex 43 50 00 05 05 08 2F 00 00 02 0A 02 07 00 00 09 0B 03 0F 05 0B 00 00 09 0C 03 0B 05 06 00 05 09 0B 04 02 00 00 00 05 09 09 02 0A 00 00 00 00 02 06 00 00 00 00 09 0C 04 02 06 03 00 0A 04 05 06 0C 03 0C 09 0A 02 03 
msec 35
sysex 43 50 00 05 05 08 30 00 00 02 0F 09 0C 03 0B 00 00 00 0A 04 02 00 00 00 0A 04 05 00 00 00 0D 09 09 02 0A 02 00 00 00 09 0B 03 0B 04 0C 00 0A 09 09 02 0A 00 00 08 01 01 06 02 0A 02 04 00 07 09 0B 03 03 04 01 00 03 
msec 35
sysex 43 50 00 05 05 08 31 09 09 02 0A 00 00 02 05 09 00 05 01 00 00 01 0E 09 02 03 06 00 00 03 0A 09 0B 03 0B 00 00 00 05 03 0F 00 00 00 0F 03 03 00 00 00 00 09 0E 04 0E 07 0A 00 05 09 09 02 03 05 0E 00 00 02 0A 02 09 
msec 35
sysex 43 50 00 05 05 08 32 00 00 09 0A 02 0A 06 05 00 00 09 0C 02 0F 05 0B 00 05 09 0B 02 0F 06 01 00 02 09 0E 05 01 06 0C 00 03 09 09 02 0A 00 00 00 00 02 03 00 00 08 01 01 06 02 0A 02 01 00 00 09 0E 05 00 05 0E 00 07 
msec 35
sysex 43 50 00 05 05 08 33 05 03 04 0C 00 03 09 09 02 0A 00 00 00 0F 09 0E 05 01 00 00 00 05 04 0E 00 00 07 0D 04 0E 05 02 00 05 09 09 02 0A 02 02 00 02 09 0E 05 01 04 05 00 03 09 0B 03 06 04 0A 00 05 09 09 02 0A 00 00 
msec 35
sysex 43 50 00 05 05 08 34 00 05 09 0E 05 03 00 00 01 0B 05 00 00 00 02 01 09 0C 02 0F 00 00 04 08 09 0E 04 0E 00 00 00 03 04 0C 06 0C 00 0A 09 09 02 06 06 08 00 00 02 0A 02 06 00 00 09 0C 03 0B 05 05 00 02 09 0E 05 00 
msec 35
sysex 43 50 00 05 05 08 35 06 0C 00 03 05 01 00 00 00 02 09 0B 03 03 06 01 00 03 09 09 02 0A 00 00 00 00 02 06 00 00 00 00 09 0C 04 02 06 03 00 0A 04 05 06 0B 03 0C 09 0A 02 0A 00 00 02 0F 09 0C 03 0B 00 00 00 05 09 0E 
msec 35
sysex 43 50 00 05 05 08 36 05 00 00 00 00 05 09 0C 04 02 00 00 00 0A 04 05 00 00 00 03 09 0E 04 0E 06 00 00 02 09 0B 03 06 00 00 00 05 09 0E 05 01 04 0E 00 03 09 09 02 0A 01 0F 00 02 09 0B 03 06 05 05 00 08 09 09 02 0A 
msec 35
sysex 43 50 00 05 05 08 37 00 00 00 0A 09 0E 04 0C 00 00 08 01 00 04 04 0C 05 05 00 03 04 0E 00 00 00 02 05 00 04 04 00 03 09 09 02 0A 02 03 00 02 09 0B 03 0B 06 04 00 08 09 09 02 0A 00 00 00 02 09 0E 05 01 00 00 07 01 
msec 35
sysex 43 50 00 05 05 08 38 05 00 00 00 00 0A 09 0B 03 03 00 00 00 05 02 0F 00 00 00 0A 03 06 00 00 00 05 03 0B 00 00 00 00 09 0E 04 0B 06 0D 00 02 04 0E 05 0E 00 03 09 09 02 03 05 0E 00 00 02 0A 02 06 00 00 09 0A 02 03 
msec 35
sysex 43 50 00 05 05 08 39 06 03 00 00 09 0C 02 0F 05 05 00 07 09 0B 04 02 06 05 00 03 09 09 02 0A 00 00 00 00 02 03 00 00 01 04 09 0E 04 0C 00 00 07 0A 05 00 04 0D 00 08 09 09 02 0A 02 05 00 00 09 0B 03 0B 05 01 00 02 
msec 35
sysex 43 50 00 05 05 08 3A 09 0E 04 0C 05 08 00 08 09 09 02 0A 00 00 00 00 09 0E 04 0E 00 00 00 07 04 0B 00 00 08 01 00 0A 04 0B 05 0F 00 00 04 0E 04 02 00 05 09 09 02 0A 02 05 00 00 09 0B 03 06 05 00 00 0A 09 09 02 0A 
msec 35
sysex 43 50 00 05 05 08 3B 00 00 01 04 09 0E 04 0C 00 00 00 07 05 00 00 00 02 06 09 0C 02 0F 00 00 03 09 09 0E 04 0E 00 00 00 0F 09 0B 03 0B 00 00 00 03 09 0E 04 0C 06 00 00 02 09 0B 03 06 00 00 00 05 09 0E 04 09 06 0F 
msec 35
sysex 43 50 00 05 05 08 3C 00 03 09 09 02 06 06 08 00 00 02 0A 02 07 00 00 09 0B 03 0F 05 0B 00 00 09 0C 03 0B 05 06 00 05 09 0B 04 02 00 00 00 05 09 09 02 0A 00 00 00 00 02 06 00 00 00 00 09 0C 04 02 06 03 00 0A 04 05 
msec 35
sysex 43 50 00 05 05 08 3D 06 0C 00 05 09 0E 04 0B 00 00 03 07 09 0A 02 03 00 00 02 0F 09 0C 03 0B 00 00 00 0A 04 02 00 00 00 05 09 0E 04 0E 05 01 00 05 09 0C 04 05 00 00 00 03 09 0E 04 09 00 00 00 05 04 0B 05 0C 00 05 
msec 35
sysex 43 50 00 05 05 08 3E 09 09 02 0A 02 00 00 00 09 0B 03 0B 04 0C 00 05 09 0E 04 0C 00 00 00 05 09 09 02 0A 00 00 08 01 00 02 09 0E 04 0E 00 00 00 07 04 0C 04 08 00 0A 04 09 05 05 00 03 09 09 02 0A 02 04 00 07 09 0B 
msec 35
sysex 43 50 00 05 05 08 3F 03 03 04 01 00 03 09 09 02 0A 00 00 00 0A 09 0E 04 0B 00 00 06 0E 04 09 00 00 00 05 09 0B 03 0B 00 00 00 05 03 0F 00 00 00 07 09 0E 04 0C 00 00 00 05 09 01 04 02 00 00 00 00 03 0F 00 00 00 00 
msec 35
sysex 43 50 00 05 05 08 40 03 0B 00 00 00 00 09 0D 04 02 00 00 00 00 03 0F 00 00 00 00 03 0B 00 00 00 03 09 0B 03 03 00 00 00 00 09 0E 04 0B 05 0E 00 05 09 01 03 0B 06 04 00 00 03 0F 06 04 00 00 04 02 06 04 00 00 09 09 
msec 35
sysex 43 50 00 05 05 08 41 02 03 05 0E 00 00 02 0A 02 09 00 00 09 0A 02 0F 06 05 00 00 09 0C 02 0F 05 0B 00 00 09 0D 03 0B 06 04 00 00 03 0F 06 04 00 00 04 02 06 04 00 02 09 00 05 07 06 09 00 00 09 0B 02 0F 06 00 00 00 
msec 35
sysex 43 50 00 05 05 08 42 09 0E 04 07 06 09 00 08 09 09 02 0A 00 00 00 00 02 03 00 00 00 07 09 02 03 0B 06 05 08 01 00 0F 09 09 02 0A 02 01 00 0A 02 0A 00 00 08 01 01 06 02 0A 02 02 00 0A 02 0A 00 00 04 01 09 0C 02 0F 
msec 35
sysex 43 50 00 05 05 08 43 00 00 00 02 09 0E 04 0B 00 00 05 03 09 09 02 06 06 08 00 00 02 0A 02 06 00 00 09 0C 03 0B 05 05 00 02 09 0B 03 03 06 01 00 08 09 09 02 0A 00 00 00 00 02 06 00 00 00 00 09 0C 04 02 06 03 00 0A 
msec 35
sysex 43 50 00 05 05 08 44 04 05 06 0B 03 0C 09 0A 02 0F 00 00 02 0F 09 0C 03 0B 00 00 00 0A 04 02 00 00 00 0A 04 05 00 00 00 0D 09 09 02 0A 01 0F 00 00 09 0B 03 06 05 05 00 0A 09 09 02 0A 00 00 08 01 01 06 02 0A 02 03 
msec 35
sysex 43 50 00 05 05 08 45 00 05 09 0B 03 0B 05 0E 00 05 09 09 02 0A 00 00 02 00 09 0E 04 07 00 00 05 08 09 0B 03 03 00 00 00 07 02 0F 00 00 00 0A 03 06 00 00 00 0A 03 0B 00 00 00 03 09 09 02 03 05 0E 00 00 02 0A 02 06 
msec 35
sysex 43 50 00 05 05 08 46 00 00 09 0A 02 0A 06 02 00 00 09 0C 02 0F 05 05 00 05 09 0B 03 0F 06 05 00 05 09 09 02 0A 00 00 00 00 02 03 00 00 08 01 01 06 02 0A 02 05 00 07 09 0B 03 0B 05 01 00 03 09 09 02 0A 00 00 08 01 
msec 35
sysex 43 50 00 05 05 08 47 01 06 02 0A 02 05 00 05 09 0B 03 06 05 00 00 05 09 09 02 0A 00 00 04 01 09 0C 02 0F 00 00 02 03 09 00 05 07 00 00 00 0F 09 02 03 0B 00 00 01 0E 09 0B 03 0B 00 00 00 02 03 06 00 00 00 03 09 09 
msec 35
sysex 43 50 00 05 05 08 48 02 06 06 08 00 00 02 0A 02 07 00 00 09 0B 03 0B 05 0B 00 00 09 0C 03 0B 05 06 00 02 09 0B 03 0F 00 00 00 05 09 00 05 05 06 07 00 00 09 02 03 09 06 03 00 03 09 09 02 0A 00 00 00 00 02 06 00 00 
msec 35
sysex 43 50 00 05 05 08 49 00 00 09 0C 04 02 06 03 00 0A 04 05 06 0C 03 0C 09 0A 02 0A 00 00 02 0F 09 0C 03 0B 00 00 00 0A 04 02 00 00 00 0A 04 05 00 00 00 0D 09 09 02 0A 02 00 00 05 09 0B 03 06 04 0C 00 05 09 09 02 0A 
msec 35
sysex 43 50 00 05 05 08 4A 00 00 08 01 01 06 02 0A 02 04 00 07 09 0B 03 03 04 01 00 03 09 09 02 0A 00 00 08 01 00 02 09 0B 03 06 00 00 00 00 03 0B 00 00 00 0A 09 00 05 05 00 00 00 00 09 02 03 09 00 00 00 05 09 0B 03 03 
msec 35
sysex 43 50 00 05 05 08 4B 00 00 00 05 09 00 05 03 07 02 00 00 09 09 02 03 05 0E 00 00 02 0A 02 09 00 00 09 0A 02 0F 06 05 00 00 09 0C 02 0F 05 0B 00 02 09 0B 02 0F 06 00 00 03 09 02 03 08 06 0E 00 05 09 09 02 0A 00 00 
msec 35
sysex 43 50 00 05 05 08 4C 00 00 02 03 00 00 08 01 01 06 02 0A 02 01 00 0A 02 0A 00 00 08 01 00 0E 09 00 05 03 00 00 00 05 09 02 03 08 00 00 00 03 09 09 02 0A 02 02 00 02 09 00 05 05 07 00 00 00 09 0B 03 06 04 0A 00 08 
msec 35
sysex 43 50 00 05 05 08 4D 09 09 02 0A 00 00 00 0C 09 02 03 09 06 0C 03 05 09 0C 02 0F 00 00 05 05 09 09 02 06 06 08 00 00 02 0A 02 06 00 00 09 0C 03 0B 05 05 00 07 09 0B 03 03 06 01 00 03 09 09 02 0A 00 00 00 00 02 06 
msec 35
sysex 43 50 00 05 05 08 4E 00 00 00 00 09 0C 04 02 06 03 00 0A 04 05 06 0B 03 0C 09 0A 02 0F 00 00 02 0F 09 0C 03 0B 00 00 00 0A 04 02 00 00 00 0A 04 05 00 00 00 03 09 0B 03 06 00 00 00 02 09 00 05 05 00 00 00 08 05 03 
msec 35
sysex 43 50 00 05 05 08 4F 06 09 00 00 09 09 02 0A 01 0F 00 02 09 0B 03 06 05 05 00 05 09 02 03 08 06 05 00 03 09 09 02 0A 00 00 00 02 09 02 03 09 00 00 08 01 01 04 09 09 02 0A 02 03 00 07 09 0B 03 0B 05 0E 00 03 09 09 
msec 35
sysex 43 50 00 05 05 08 50 02 0A 00 00 07 0D 09 0B 03 03 00 00 00 02 02 0F 00 00 00 0D 03 06 00 00 00 02 09 00 05 03 00 00 00 08 09 02 03 08 00 00 00 00 09 09 02 03 05 0E 00 00 02 0A 02 06 00 00 09 0A 02 0A 06 02 00 00 
msec 35
sysex 43 50 00 05 05 08 51 09 0B 03 0B 00 00 00 00 09 0C 02 0F 05 05 00 07 09 0B 03 0F 06 05 00 03 09 09 02 0A 00 00 00 00 02 03 00 00 00 05 09 00 05 01 06 0D 00 00 09 02 03 06 06 09 08 01 01 01 09 09 02 0A 02 05 00 07 
msec 35
sysex 43 50 00 05 05 08 52 09 0B 03 0B 05 01 00 03 09 09 02 0A 00 00 08 01 01 06 02 0A 02 05 00 07 09 0B 03 06 05 00 00 03 09 09 02 0A 00 00 04 01 09 0C 02 0F 00 00 05 00 09 0B 03 0B 00 00 00 05 09 09 02 06 06 08 00 00 
msec 35
sysex 43 50 00 05 05 08 53 02 0A 02 07 00 00 09 0B 03 06 00 00 00 00 09 0C 03 0B 05 06 00 05 09 0B 03 0F 00 00 00 02 03 0B 05 0B 00 03 09 09 02 0A 00 00 00 00 02 06 00 00 00 00 09 0C 04 02 06 03 00 0A 04 05 06 0C 03 0C 
msec 35
sysex 43 50 00 05 05 08 54 09 0A 02 0A 00 00 02 0F 09 0C 03 0B 00 00 00 0A 04 02 00 00 00 0A 04 05 00 00 00 0D 09 09 02 0A 02 00 00 05 09 0B 03 06 04 0C 00 05 09 09 02 0A 00 00 08 01 01 06 02 0A 02 04 00 07 09 0B 03 03 
msec 35
sysex 43 50 00 05 05 08 55 04 01 00 03 09 09 02 0A 00 00 06 06 09 00 05 01 00 00 00 00 09 02 03 06 00 00 01 0C 09 0B 03 06 00 00 00 07 03 0B 00 00 00 05 09 01 04 02 00 00 00 00 03 0F 00 00 00 00 03 0B 00 00 00 00 09 0D 
msec 35
sysex 43 50 00 05 05 08 56 04 02 00 00 00 00 03 0F 00 00 00 00 03 0B 00 00 00 03 09 0B 03 03 00 00 00 05 09 01 03 0D 06 04 00 00 04 00 06 04 00 00 04 05 06 04 00 00 09 09 02 03 05 0E 00 00 02 0A 02 09 00 00 09 0A 02 0D 
msec 35
sysex 43 50 00 05 05 08 57 06 07 00 00 09 0C 02 0D 05 0B 00 00 09 0D 03 0D 06 04 00 00 04 00 06 04 00 00 04 05 06 04 00 07 09 00 05 05 07 02 00 00 09 0B 02 0D 06 00 00 03 09 09 02 0A 00 00 00 00 02 03 00 00 01 04 09 02 
msec 35
sysex 43 50 00 05 05 08 58 03 09 06 0E 08 01 00 02 09 09 02 0A 02 01 00 0A 02 0A 00 00 08 01 01 06 02 0A 02 02 00 02 09 0B 03 04 04 0A 00 08 09 09 02 0A 00 00 04 01 09 0C 02 0D 00 00 05 05 09 09 02 06 06 08 00 00 02 0A 
msec 35
sysex 43 50 00 05 05 08 59 02 06 00 00 09 0B 03 01 06 01 00 00 09 0C 03 0D 05 05 00 00 0F 0F 07 0F 00 07 04 03 07 0B 00 01 03 06 00 00 07 0F 07 0F 00 0A 09 09 02 0A 00 00 00 00 02 06 00 00 00 00 09 0C 04 00 06 03 00 0A 
msec 35
sysex 43 50 00 05 05 08 5A 04 05 06 0B 06 0B 03 0D 00 00 00 0A 04 00 00 00 00 0A 04 05 00 00 00 03 09 0B 03 04 00 00 00 0A 09 09 02 0A 01 0F 00 00 09 0B 03 04 05 05 00 0A 09 09 02 0A 00 00 01 0E 09 0A 02 0D 00 00 07 08 
msec 35
sysex 43 50 00 05 05 08 5B 09 09 02 0A 02 03 00 00 09 0B 03 09 06 04 00 0A 09 09 02 0A 00 00 07 05 09 0B 03 01 00 00 00 0F 02 0D 00 00 00 05 03 04 00 00 00 05 09 01 04 05 00 00 00 00 03 0D 00 00 00 00 09 0B 03 09 00 00 
msec 35
sysex 43 50 00 05 05 08 5C 00 00 09 0D 04 05 00 00 00 00 03 0D 00 00 00 05 09 00 05 05 00 00 00 03 09 01 03 0B 06 04 00 00 04 04 06 04 00 00 09 09 02 03 05 0E 00 00 02 0A 02 06 00 00 09 0A 02 0C 06 00 00 00 09 0C 02 0C 
msec 35
sysex 43 50 00 05 05 08 5D 05 05 00 00 09 0D 03 0B 06 04 00 00 04 04 06 04 00 00 0F 0F 07 0F 00 07 04 03 07 0B 00 01 03 03 00 00 07 0F 07 0F 00 05 09 00 05 03 07 02 00 02 09 0B 04 00 06 04 00 03 09 09 02 0A 00 00 00 00 
msec 35
sysex 43 50 00 05 05 08 5E 02 03 00 00 00 07 09 02 03 08 06 0E 00 03 03 09 00 00 08 01 00 0C 09 09 02 0A 02 05 00 02 09 0B 03 0B 05 01 00 08 09 09 02 0A 00 00 08 01 01 06 02 0A 02 05 00 07 09 0B 03 08 05 00 00 03 09 09 
msec 35
sysex 43 50 00 05 05 08 5F 02 0A 00 00 04 01 09 0C 02 0C 00 00 04 01 09 0B 04 00 00 00 00 0A 03 0B 00 00 00 0A 09 09 02 06 06 08 00 00 02 0A 02 07 00 00 09 0B 03 08 00 00 00 00 03 0B 05 0A 00 00 09 0C 03 0B 05 06 00 0A 
msec 35
sysex 43 50 00 05 05 08 60 09 09 02 0A 00 00 00 00 02 06 00 00 00 00 09 0C 04 00 06 03 00 0A 04 04 06 0C 06 0B 03 0B 00 00 00 0A 04 00 00 00 00 0A 04 04 00 00 00 0D 09 09 02 0A 02 00 00 07 09 0B 03 08 04 0C 00 03 09 09 
msec 35
sysex 43 50 00 05 05 08 61 02 0A 00 00 01 0E 09 0A 02 0C 00 00 07 08 09 09 02 0A 02 04 00 05 09 0B 03 04 04 01 00 05 09 09 02 0A 00 00 07 00 09 0B 03 0B 00 00 01 04 03 08 00 00 00 0A 09 00 05 03 00 00 00 00 09 01 04 04 
msec 35
sysex 43 50 00 05 05 08 62 00 00 00 00 03 0B 00 00 00 00 04 00 00 00 00 00 09 0B 03 04 00 00 00 00 09 0D 04 04 00 00 00 00 03 0B 00 00 00 00 04 00 00 00 00 08 09 00 05 01 07 02 00 00 09 01 03 0B 06 04 00 00 03 0F 06 04 
msec 35
sysex 43 50 00 05 05 08 63 00 00 04 02 06 04 00 00 09 09 02 03 05 0E 00 00 02 0A 02 09 00 00 09 0A 02 0A 06 05 00 00 09 0C 02 0A 05 0B 00 00 09 0D 03 0B 06 04 00 00 03 0F 06 04 00 00 04 02 06 04 00 02 09 0B 02 0F 06 00 
msec 35
sysex 43 50 00 05 05 08 64 00 03 09 02 03 08 00 00 00 00 03 06 06 0E 00 05 09 09 02 0A 00 00 00 00 02 03 00 00 08 01 01 06 02 0A 02 01 00 0A 02 0A 00 00 08 01 00 0E 09 00 05 01 00 00 00 05 09 02 03 06 00 00 00 03 09 09 
msec 35
sysex 43 50 00 05 05 08 65 02 06 03 0C 00 00 02 0A 02 02 00 02 09 00 05 03 07 00 00 00 09 0B 03 06 04 0A 00 08 09 09 02 0A 00 00 00 00 02 06 00 00 00 0C 09 02 03 08 06 0C 03 05 09 0C 02 0A 00 00 00 05 09 09 02 06 04 0C 
msec 35
sysex 43 50 00 05 05 08 66 00 0A 02 06 00 00 04 06 02 06 06 08 00 00 02 0A 02 06 00 00 09 0C 03 0B 05 05 00 00 0F 0F 07 0F 00 07 04 03 07 0B 00 01 03 07 00 00 07 0F 07 0F 00 07 09 0B 03 03 06 01 00 03 09 09 02 0A 00 00 
msec 35
sysex 43 50 00 05 05 08 67 00 00 02 06 00 00 00 00 09 0C 03 0F 06 03 00 0A 04 02 06 0B 06 0B 03 0B 00 00 00 0A 03 0F 00 00 00 0A 04 02 00 00 00 03 09 0B 03 06 00 00 00 02 09 00 05 03 00 00 00 08 05 01 06 09 00 00 09 09 
msec 35
sysex 43 50 00 05 05 08 68 02 0A 01 0F 00 02 09 0B 03 06 05 05 00 05 09 02 03 06 06 05 00 03 09 09 02 0A 00 00 00 02 09 02 03 08 00 00 01 0C 09 0A 02 0A 00 00 07 08 09 09 02 06 05 0C 00 00 02 0A 02 03 00 07 09 0B 03 0B 
msec 35
sysex 43 50 00 05 05 08 69 05 0E 00 03 09 09 02 0A 00 00 00 00 02 06 00 00 07 0D 09 0B 03 03 00 00 00 02 02 0F 00 00 00 0D 03 06 00 00 00 02 09 00 05 01 00 00 00 00 09 01 04 02 00 00 00 00 03 0F 00 00 00 00 03 0B 00 00 
msec 35
sysex 43 50 00 05 05 08 6A 00 00 09 0D 04 02 00 00 00 00 03 0F 00 00 00 00 03 0B 00 00 00 08 09 01 03 08 06 04 00 00 03 0B 06 04 00 00 04 00 06 04 00 00 09 02 03 06 00 00 00 00 09 09 02 03 05 0E 00 00 02 0A 02 06 00 00 
msec 35
sysex 43 50 00 05 05 08 6B 09 0A 02 08 06 02 00 00 09 0B 03 0B 00 00 00 00 09 0C 02 08 05 05 00 00 09 0D 03 08 06 04 00 00 03 0B 06 04 00 00 04 00 06 04 00 00 0F 0F 07 0F 00 07 04 03 07 0B 00 01 03 03 00 00 07 0F 07 0F 
msec 35
sysex 43 50 00 05 05 08 6C 00 07 09 00 05 00 06 07 00 00 09 02 03 04 06 03 00 00 09 0B 04 00 06 05 00 03 09 09 02 0A 00 00 00 00 02 03 00 00 08 01 01 06 02 0A 02 05 00 07 09 0B 03 0B 05 01 00 03 09 09 02 0A 00 00 08 01 
msec 35
sysex 43 50 00 05 05 08 6D 01 06 02 0A 02 05 00 00 03 00 04 08 00 07 09 0B 03 08 05 00 00 03 09 09 03 00 00 00 00 00 02 0A 00 00 04 01 09 0C 02 08 00 00 05 00 09 0B 03 0B 00 00 00 05 09 09 02 06 06 08 00 00 02 0A 02 07 
msec 35
sysex 43 50 00 05 05 08 6E 00 00 02 0D 04 0E 00 00 09 0B 03 08 00 00 00 00 09 0C 03 0B 05 06 00 05 09 0B 04 00 00 00 00 02 03 0B 05 0B 00 03 09 09 02 0D 00 00 00 00 02 0A 00 00 00 00 02 06 00 00 00 00 09 0C 04 00 06 03 
msec 35
sysex 43 50 00 05 05 08 6F 00 0A 04 04 06 0C 06 0B 03 0B 00 00 00 0A 04 00 00 00 00 0A 04 04 00 00 00 0D 09 09 02 0A 02 00 00 00 02 0D 03 05 00 02 09 00 05 00 00 00 00 00 09 02 03 04 00 00 00 03 09 0B 03 08 04 0C 00 05 
msec 35
sysex 43 50 00 05 05 08 70 09 09 02 0D 00 00 00 00 02 0A 00 00 01 0E 09 0A 02 08 00 00 07 08 09 09 02 0A 02 04 00 00 02 0D 04 02 00 07 09 0B 03 04 04 01 00 03 09 09 02 0D 00 00 00 00 02 0A 00 00 08 01 00 02 09 0B 03 08 
msec 35
sysex 43 50 00 05 05 08 71 00 00 00 07 03 0B 00 00 00 05 09 01 04 00 00 00 00 00 03 0B 00 00 00 00 03 08 00 00 00 00 09 0D 04 00 00 00 00 00 03 0B 00 00 00 00 03 08 00 00 00 03 09 0B 03 04 00 00 00 05 09 00 05 00 07 00 
msec 35
sysex 43 50 00 05 05 08 72 00 00 09 01 03 0B 06 04 00 00 04 00 06 04 00 00 04 04 07 0A 00 00 09 02 03 04 06 0C 00 00 09 09 02 03 05 0E 00 00 02 0A 02 09 00 00 09 0A 02 08 06 06 00 00 09 0C 03 04 05 0B 00 00 09 0D 03 0B 
msec 35
sysex 43 50 00 05 05 08 73 06 04 00 00 04 00 06 04 00 00 04 04 07 0A 00 00 09 0E 04 04 06 0A 00 07 09 0B 02 08 06 01 00 03 09 09 02 0A 00 00 00 00 02 03 00 00 05 0F 09 0E 04 04 00 00 00 07 04 04 05 0F 03 00 09 09 02 0A 
msec 35
sysex 43 50 00 05 05 08 74 02 01 00 0A 02 0A 00 00 04 03 09 0E 04 04 00 00 00 08 04 04 06 06 04 0B 09 09 02 0A 02 02 00 0A 02 0A 00 00 01 0B 09 0E 04 04 00 00 00 08 04 04 05 0F 01 0E 09 0C 03 04 00 00 04 08 09 0E 04 04 
msec 35
sysex 43 50 00 05 05 08 75 00 00 00 08 04 04 06 04 00 05 09 09 02 06 06 08 00 00 02 0A 02 06 00 00 09 0C 03 0B 05 05 00 05 09 0B 03 04 06 01 00 05 09 09 02 0A 00 00 00 00 02 06 00 00 00 00 09 0C 04 00 06 03 00 0A 04 04 
msec 35
sysex 43 50 00 05 05 08 76 06 0B 03 0C 09 0A 02 08 00 00 02 00 09 0E 04 04 00 00 00 08 04 04 05 0D 00 07 09 0C 03 0B 00 00 00 0A 04 00 00 00 00 0A 04 04 00 00 00 0D 09 09 02 0A 01 0F 00 00 09 0B 03 08 05 05 00 0A 09 09 
msec 35
sysex 43 50 00 05 05 08 77 02 0A 00 00 04 03 09 0E 04 04 00 00 00 08 04 04 05 0F 04 0B 09 09 02 0A 02 03 00 00 09 0B 03 0B 05 0E 00 0A 09 09 02 0A 00 00 01 06 09 0E 04 04 00 00 00 08 04 04 05 0B 05 0C 09 0B 03 04 00 00 
msec 35
sysex 43 50 00 05 05 08 78 00 0A 02 08 00 00 00 05 03 08 00 00 00 00 09 0E 04 04 00 00 00 05 09 0B 03 0B 00 00 00 03 09 0E 04 04 05 0F 00 05 09 09 02 03 05 0E 00 00 02 0A 02 06 00 00 09 0A 02 03 06 04 00 00 09 0C 03 04 
msec 35
sysex 43 50 00 05 05 08 79 05 05 00 02 09 0B 04 00 06 05 00 08 09 09 02 0A 00 00 00 00 02 03 00 00 06 0B 09 0E 04 04 00 00 00 08 04 04 05 0D 02 03 09 09 02 0A 02 05 00 02 09 0B 03 0B 05 01 00 08 09 09 02 0A 00 00 03 0C 
msec 35
sysex 43 50 00 05 05 08 7A 09 0E 04 04 00 00 00 07 04 04 05 0F 03 0A 09 00 05 00 00 00 01 09 09 09 02 0A 02 05 00 00 09 0B 03 08 05 00 00 0A 09 09 02 0A 00 00 01 09 09 0E 04 04 00 00 00 07 04 04 05 0B 02 01 09 0C 03 04 
msec 35
sysex 43 50 00 05 05 08 7B 00 00 04 08 09 0E 04 04 00 00 00 03 09 0B 03 0B 00 00 00 02 03 08 00 00 00 03 09 0E 04 04 05 0F 00 02 09 02 03 04 00 00 00 03 09 09 02 06 06 08 00 00 02 0A 02 07 00 00 09 0B 04 00 00 00 00 00 
msec 35
sysex 43 50 00 05 05 08 7C 09 0C 03 0B 05 06 00 02 09 0B 03 0B 05 0B 00 08 09 09 02 0A 00 00 00 00 02 06 00 00 00 00 09 0C 04 00 06 03 00 02 09 00 05 00 07 05 00 00 09 02 03 04 06 07 00 08 09 0C 04 04 06 0C 03 0C 09 0A 
msec 35
sysex 43 50 00 05 05 08 7D 02 03 00 00 02 03 09 0E 04 04 00 00 00 07 04 04 05 0B 00 05 09 0C 03 0B 00 00 00 0A 04 00 00 00 00 0A 04 04 00 00 00 0D 09 09 02 0A 02 00 00 07 09 0B 03 08 04 0C 00 03 09 09 02 0A 00 00 03 0C 
msec 35
sysex 43 50 00 05 05 08 7E 09 0E 04 04 00 00 00 07 04 04 05 0D 05 03 09 09 02 0A 02 04 00 00 09 0B 03 04 04 01 00 0A 09 09 02 0A 00 00 00 0F 09 0E 04 04 00 00 00 07 04 04 05 0B 05 08 09 00 05 00 00 00 00 00 09 02 03 04 
msec 35
sysex 43 50 00 05 05 08 7F 00 00 01 06 09 0B 03 08 00 00 00 00 03 0B 00 00 00 05 03 04 00 00 00 03 09 0E 04 04 00 00 00 07 04 04 05 0F 00 03 09 09 02 03 05 0E 00 00 02 0A 02 09 00 00 09 0A 02 08 05 0F 00 00 09 0C 03 04 
msec 35
sysex 43 50 00 05 05 09 00 05 08 00 02 09 0B 02 08 06 01 00 08 09 09 02 0A 00 00 00 00 02 03 00 00 01 01 09 00 05 00 06 0E 00 00 09 02 03 04 06 03 05 05 09 0E 04 04 00 00 00 08 04 04 05 0D 02 08 09 09 02 0A 02 01 00 0A 
msec 35
sysex 43 50 00 05 05 09 01 02 0A 00 00 03 07 09 0E 04 04 00 00 00 07 04 04 05 0F 05 08 09 09 02 0A 02 02 00 02 09 0B 03 08 04 0A 00 08 09 09 02 0A 00 00 01 0B 09 0E 04 04 00 00 00 08 04 04 05 0B 01 0E 09 0C 03 04 00 00 
msec 35
sysex 43 50 00 05 05 09 02 04 06 09 0E 04 04 00 00 00 07 04 04 05 0F 00 08 09 09 02 06 06 08 00 00 02 0A 02 06 00 00 09 0B 03 04 06 01 00 00 09 0C 03 0B 04 0F 00 0A 09 09 02 0A 00 00 00 00 02 06 00 00 00 00 09 0C 04 00 
msec 35
sysex 43 50 00 05 05 09 03 06 02 00 0A 04 04 06 0A 03 0C 09 0A 02 08 00 00 02 03 09 0E 04 04 00 00 00 07 04 04 05 0B 00 05 09 0C 03 0B 00 00 00 0A 04 00 00 00 00 0A 04 04 00 00 00 03 09 0B 03 08 00 00 00 0A 09 09 02 0A 
msec 35
sysex 43 50 00 05 05 09 04 01 0F 00 07 09 0B 03 08 05 05 00 03 09 09 02 0A 00 00 03 07 09 00 05 00 00 00 00 00 09 02 03 04 00 00 00 00 09 0E 04 04 00 00 00 07 04 04 05 0D 00 08 09 00 05 00 06 0D 00 00 09 02 03 04 06 04 
msec 35
sysex 43 50 00 05 05 09 05 05 00 09 09 02 0A 02 03 00 00 09 0B 03 0B 05 0E 00 0A 09 09 02 0A 00 00 00 0F 09 0E 04 04 00 00 00 07 04 04 05 0B 05 0F 09 0B 03 04 00 00 00 0A 02 08 00 00 00 08 09 00 05 00 00 00 00 00 09 02 
msec 35
sysex 43 50 00 05 05 09 06 03 04 00 00 00 07 09 01 04 04 00 00 00 00 09 0B 03 0B 00 00 00 00 09 0D 04 04 00 00 00 00 09 0E 04 04 00 00 00 03 09 0B 03 08 00 00 00 05 09 01 04 05 07 0A 00 00 09 09 02 03 05 0E 00 00 02 0A 
msec 35
sysex 43 50 00 05 05 09 07 02 06 00 00 09 0A 02 03 06 00 00 00 09 0C 03 04 05 08 00 00 09 0D 04 05 07 0A 00 00 09 0E 04 05 05 0F 00 07 09 0B 04 00 06 05 00 03 09 09 02 0A 00 00 00 00 02 03 00 00 00 0A 09 00 05 01 06 0D 
msec 35
sysex 43 50 00 05 05 09 08 00 00 09 02 03 06 06 06 06 01 09 0E 04 05 00 00 00 08 04 05 05 0D 02 03 09 09 02 0A 02 05 00 05 09 0B 03 0B 05 01 00 05 09 09 02 0A 00 00 03 09 09 0E 04 05 00 00 00 08 04 05 05 0E 05 05 09 09 
msec 35
sysex 43 50 00 05 05 09 09 02 0A 02 05 00 07 09 0B 03 08 05 00 00 03 09 09 02 0A 00 00 01 09 09 0E 04 05 00 00 00 07 04 05 05 0A 02 01 09 0C 03 04 00 00 03 0E 09 00 05 01 00 00 00 00 09 02 03 06 00 00 00 0F 09 01 04 05 
msec 35
sysex 43 50 00 05 05 09 0A 00 00 00 00 09 0B 03 0B 00 00 00 00 09 0D 04 05 00 00 00 05 09 0E 04 05 00 00 00 03 09 01 04 07 07 0A 00 00 09 09 02 06 06 08 00 00 02 0A 02 07 00 00 09 0B 03 08 00 00 00 00 09 0C 03 0B 05 09 
msec 35
sysex 43 50 00 05 05 09 0B 00 00 09 0D 04 07 07 0A 00 05 09 00 05 03 06 0E 00 00 09 02 03 08 06 08 00 00 09 0B 04 00 00 00 00 00 03 0B 05 0B 00 00 09 0E 04 07 05 0D 00 05 09 09 02 0A 00 00 00 00 02 06 00 00 00 00 09 0C 
msec 35
sysex 43 50 00 05 05 09 0C 04 00 06 05 00 0A 04 04 06 08 03 0C 09 0A 02 03 00 00 02 05 09 0E 04 07 00 00 00 08 04 07 05 08 00 02 09 0C 03 0B 00 00 00 0A 04 00 00 00 00 0A 04 04 00 00 00 0D 09 09 02 0A 02 00 00 02 09 0B 
msec 35
sysex 43 50 00 05 05 09 0D 03 08 04 0C 00 08 09 09 02 0A 00 00 03 0E 09 0E 04 07 00 00 00 08 04 07 05 0A 05 00 09 09 02 0A 02 04 00 05 09 0B 03 04 04 01 00 05 09 09 02 0A 00 00 00 0F 09 0E 04 07 00 00 00 07 04 07 05 07 
msec 35
sysex 43 50 00 05 05 09 0E 06 09 09 0B 03 08 00 00 00 08 03 0B 00 00 00 00 09 0E 04 07 00 00 00 07 09 01 04 07 00 00 00 00 04 00 00 00 00 00 03 0B 00 00 00 00 09 0B 03 04 00 00 00 00 09 0D 04 07 00 00 00 00 04 00 00 00 
msec 35
sysex 43 50 00 05 05 09 0F 00 00 03 0B 00 00 00 00 09 0E 04 05 05 0A 00 08 09 01 03 0B 06 04 00 00 03 0F 06 04 00 00 04 05 07 00 00 00 09 09 02 03 05 0E 00 00 02 0A 02 09 00 00 09 0A 02 0A 06 02 00 00 09 0C 02 0F 05 0B 
msec 35
sysex 43 50 00 05 05 09 10 00 00 09 0D 03 0B 06 04 00 00 03 0F 06 04 00 00 04 05 07 00 00 02 09 00 05 03 00 00 00 00 09 02 03 08 00 00 00 03 09 0B 02 0F 06 01 00 05 09 00 05 01 06 09 00 00 09 09 02 0A 00 00 00 00 02 03 
msec 35
sysex 43 50 00 05 05 09 11 00 00 01 0E 09 02 03 06 06 05 04 03 09 0E 04 05 00 00 00 08 04 05 05 08 02 0D 09 09 02 0A 02 01 00 0A 02 0A 00 00 03 09 09 0E 04 05 00 00 00 08 04 05 05 09 05 05 09 09 02 0A 02 02 00 05 09 0B 
msec 35
sysex 43 50 00 05 05 09 12 03 06 04 0A 00 05 09 09 02 0A 00 00 01 04 09 0E 04 05 00 00 00 07 04 05 05 05 02 06 09 0C 02 0F 00 00 04 06 09 0E 04 05 00 00 00 07 04 05 05 08 00 08 09 09 02 06 06 08 00 00 02 0A 02 06 00 00 
msec 35
sysex 43 50 00 05 05 09 13 09 0C 03 0B 05 05 00 00 0F 0F 07 0F 00 07 04 03 07 0B 00 01 03 07 00 00 07 0F 07 0F 00 07 09 0B 03 03 06 01 00 03 09 09 02 0A 00 00 00 00 02 06 00 00 00 00 09 0C 04 02 06 03 00 0A 04 05 06 0B 
msec 35
sysex 43 50 00 05 05 09 14 03 0C 09 0A 02 0A 00 00 02 00 09 0E 04 05 00 00 00 08 04 05 05 03 00 07 09 0C 03 0B 00 00 00 0A 04 02 00 00 00 0A 04 05 00 00 00 05 09 0B 03 06 00 00 00 08 09 09 02 0A 01 0F 00 02 09 0B 03 06 
msec 35
sysex 43 50 00 05 05 09 15 05 05 00 08 09 09 02 0A 00 00 03 09 09 0E 04 05 00 00 00 08 04 05 05 05 05 05 09 09 02 0A 02 03 00 02 09 0B 03 0B 06 04 00 08 09 09 02 0A 00 00 01 06 09 0E 04 05 00 00 00 08 04 05 05 02 05 0F 
msec 35
sysex 43 50 00 05 05 09 16 09 0B 03 03 00 00 00 05 02 0F 00 00 00 05 09 0E 04 05 00 00 00 05 09 0B 03 06 00 00 00 02 09 0E 04 05 05 0C 00 03 09 0B 03 0B 00 00 00 05 09 09 02 03 05 0E 00 00 02 0A 02 06 00 00 09 0A 02 03 
msec 35
sysex 43 50 00 05 05 09 17 06 00 00 00 09 0C 02 0F 05 05 00 07 09 0B 04 02 06 05 00 03 09 09 02 0A 00 00 00 00 02 03 00 00 06 01 09 0E 04 05 00 00 00 08 04 05 05 01 02 0D 09 09 02 0A 02 05 00 00 09 0B 03 0B 05 01 00 0A 
msec 35
sysex 43 50 00 05 05 09 18 09 09 02 0A 00 00 03 09 09 0E 04 05 00 00 00 08 04 05 05 07 05 05 09 09 02 0A 02 05 00 00 09 0B 03 06 05 00 00 0A 09 09 02 0A 00 00 00 0F 09 0E 04 05 00 00 00 07 04 05 04 0F 02 0B 09 0C 02 0F 
msec 35
sysex 43 50 00 05 05 09 19 00 00 04 08 09 0B 03 0B 00 00 00 05 03 06 00 00 00 00 09 0E 04 05 00 00 00 08 09 09 02 06 06 08 00 00 02 0A 02 07 00 00 09 0B 03 0F 05 0B 00 00 09 0C 03 0B 05 06 00 00 09 0E 04 05 04 0F 00 05 
msec 35
sysex 43 50 00 05 05 09 1A 09 0B 04 02 00 00 00 05 09 09 02 0A 00 00 00 00 02 06 00 00 00 00 09 0C 04 02 06 03 00 0A 04 05 06 0C 03 0C 09 0A 02 03 00 00 01 0E 09 0E 04 05 00 00 00 05 04 05 04 09 00 0C 09 0C 03 0B 00 00 
msec 35
sysex 43 50 00 05 05 09 1B 00 0A 04 02 00 00 00 0A 04 05 00 00 00 0D 09 09 02 0A 02 00 00 00 09 0B 03 0B 04 0C 00 0A 09 09 02 0A 00 00 03 09 09 0E 04 05 00 00 00 08 04 05 05 00 05 05 09 09 02 0A 02 04 00 07 09 0B 03 03 
msec 35
sysex 43 50 00 05 05 09 1C 04 01 00 03 09 09 02 0A 00 00 02 05 09 00 05 01 00 00 01 0E 09 02 03 06 00 00 03 0A 09 0B 03 0B 00 00 00 05 03 0F 00 00 00 0A 09 0E 04 05 00 00 00 05 09 0B 03 03 00 00 00 00 09 0E 04 0E 07 0A 
msec 35
sysex 43 50 00 05 05 09 1D 00 05 09 09 02 03 05 0E 00 00 02 0A 02 09 00 00 09 0A 02 0A 06 05 00 00 09 0C 02 0F 05 0B 00 05 09 0B 02 0F 06 01 00 02 09 0E 05 01 06 0C 00 03 09 09 02 0A 00 00 00 00 02 03 00 00 08 01 01 06 
msec 35
sysex 43 50 00 05 05 09 1E 02 0A 02 01 00 00 09 0E 05 00 05 0E 00 07 05 03 04 0C 00 03 09 09 02 0A 00 00 00 0F 09 0E 05 01 00 00 00 05 04 0E 00 00 07 0D 04 0E 05 02 00 05 09 09 02 0A 02 02 00 02 09 0E 05 01 04 05 00 03 
msec 35
sysex 43 50 00 05 05 09 1F 09 0B 03 06 04 0A 00 05 09 09 02 0A 00 00 00 05 09 0E 05 03 00 00 01 0B 05 00 00 00 02 01 09 0C 02 0F 00 00 04 08 09 0E 04 0E 00 00 00 03 04 0C 06 0C 00 0A 09 09 02 06 06 08 00 00 02 0A 02 06 
msec 35
sysex 43 50 00 05 05 09 20 00 00 09 0C 03 0B 05 05 00 02 09 0E 05 00 06 0C 00 03 05 01 00 00 00 02 09 0B 03 03 06 01 00 03 09 09 02 0A 00 00 00 00 02 06 00 00 00 00 09 0C 04 02 06 03 00 0A 04 05 06 0B 03 0C 09 0A 02 0A 
msec 35
sysex 43 50 00 05 05 09 21 00 00 02 0F 09 0C 03 0B 00 00 00 05 09 0E 05 00 00 00 00 05 09 0C 04 02 00 00 00 0A 04 05 00 00 00 03 09 0E 04 0E 06 00 00 02 09 0B 03 06 00 00 00 05 09 0E 05 01 04 0E 00 03 09 09 02 0A 01 0F 
msec 35
sysex 43 50 00 05 05 09 22 00 02 09 0B 03 06 05 05 00 08 09 09 02 0A 00 00 00 0A 09 0E 04 0C 00 00 08 01 00 04 04 0C 05 05 00 03 04 0E 00 00 00 02 05 00 04 04 00 03 09 09 02 0A 02 03 00 02 09 0B 03 0B 06 04 00 08 09 09 
msec 35
sysex 43 50 00 05 05 09 23 02 0A 00 00 00 02 09 0E 05 01 00 00 07 01 05 00 00 00 00 0A 09 0B 03 03 00 00 00 05 02 0F 00 00 00 0A 03 06 00 00 00 02 09 01 04 05 00 00 00 00 09 0D 04 05 00 00 00 03 09 0B 03 0B 00 00 00 00 
msec 35
sysex 43 50 00 05 05 09 24 09 0E 04 0B 06 0D 00 02 04 0E 05 0E 00 03 09 01 03 06 06 08 00 00 09 09 02 03 05 0E 00 00 02 0A 02 06 00 00 09 0A 02 03 06 03 00 00 09 0C 02 0F 05 05 00 00 09 0D 03 06 06 08 00 07 09 0B 04 02 
msec 35
sysex 43 50 00 05 05 09 25 06 05 00 03 09 09 02 0A 00 00 00 00 02 03 00 00 01 04 09 0E 04 0C 00 00 07 0A 05 00 04 0D 00 08 09 09 02 0A 02 05 00 00 09 0B 03 0B 05 01 00 02 09 0E 04 0C 05 08 00 08 09 09 02 0A 00 00 00 00 
msec 35
sysex 43 50 00 05 05 09 26 09 0E 04 0E 00 00 00 07 04 0B 00 00 08 01 00 0A 04 0B 05 0F 00 00 04 0E 04 02 00 05 09 09 02 06 03 02 00 00 02 0A 02 05 00 00 09 0B 03 06 05 00 00 0A 09 09 02 0A 00 00 00 00 02 06 00 00 01 04 
msec 35
sysex 43 50 00 05 05 09 27 09 0E 04 0C 00 00 00 07 05 00 00 00 02 06 09 0C 02 0F 00 00 00 05 09 09 02 06 03 06 00 0A 02 06 00 00 02 0A 09 0E 04 0E 00 00 00 0F 09 0B 03 0B 00 00 00 03 09 0E 04 0C 06 00 00 02 09 0B 03 06 
msec 35
sysex 43 50 00 05 05 09 28 00 00 00 05 09 0E 04 09 06 0F 00 03 09 09 02 06 06 08 00 00 02 0A 02 07 00 00 09 0B 03 0F 05 0B 00 00 09 0C 03 0B 05 06 00 05 09 0B 04 02 00 00 00 05 09 09 02 0A 00 00 00 00 02 06 00 00 00 00 
msec 35
sysex 43 50 00 05 05 09 29 09 0C 04 02 06 03 00 0A 04 05 06 0C 00 05 09 0E 04 0B 00 00 03 07 09 0A 02 03 00 00 02 0F 09 0C 03 0B 00 00 00 0A 04 02 00 00 00 05 09 0E 04 0E 05 01 00 05 09 0C 04 05 00 00 00 03 09 0E 04 09 
msec 35
sysex 43 50 00 05 05 09 2A 00 00 00 05 04 0B 05 0C 00 05 09 09 02 0A 02 00 00 00 09 0B 03 0B 04 0C 00 05 09 0E 04 0C 00 00 00 05 09 09 02 0A 00 00 08 01 00 02 09 0E 04 0E 00 00 00 07 04 0C 04 08 00 0A 04 09 05 05 00 03 
msec 35
sysex 43 50 00 05 05 09 2B 09 09 02 06 04 00 00 00 02 0A 02 04 00 07 09 0B 03 03 04 01 00 03 09 09 02 0A 00 00 00 00 02 06 00 00 00 0A 09 0E 04 0B 00 00 06 0E 04 09 00 00 00 05 09 0B 03 0B 00 00 00 05 03 0F 00 00 00 07 
msec 35
sysex 43 50 00 05 05 09 2C 09 0E 04 0C 00 00 00 05 09 01 03 06 00 00 00 00 03 0F 00 00 00 00 03 0B 00 00 00 00 09 0D 03 06 00 00 00 00 03 0F 00 00 00 00 03 0B 00 00 00 03 09 0B 03 03 00 00 00 00 09 0E 04 0B 05 0E 00 05 
msec 35
sysex 43 50 00 05 05 09 2D 09 01 03 0B 06 04 00 00 03 0F 06 04 00 00 04 02 06 04 00 00 09 09 02 03 05 0E 00 00 02 0A 02 09 00 00 09 0A 02 0F 06 05 00 00 09 0C 02 0F 05 0B 00 00 09 0D 03 0B 06 04 00 00 03 0F 06 04 00 00 
msec 35
sysex 43 50 00 05 05 09 2E 04 02 06 04 00 02 09 00 05 07 06 09 00 00 09 0B 02 0F 06 00 00 00 09 0E 04 07 06 09 00 08 09 09 02 0A 00 00 00 00 02 03 00 00 00 07 09 02 03 0B 06 05 08 01 00 0F 09 09 02 0A 02 01 00 0A 02 0A 
msec 35
sysex 43 50 00 05 05 09 2F 00 00 08 01 01 06 02 0A 02 02 00 0A 02 0A 00 00 04 01 09 0C 02 0F 00 00 00 02 09 0E 04 0B 00 00 05 03 09 09 02 06 06 08 00 00 02 0A 02 06 00 00 09 0C 03 0B 05 05 00 02 09 0B 03 03 06 01 00 08 
msec 35
sysex 43 50 00 05 05 09 30 09 09 02 0A 00 00 00 00 02 06 00 00 00 00 09 0C 04 02 06 03 00 0A 04 05 06 0B 03 0C 09 0A 02 0F 00 00 02 0F 09 0C 03 0B 00 00 00 0A 04 02 00 00 00 0A 04 05 00 00 00 0D 09 09 02 0A 01 0F 00 00 
msec 35
sysex 43 50 00 05 05 09 31 09 0B 03 06 05 05 00 0A 09 09 02 0A 00 00 08 01 01 06 02 0A 02 03 00 05 09 0B 03 0B 05 0E 00 05 09 09 02 0A 00 00 02 00 09 0E 04 07 00 00 05 08 09 0B 03 03 00 00 00 07 02 0F 00 00 00 0A 03 06 
msec 35
sysex 43 50 00 05 05 09 32 00 00 00 0A 03 0B 00 00 00 03 09 09 02 03 05 0E 00 00 02 0A 02 06 00 00 09 0A 02 0A 06 02 00 00 09 0C 02 0F 05 05 00 05 09 0B 03 0F 06 05 00 05 09 09 02 0A 00 00 00 00 02 03 00 00 08 01 01 06 
msec 35
sysex 43 50 00 05 05 09 33 02 0A 02 05 00 07 09 0B 03 0B 05 01 00 03 09 09 02 0A 00 00 08 01 01 06 02 0A 02 05 00 05 09 0B 03 06 05 00 00 05 09 09 02 0A 00 00 04 01 09 0C 02 0F 00 00 02 03 09 00 05 07 00 00 00 0F 09 02 
msec 35
sysex 43 50 00 05 05 09 34 03 0B 00 00 01 0E 09 0B 03 0B 00 00 00 02 03 06 00 00 00 03 09 09 02 06 06 08 00 00 02 0A 02 07 00 00 09 0B 03 0B 05 0B 00 00 09 0C 03 0B 05 06 00 02 09 0B 03 0F 00 00 00 05 09 00 05 05 06 07 
msec 35
sysex 43 50 00 05 05 09 35 00 03 09 09 02 0A 00 00 00 00 02 06 00 00 00 00 09 0C 04 02 06 03 00 0A 04 05 06 0C 00 0A 09 02 03 09 06 03 03 02 09 0A 02 0A 00 00 02 0F 09 0C 03 0B 00 00 00 0A 04 02 00 00 00 0A 04 05 00 00 
msec 35
sysex 43 50 00 05 05 09 36 00 0D 09 09 02 0A 02 00 00 05 09 0B 03 06 04 0C 00 05 09 09 02 0A 00 00 08 01 01 06 02 0A 02 04 00 07 09 0B 03 03 04 01 00 03 09 09 02 0A 00 00 08 01 00 02 09 0B 03 06 00 00 00 00 03 0B 00 00 
msec 35
sysex 43 50 00 05 05 09 37 00 0A 09 00 05 05 00 00 00 05 09 0B 03 03 00 00 00 05 09 09 02 03 05 0E 00 00 02 0A 02 09 00 00 09 0A 02 0F 06 05 00 00 09 0C 02 0F 05 0B 00 02 09 0B 02 0F 06 00 00 08 09 09 02 0A 00 00 00 00 
msec 35
sysex 43 50 00 05 05 09 38 02 03 00 00 00 02 09 02 03 09 00 00 00 0A 09 00 05 03 06 0F 00 00 09 02 03 08 06 0B 08 01 00 0A 09 09 02 0A 02 01 00 0A 02 0A 00 00 08 01 01 06 02 0A 02 02 00 02 09 0B 03 06 04 0A 00 08 09 09 
msec 35
sysex 43 50 00 05 05 09 39 02 0A 00 00 04 01 09 0C 02 0F 00 00 03 0C 09 00 05 03 00 00 01 09 09 09 02 06 06 08 00 00 02 0A 02 06 00 00 09 0C 03 0B 05 05 00 07 09 02 03 08 00 00 00 00 09 0B 03 03 06 01 00 03 09 09 02 0A 
msec 35
sysex 43 50 00 05 05 09 3A 00 00 00 00 02 06 00 00 00 00 09 0C 04 02 06 03 00 0A 04 05 06 0B 00 02 09 00 05 03 06 08 00 00 09 02 03 08 06 04 03 0A 09 0A 02 0F 00 00 02 0F 09 0C 03 0B 00 00 00 0A 04 02 00 00 00 0A 04 05 
msec 35
sysex 43 50 00 05 05 09 3B 00 00 00 03 09 0B 03 06 00 00 00 0A 09 09 02 0A 01 0F 00 02 09 0B 03 06 05 05 00 08 09 09 02 0A 00 00 08 01 01 06 02 0A 02 03 00 07 09 0B 03 0B 05 0E 00 03 09 09 02 0A 00 00 07 0D 09 00 05 03 
msec 35
sysex 43 50 00 05 05 09 3C 00 00 00 00 09 02 03 08 00 00 00 00 09 0B 03 03 00 00 00 02 02 0F 00 00 00 0D 03 06 00 00 00 0A 09 00 05 01 07 02 00 00 09 02 03 06 06 0E 00 00 09 09 02 03 05 0E 00 00 02 0A 02 06 00 00 09 0A 
msec 35
sysex 43 50 00 05 05 09 3D 02 0A 06 02 00 00 09 0B 03 0B 00 00 00 00 09 0C 02 0F 05 05 00 07 09 0B 03 0F 06 05 00 03 09 09 02 0A 00 00 00 00 02 03 00 00 08 01 01 06 02 0A 02 05 00 07 09 0B 03 0B 05 01 00 03 09 09 02 0A 
msec 35
sysex 43 50 00 05 05 09 3E 00 00 08 01 00 0E 09 00 05 01 00 00 00 00 09 02 03 06 00 00 00 08 09 09 02 0A 02 05 00 07 09 0B 03 06 05 00 00 03 09 09 02 0A 00 00 00 02 09 00 05 00 07 00 00 00 09 02 03 04 06 0C 03 0F 09 0C 
msec 35
sysex 43 50 00 05 05 09 3F 02 0F 00 00 05 00 09 0B 03 0B 00 00 00 05 09 09 02 06 06 08 00 00 02 0A 02 07 00 00 09 0B 03 06 00 00 00 00 09 0C 03 0B 05 06 00 05 09 0B 03 0F 00 00 00 02 03 0B 05 0B 00 03 09 09 02 0A 00 00 
msec 35
sysex 43 50 00 05 05 09 40 00 00 02 06 00 00 00 00 09 0C 04 02 06 03 00 0A 04 05 06 0C 03 0C 09 0A 02 0A 00 00 02 0F 09 0C 03 0B 00 00 00 0A 04 02 00 00 00 0A 04 05 00 00 00 0D 09 09 02 0A 02 00 00 02 09 00 05 00 00 00 
msec 35
sysex 43 50 00 05 05 09 41 00 00 09 02 03 04 00 00 00 03 09 0B 03 06 04 0C 00 05 09 09 02 0A 00 00 00 0A 09 00 05 01 06 09 00 00 09 02 03 06 06 05 08 01 00 0C 09 09 02 0A 02 04 00 07 09 0B 03 03 04 01 00 03 09 09 02 0A 
msec 35
sysex 43 50 00 05 05 09 42 00 00 08 01 00 02 09 0B 03 06 00 00 00 07 03 0B 00 00 00 05 09 01 04 02 00 00 00 00 03 0F 00 00 00 00 03 0B 00 00 00 00 09 0D 04 02 00 00 00 00 03 0F 00 00 00 00 03 0B 00 00 00 03 09 0B 03 03 
msec 35
sysex 43 50 00 05 05 09 43 00 00 00 05 09 01 03 08 05 0A 00 00 03 0B 05 0A 00 00 04 00 05 0A 00 00 09 09 02 03 05 0E 00 00 02 0A 02 09 00 00 09 0A 02 08 05 0D 00 00 09 0C 03 04 05 03 00 00 09 0D 03 08 05 0A 00 00 03 0B 
msec 35
sysex 43 50 00 05 05 09 44 05 0A 00 00 04 00 05 0A 00 07 09 0B 02 08 06 01 00 03 09 09 02 0A 00 00 00 00 02 03 00 00 00 02 09 00 05 01 00 00 00 00 09 02 03 06 00 00 01 09 09 00 05 00 06 07 00 00 09 02 03 04 06 03 08 02 
msec 35
sysex 43 50 00 05 05 09 45 06 06 09 0C 03 04 00 00 05 05 09 09 02 06 06 08 00 00 02 0A 02 06 00 00 09 0C 03 0B 04 0D 00 00 0F 0F 07 0F 00 07 04 03 07 0B 00 01 03 03 00 00 07 0F 07 0F 00 05 09 0B 03 04 06 01 00 05 09 09 
msec 35
sysex 43 50 00 05 05 09 46 02 0A 00 00 00 00 02 06 00 00 00 00 09 0C 04 00 05 0B 00 0A 04 04 06 03 03 0C 09 0A 02 08 00 00 02 0F 09 0C 03 0B 00 00 00 0A 04 00 00 00 00 0A 04 04 00 00 00 0D 09 0B 03 08 05 05 08 01 02 00 
msec 35
sysex 43 50 00 05 05 09 47 03 0B 05 0E 08 01 00 04 03 04 00 00 00 0A 02 08 00 00 00 05 03 08 00 00 00 05 03 0B 00 00 00 08 09 09 02 03 05 0E 00 00 02 0A 02 06 00 00 09 0A 02 03 05 0A 00 00 09 0C 03 04 04 0D 00 02 09 0B 
msec 35
sysex 43 50 00 05 05 09 48 04 00 06 05 00 08 09 09 02 0A 00 00 00 00 02 03 00 00 08 01 01 08 09 0B 03 0B 05 01 08 01 01 0E 03 08 05 00 04 0B 09 0C 03 04 00 00 04 0B 09 0B 03 0B 00 00 00 02 03 08 00 00 00 08 09 09 02 06 
msec 35
sysex 43 50 00 05 05 09 49 06 08 00 00 02 0A 02 07 00 00 09 0B 04 00 00 00 00 00 09 0C 03 0B 04 0E 00 02 09 0B 03 0B 05 0B 00 08 09 09 02 0A 00 00 00 00 02 06 00 00 00 00 09 0C 04 00 05 0B 00 0A 04 04 06 04 03 0C 09 0A 
msec 35
sysex 43 50 00 05 05 09 4A 02 03 00 00 02 0F 09 0C 03 0B 00 00 00 0A 04 00 00 00 00 0A 04 04 00 00 01 04 09 0B 03 08 04 0C 08 01 01 09 03 04 04 01 07 00 09 00 05 00 00 00 00 00 09 02 03 04 00 00 01 0E 09 0B 03 08 00 00 
msec 35
sysex 43 50 00 05 05 09 4B 00 00 03 0B 00 00 00 05 03 04 00 00 00 0D 09 09 02 03 05 0E 00 00 02 0A 02 09 00 00 09 0A 02 08 05 0D 00 00 09 0C 03 04 05 00 00 02 09 0B 02 08 06 01 00 08 09 09 02 0A 00 00 00 00 02 03 00 00 
msec 35
sysex 43 50 00 05 05 09 4C 08 02 03 08 09 0B 03 08 04 0A 04 09 09 0C 03 04 00 00 05 05 09 09 02 06 06 08 00 00 02 0A 02 06 00 00 09 0B 03 04 06 01 00 00 09 0C 03 0B 04 07 00 0A 09 09 02 0A 00 00 00 00 02 06 00 00 00 00 
msec 35
sysex 43 50 00 05 05 09 4D 09 0C 04 00 05 0A 00 0A 04 04 06 02 03 0C 09 0A 02 08 00 00 02 0F 09 0C 03 0B 00 00 00 0A 04 00 00 00 00 0A 04 04 00 00 00 03 09 0B 03 08 00 00 01 01 03 08 05 05 08 01 01 09 03 0B 05 0E 07 0F 
msec 35
sysex 43 50 00 05 05 09 4E 03 04 00 00 00 0A 02 08 00 00 00 0F 03 0B 00 00 00 03 03 08 00 00 00 05 09 09 02 03 05 0E 00 00 02 0A 02 06 00 00 09 0A 02 03 05 0A 00 00 09 0C 03 04 05 00 00 07 09 0B 04 00 06 05 00 03 09 09 
msec 35
sysex 43 50 00 05 05 09 4F 02 0A 00 00 00 00 02 03 00 00 08 01 01 0B 09 0B 03 0B 05 01 08 01 02 02 03 08 05 00 04 04 09 0C 03 04 00 00 04 0B 09 0E 04 0B 05 0D 00 02 09 0B 03 0B 00 00 00 08 09 09 02 06 06 08 00 00 02 0A 
msec 35
sysex 43 50 00 05 05 09 50 02 07 00 00 09 0B 03 08 00 00 00 00 09 0C 03 0B 05 01 00 05 09 0B 04 00 00 00 00 00 03 0B 05 0B 00 05 09 09 02 0A 00 00 00 00 02 06 00 00 00 00 09 0C 04 00 05 0D 00 0A 04 04 06 00 00 0C 09 0E 
msec 35
sysex 43 50 00 05 05 09 51 04 0F 06 0F 03 00 09 0A 02 03 00 00 02 0F 09 0C 03 0B 00 00 00 0A 04 00 00 00 00 0A 04 04 00 00 00 08 09 0E 04 0B 00 00 00 02 04 0C 03 09 00 05 09 0B 03 08 04 0C 00 05 09 0E 04 0F 00 00 01 09 
msec 35
sysex 43 50 00 05 05 09 52 05 00 05 0F 05 05 04 0C 00 00 02 01 04 0C 03 0F 00 0F 09 0B 03 04 04 01 01 06 09 0E 05 01 06 07 02 08 05 01 00 00 02 08 05 00 00 00 01 09 04 0C 00 00 00 05 09 0B 03 08 00 00 00 08 03 0B 00 00 
msec 35
sysex 43 50 00 05 05 09 53 00 02 09 0E 04 0C 06 03 00 05 09 01 04 00 00 00 00 00 03 0B 00 00 00 00 03 08 00 00 00 00 09 0B 03 04 00 00 00 00 09 0D 04 00 00 00 00 00 03 0B 00 00 00 00 03 08 00 00 00 08 0F 0F 00 06 00 06 
msec 35
sysex 43 50 00 05 05 09 54 04 0D 06 01 06 09 06 0E 02 00 04 04 00 00 09 01 03 08 06 05 00 00 03 0B 06 05 00 00 04 00 06 05 00 00 09 09 02 03 05 0F 00 00 02 0A 02 0A 00 00 03 03 04 04 00 00 09 0A 02 08 06 07 00 00 09 0C 
msec 35
sysex 43 50 00 05 05 09 55 03 04 05 0C 00 00 09 0D 03 08 06 05 00 00 03 0B 06 05 00 00 04 00 06 05 00 05 09 0B 02 08 06 02 00 05 09 09 03 03 00 00 00 00 02 0A 00 00 00 00 02 03 00 00 00 02 09 0E 04 0E 03 04 01 04 05 00 
msec 35
sysex 43 50 00 05 05 09 56 07 06 05 0D 04 0E 00 00 02 03 09 09 02 0A 02 02 00 0A 02 0A 00 00 08 01 01 06 02 0A 02 03 00 02 09 0B 03 08 04 0B 00 08 09 09 02 0A 00 00 04 01 09 0C 03 04 00 00 05 05 09 09 02 06 06 09 00 00 
msec 35
sysex 43 50 00 05 05 09 57 02 0A 02 07 00 00 09 0B 03 04 06 02 00 00 09 0C 03 0B 05 06 00 0A 09 09 02 0A 00 00 00 00 02 06 00 00 00 00 09 0C 04 00 06 04 00 0A 04 04 06 0C 03 0C 09 0A 02 08 00 00 02 0F 09 0C 03 0B 00 00 
msec 35
sysex 43 50 00 05 05 09 58 00 0A 04 00 00 00 00 03 09 0E 04 0C 00 00 00 07 09 0C 04 04 00 00 00 03 09 0B 03 08 00 00 00 0A 09 09 02 0A 02 00 00 07 09 0B 03 08 05 06 00 03 09 09 02 0A 00 00 00 0C 09 0E 05 00 00 00 08 01 
msec 35
sysex 43 50 00 05 05 09 59 00 0A 09 09 02 0A 02 04 00 00 09 0B 03 0B 05 0F 00 0A 09 09 02 0A 00 00 07 05 09 0B 03 04 00 00 00 0D 02 08 00 00 00 0C 03 0B 00 00 00 03 03 08 00 00 00 05 09 00 05 00 06 0D 00 00 09 02 04 04 
msec 35
sysex 43 50 00 05 05 09 5A 06 0D 00 00 09 09 02 03 05 0F 00 00 02 0A 02 07 00 00 09 0A 02 03 06 05 00 00 09 0C 03 04 05 06 00 07 09 0B 04 00 06 06 00 03 09 09 02 0A 00 00 00 00 02 03 00 00 08 01 01 06 02 0A 02 06 00 05 
msec 35
sysex 43 50 00 05 05 09 5B 09 0B 03 0B 05 02 00 05 09 09 02 0A 00 00 08 01 01 06 02 0A 02 06 00 07 09 0B 03 08 05 01 00 03 09 09 02 0A 00 00 04 01 09 0C 03 04 00 00 04 0D 09 0B 03 0B 00 00 00 08 09 09 02 06 06 09 00 00 
msec 35
sysex 43 50 00 05 05 09 5C 02 0A 02 08 00 00 09 0B 03 08 00 00 00 00 09 0C 03 0B 05 07 00 05 09 0B 04 00 00 00 00 00 03 0B 05 0C 00 05 09 09 02 0A 00 00 00 00 02 06 00 00 00 00 09 0C 04 00 06 04 00 0A 04 04 06 0D 03 0C 
msec 35
sysex 43 50 00 05 05 09 5D 09 0A 02 03 00 00 02 0F 09 0C 03 0B 00 00 00 0A 04 00 00 00 00 0A 04 04 00 00 00 0D 09 09 02 0A 02 01 00 02 09 0B 03 08 04 0D 00 08 09 09 02 0A 00 00 08 01 01 06 02 0A 02 05 00 05 09 0B 03 04 
msec 35
sysex 43 50 00 05 05 09 5E 04 02 00 05 09 09 02 0A 00 00 07 0F 09 0B 03 08 00 00 00 08 03 0B 00 00 00 07 09 01 04 00 00 00 00 00 03 0B 00 00 00 00 03 08 00 00 00 00 09 0B 03 04 00 00 00 00 09 0D 04 00 00 00 00 00 03 0B 
msec 35
sysex 43 50 00 05 05 09 5F 00 00 00 00 03 08 00 00 00 08 09 01 03 0B 06 05 00 00 03 0F 06 05 00 00 04 02 06 05 00 00 09 09 02 03 05 0F 00 00 02 0A 02 0A 00 00 09 0A 02 0A 06 00 00 00 09 0C 02 0F 05 0C 00 00 09 0D 03 0B 
msec 35
sysex 43 50 00 05 05 09 60 06 05 00 00 03 0F 06 05 00 00 04 02 06 05 00 05 09 0B 02 0F 06 02 00 05 09 00 05 00 00 00 00 00 09 02 04 04 00 00 00 00 09 09 02 0A 00 00 00 00 02 03 00 00 00 07 09 00 04 0E 06 0E 00 00 09 02 
msec 35
sysex 43 50 00 05 05 09 61 04 02 06 0E 08 01 00 0F 09 09 02 0A 02 02 00 0A 02 0A 00 00 08 01 01 06 02 0A 02 03 00 05 09 0B 03 06 04 0B 00 05 09 09 02 0A 00 00 04 01 09 0C 02 0F 00 00 05 05 09 09 02 06 06 09 00 00 02 0A 
msec 35
sysex 43 50 00 05 05 09 62 02 07 00 00 09 0C 03 0B 05 06 00 00 0F 0F 07 0F 00 07 04 03 07 0B 00 01 03 07 00 00 07 0F 07 0F 00 07 09 0B 03 03 06 02 00 03 09 09 02 0A 00 00 00 00 02 06 00 00 00 00 09 0C 04 02 06 04 00 0A 
msec 35
sysex 43 50 00 05 05 09 63 04 05 06 0C 03 0C 09 0A 02 0A 00 00 02 0F 09 0C 03 0B 00 00 00 0A 04 02 00 00 00 0A 04 05 00 00 00 05 09 0B 03 06 00 00 00 08 09 09 02 0A 02 00 00 02 09 0B 03 06 05 06 00 08 09 09 02 0A 00 00 
msec 35
sysex 43 50 00 05 05 09 64 08 01 01 06 02 0A 02 04 00 02 09 0B 03 0B 06 05 00 08 09 09 02 0A 00 00 07 0D 09 0B 03 03 00 00 00 05 02 0F 00 00 00 0A 03 06 00 00 00 05 09 00 04 0E 00 00 00 00 09 02 04 02 00 00 00 00 09 0B 
msec 35
sysex 43 50 00 05 05 09 65 03 0B 00 00 00 05 09 09 02 03 05 0F 00 00 02 0A 02 07 00 00 09 0A 02 03 06 01 00 00 09 0C 02 0F 05 06 00 02 09 00 05 01 06 0F 00 00 09 02 04 05 06 0F 00 05 09 0B 04 02 06 06 00 03 09 09 02 0A 
msec 35
sysex 43 50 00 05 05 09 66 00 00 00 00 02 03 00 00 08 01 01 06 02 0A 02 06 00 00 09 0B 03 0B 05 02 00 0A 09 09 02 0A 00 00 08 01 01 06 02 0A 02 06 00 00 09 0B 03 06 05 01 00 0A 09 09 02 0A 00 00 04 01 09 0C 02 0F 00 00 
msec 35
sysex 43 50 00 05 05 09 67 04 08 09 0B 03 0B 00 00 00 05 03 06 00 00 00 08 09 09 02 06 06 09 00 00 02 0A 02 08 00 00 09 0B 03 0F 05 0C 00 00 09 0C 03 0B 05 07 00 05 09 0B 04 02 00 00 00 05 09 09 02 0A 00 00 00 00 02 06 
msec 35
sysex 43 50 00 05 05 09 68 00 00 00 00 09 0C 04 02 06 04 00 0A 04 05 06 0D 03 0C 09 0A 02 03 00 00 02 0F 09 0C 03 0B 00 00 00 0A 04 02 00 00 00 0A 04 05 00 00 00 0D 09 09 02 0A 02 01 00 00 09 0B 03 0B 04 0D 00 0A 09 09 
msec 35
sysex 43 50 00 05 05 09 69 02 0A 00 00 08 01 01 06 02 0A 02 05 00 07 09 0B 03 03 04 02 00 03 09 09 02 0A 00 00 07 0A 09 00 05 01 00 00 00 00 09 02 04 05 00 00 00 03 09 0B 03 0B 00 00 00 05 03 0F 00 00 00 0A 09 00 05 00 
msec 35
sysex 43 50 00 05 05 09 6A 06 0D 00 00 09 02 04 04 06 0D 00 02 09 01 04 02 00 00 00 00 03 0F 00 00 00 00 03 0B 00 00 00 00 09 0D 04 02 00 00 00 00 03 0F 00 00 00 00 03 0B 00 00 00 03 09 0B 03 03 00 00 00 05 09 01 03 08 
msec 35
sysex 43 50 00 05 05 09 6B 06 05 00 00 03 0B 06 05 00 00 04 00 06 05 00 00 09 09 02 03 05 0F 00 00 02 0A 02 0A 00 00 09 0A 02 08 06 03 00 00 09 0B 02 08 06 02 00 00 09 0C 03 04 05 0C 00 00 09 0D 03 08 06 05 00 00 03 0B 
msec 35
sysex 43 50 00 05 05 09 6C 06 05 00 00 04 00 06 05 00 0A 09 09 02 0A 00 00 00 00 02 03 00 00 08 01 01 06 02 0A 02 02 00 0A 02 0A 00 00 08 01 01 06 02 0A 02 03 00 07 09 0B 03 08 04 0B 00 03 09 09 02 0A 00 00 04 01 09 0C 
msec 35
sysex 43 50 00 05 05 09 6D 03 04 00 00 05 05 09 09 02 06 06 09 00 00 02 0A 02 07 00 00 09 0B 03 04 06 02 00 00 09 0C 03 0B 05 06 00 00 0F 0F 07 0F 00 07 04 03 07 0B 00 01 03 03 00 00 07 0F 07 0F 00 0A 09 09 02 0A 00 00 
msec 35
sysex 43 50 00 05 05 09 6E 00 00 02 06 00 00 00 00 09 0C 04 00 06 04 00 0A 04 04 06 0C 03 0C 09 0A 02 08 00 00 02 0F 09 0C 03 0B 00 00 00 0A 04 00 00 00 00 0A 04 04 00 00 00 08 09 0B 03 08 00 00 00 05 09 09 02 0A 02 00 
msec 35
sysex 43 50 00 05 05 09 6F 00 07 09 0B 03 08 05 06 00 03 09 09 02 0A 00 00 08 01 01 06 02 0A 02 04 00 02 09 0B 03 0B 05 0F 00 08 09 09 02 0A 00 00 07 05 09 0B 03 04 00 00 00 08 02 08 00 00 01 04 03 08 00 00 00 00 03 0B 
msec 35
sysex 43 50 00 05 05 09 70 00 00 00 05 09 09 02 03 05 0F 00 00 02 0A 02 07 00 00 09 0A 02 03 06 01 00 00 09 0C 03 04 05 06 00 05 09 0B 04 00 06 06 00 05 09 09 02 0A 00 00 00 00 02 03 00 00 08 01 01 06 02 0A 02 06 00 02 
msec 35
sysex 43 50 00 05 05 09 71 09 0B 03 0B 05 02 00 08 09 09 02 0A 00 00 08 01 01 06 02 0A 02 06 00 07 09 0B 03 08 05 01 00 03 09 09 02 0A 00 00 04 01 09 0C 03 04 00 00 04 0B 09 0B 03 0B 00 00 00 0A 09 09 02 06 06 09 00 00 
msec 35
sysex 43 50 00 05 05 09 72 02 0A 02 08 00 00 09 0B 03 08 00 00 00 00 09 0C 03 0B 05 07 00 02 09 0B 04 00 00 00 00 03 03 0B 05 0C 00 05 09 09 02 0A 00 00 00 00 02 06 00 00 00 00 09 0C 04 00 06 04 00 0A 04 04 06 0D 03 0C 
msec 35
sysex 43 50 00 05 05 09 73 09 0A 02 03 00 00 02 0F 09 0C 03 0B 00 00 00 0A 04 00 00 00 00 0A 04 04 00 00 00 0D 09 09 02 0A 02 01 00 05 09 0B 03 08 04 0D 00 05 09 09 02 0A 00 00 08 01 01 06 02 0A 02 05 00 05 09 0B 03 04 
msec 35
sysex 43 50 00 05 05 09 74 04 02 00 05 09 09 02 0A 00 00 08 01 00 02 09 0B 03 08 00 00 00 05 03 0B 00 00 00 07 03 04 00 00 00 08 09 09 02 03 05 0F 00 00 02 0A 02 0A 00 00 09 0A 02 08 06 06 00 00 09 0C 03 04 05 09 00 02 
msec 35
sysex 43 50 00 05 05 09 75 09 0B 02 08 06 01 00 08 09 09 02 0A 00 00 00 00 02 03 00 00 08 01 01 06 02 0A 02 02 00 0A 02 0A 00 00 08 01 01 06 02 0A 02 03 00 0A 02 0A 00 00 04 01 09 0C 03 04 00 00 05 05 09 09 02 06 06 09 
msec 35
sysex 43 50 00 05 05 09 76 00 00 02 0A 02 07 00 00 09 0C 03 0B 05 00 00 02 09 0B 03 04 06 02 00 08 09 09 02 0A 00 00 00 00 02 06 00 00 00 00 09 0C 04 00 06 03 00 0A 04 04 06 0B 03 0C 09 0A 02 08 00 00 02 0F 09 0C 03 0B 
msec 35
sysex 43 50 00 05 05 09 77 00 00 00 0A 04 00 00 00 00 0A 04 04 00 00 00 0D 09 09 02 0A 02 00 00 00 09 0B 03 08 05 06 00 0A 09 09 02 0A 00 00 08 01 01 06 02 0A 02 04 00 05 09 0B 03 0B 05 0F 00 05 09 09 02 0A 00 00 01 0B 
msec 35
sysex 43 50 00 05 05 09 78 09 00 05 00 00 00 00 00 09 02 04 04 00 00 05 0D 09 0B 03 04 00 00 00 07 02 08 00 00 00 0A 03 08 00 00 00 0A 03 0B 00 00 00 03 09 09 02 03 05 0F 00 00 02 0A 02 07 00 00 09 0A 02 03 06 04 00 00 
msec 35
sysex 43 50 00 05 05 09 79 09 0C 03 04 05 09 00 05 09 0B 04 00 06 06 00 05 09 09 02 0A 00 00 00 00 02 03 00 00 08 01 01 06 02 0A 02 06 00 07 09 0B 03 0B 05 02 00 03 09 09 02 0A 00 00 08 01 01 06 02 0A 02 06 00 05 09 0B 
msec 35
sysex 43 50 00 05 05 09 7A 03 08 05 01 00 05 09 09 02 0A 00 00 04 01 09 0C 03 04 00 00 04 0B 09 0E 04 0B 05 0E 00 05 09 0B 03 0B 00 00 00 02 03 08 00 00 00 03 09 09 02 06 06 09 00 00 02 0A 02 08 00 00 09 0B 03 0B 05 0C 
msec 35
sysex 43 50 00 05 05 09 7B 00 00 09 0C 03 0B 05 0A 00 02 09 0B 04 00 00 00 00 08 09 09 02 0A 00 00 00 00 02 06 00 00 00 00 09 0C 04 00 06 06 00 0A 04 04 06 09 00 0C 09 0E 04 0E 07 00 03 00 09 0A 02 03 00 00 02 0F 09 0C 
msec 35
sysex 43 50 00 05 05 09 7C 03 0B 00 00 00 0A 04 00 00 00 00 0A 04 04 00 00 00 08 09 0E 04 0B 00 00 00 02 04 0C 03 0A 00 03 09 09 02 0A 02 01 00 05 09 0B 03 08 04 0D 00 02 09 0E 04 0E 00 00 00 03 09 09 02 0A 00 00 01 06 
msec 35
sysex 43 50 00 05 05 09 7D 09 0E 05 00 06 00 05 05 04 0C 00 00 02 01 04 0C 04 00 00 0A 09 09 02 0A 02 05 00 07 09 0B 03 04 04 02 00 03 09 09 02 0A 00 00 01 01 09 0E 05 01 06 08 02 08 05 01 00 00 02 08 05 00 00 00 01 09 
msec 35
sysex 43 50 00 05 05 09 7E 04 0C 00 00 00 08 09 0B 03 08 00 00 00 00 03 0B 00 00 00 07 09 0E 04 0C 06 04 00 08 09 0B 03 04 00 00 00 05 09 09 02 03 05 0F 00 00 02 0A 02 0A 00 00 09 0A 02 08 06 06 00 00 09 0C 03 04 05 09 
msec 35
sysex 43 50 00 05 05 09 7F 00 02 09 0B 02 08 06 01 00 08 09 09 02 0A 00 00 00 00 02 03 00 00 00 02 09 0E 04 0E 03 05 01 04 05 00 07 04 03 00 05 01 06 08 02 0D 04 0E 00 00 01 06 05 00 00 00 00 08 05 00 06 02 00 05 09 09 
msec 35
sysex 43 50 00 05 05 0A 00 02 0A 02 02 00 0A 02 0A 00 00 01 09 09 0E 05 01 00 00 07 0D 09 09 02 0A 02 03 00 02 09 0B 03 08 04 0B 00 08 09 09 02 0A 00 00 03 0C 09 0E 05 00 00 00 00 05 09 0C 03 04 00 00 05 05 09 09 02 06 
msec 35
sysex 43 50 00 05 05 0A 01 06 09 00 00 02 0A 02 07 00 00 09 0C 03 0B 05 00 00 07 09 0B 03 04 06 02 00 03 09 09 02 0A 00 00 00 00 02 06 00 00 00 00 09 0C 04 00 06 03 00 0A 04 04 06 0B 03 0C 09 0A 02 08 00 00 02 0F 09 0C 
msec 35
sysex 43 50 00 05 05 0A 02 03 0B 00 00 00 0A 04 00 00 00 00 03 09 0E 04 0C 00 00 00 07 09 0C 04 04 00 00 00 03 09 0B 03 08 00 00 00 0A 09 09 02 0A 02 00 00 02 09 0B 03 08 05 06 00 08 09 09 02 0A 00 00 08 01 01 06 02 0A 
msec 35
sysex 43 50 00 05 05 0A 03 02 04 00 07 09 0B 03 0B 05 0F 00 03 09 09 02 0A 00 00 07 0D 09 0B 03 04 00 00 00 02 02 08 00 00 00 0D 03 08 00 00 00 0A 09 09 02 03 05 0F 00 00 02 0A 02 07 00 00 09 0A 02 03 06 03 00 00 09 0B 
msec 35
sysex 43 50 00 05 05 0A 04 03 0B 00 00 00 00 09 0C 03 04 05 09 00 07 09 0B 04 00 06 06 00 03 09 09 02 0A 00 00 00 00 02 03 00 00 00 0C 09 00 05 00 06 0C 00 00 09 02 04 04 06 0C 08 01 00 0A 09 09 02 0A 02 06 00 07 09 0B 
msec 35
sysex 43 50 00 05 05 0A 05 03 0B 05 02 00 03 09 09 02 0A 00 00 08 01 01 06 02 0A 02 06 00 07 09 0B 03 08 05 01 00 03 09 09 02 0A 00 00 04 01 09 0C 03 04 00 00 05 00 09 0B 03 0B 00 00 00 05 09 09 02 06 06 09 00 00 02 0A 
msec 35
sysex 43 50 00 05 05 0A 06 02 08 00 00 09 0B 03 08 00 00 00 00 09 0C 03 0B 05 0A 00 05 09 0B 04 00 00 00 00 02 03 0B 05 0C 00 03 09 09 02 0A 00 00 00 00 02 06 00 00 00 00 09 0C 04 00 06 06 00 0A 04 04 06 09 03 0C 09 0A 
msec 35
sysex 43 50 00 05 05 0A 07 02 03 00 00 02 0F 09 0C 03 0B 00 00 00 0A 04 00 00 00 00 0A 04 04 00 00 00 0D 09 09 02 0A 02 01 00 05 09 0B 03 08 04 0D 00 05 09 09 02 0A 00 00 08 01 01 06 02 0A 02 05 00 07 09 0B 03 04 04 02 
msec 35
sysex 43 50 00 05 05 0A 08 00 03 09 09 02 0A 00 00 08 01 00 02 09 0B 03 08 00 00 00 07 03 0B 00 00 00 05 09 01 04 00 00 00 00 00 03 0B 00 00 00 00 03 08 00 00 00 00 09 0D 04 00 00 00 00 00 03 0B 00 00 00 00 03 08 00 00 
msec 35
sysex 43 50 00 05 05 0A 09 00 03 09 0B 03 04 00 00 00 05 09 01 03 0B 06 05 00 00 03 0F 06 05 00 00 04 02 06 05 00 00 09 09 02 03 05 0F 00 00 02 0A 02 0A 00 00 09 0A 02 0A 06 06 00 00 09 0C 02 0F 05 0C 00 00 09 0D 03 0B 
msec 35
sysex 43 50 00 05 05 0A 0A 06 05 00 00 03 0F 06 05 00 00 04 02 06 05 00 07 09 0B 02 0F 06 01 00 03 09 09 02 0A 00 00 00 00 02 03 00 00 01 01 09 00 05 00 00 00 00 00 09 02 04 04 00 00 00 08 09 00 04 0E 06 0C 00 00 09 02 
msec 35
sysex 43 50 00 05 05 0A 0B 04 02 06 0C 07 0D 09 09 02 0A 02 02 00 0A 02 0A 00 00 08 01 01 06 02 0A 02 03 00 02 09 0B 03 06 04 0B 00 08 09 09 02 0A 00 00 04 01 09 0C 02 0F 00 00 05 05 09 09 02 06 06 09 00 00 02 0A 02 07 
msec 35
sysex 43 50 00 05 05 0A 0C 00 00 09 0B 03 03 06 02 00 00 09 0C 03 0B 05 06 00 00 0F 0F 07 0F 00 07 04 03 07 0B 00 01 03 07 00 00 07 0F 07 0F 00 0A 09 09 02 0A 00 00 00 00 02 06 00 00 00 00 09 0C 04 02 06 04 00 0A 04 05 
msec 35
sysex 43 50 00 05 05 0A 0D 06 0C 03 0C 09 0A 02 0A 00 00 02 0F 09 0C 03 0B 00 00 00 0A 04 02 00 00 00 0A 04 05 00 00 00 03 09 0B 03 06 00 00 00 0A 09 09 02 0A 02 00 00 00 09 0B 03 06 05 06 00 0A 09 09 02 0A 00 00 08 01 
msec 35
sysex 43 50 00 05 05 0A 0E 01 06 02 0A 02 04 00 00 09 0B 03 0B 06 05 00 0A 09 09 02 0A 00 00 07 05 09 0B 03 03 00 00 00 0F 02 0F 00 00 00 05 03 06 00 00 00 05 09 00 04 0E 00 00 00 00 09 02 04 02 00 00 00 00 09 0B 03 0B 
msec 35
sysex 43 50 00 05 05 0A 0F 00 00 00 08 09 09 02 03 05 0F 00 00 02 0A 02 07 00 00 09 0A 02 03 06 03 00 00 09 0C 02 0F 05 06 00 02 09 00 05 01 06 0D 00 00 09 02 04 05 06 0D 00 05 09 0B 04 02 06 05 00 03 09 09 02 0A 00 00 
msec 35
sysex 43 50 00 05 05 0A 10 00 00 02 03 00 00 08 01 01 06 02 0A 02 06 00 02 09 0B 03 0B 05 02 00 08 09 09 02 0A 00 00 08 01 01 06 02 0A 02 06 00 07 09 0B 03 06 05 01 00 03 09 09 02 0A 00 00 04 01 09 0C 02 0F 00 00 04 0B 
msec 35
sysex 43 50 00 05 05 0A 11 09 0B 03 0B 00 00 00 0A 09 09 02 06 06 09 00 00 02 0A 02 08 00 00 09 0B 03 06 00 00 00 00 03 0F 05 0B 00 00 09 0C 03 0B 05 07 00 05 09 0B 04 02 00 00 00 05 09 09 02 0A 00 00 00 00 02 06 00 00 
msec 35
sysex 43 50 00 05 05 0A 12 00 00 09 0C 04 02 06 04 00 0A 04 05 06 0D 03 0C 09 0A 02 03 00 00 02 0F 09 0C 03 0B 00 00 00 0A 04 02 00 00 00 0A 04 05 00 00 00 0D 09 09 02 0A 02 01 00 07 09 0B 03 0B 04 0D 00 03 09 09 02 0A 
msec 35
sysex 43 50 00 05 05 0A 13 00 00 08 01 01 06 02 0A 02 05 00 05 09 0B 03 03 04 02 00 05 09 09 02 0A 00 00 08 01 00 02 09 00 05 01 00 00 00 00 09 02 04 05 00 00 00 00 09 0B 03 0F 00 00 00 02 03 0B 00 00 00 0A 09 01 04 02 
msec 35
sysex 43 50 00 05 05 0A 14 00 00 00 00 03 0F 00 00 00 00 03 0B 00 00 00 00 09 0B 03 03 00 00 00 00 09 0D 04 02 00 00 00 00 03 0F 00 00 00 00 03 0B 00 00 00 03 09 00 05 00 06 0C 00 00 09 02 04 04 06 0C 00 05 09 01 03 0B 
msec 35
sysex 43 50 00 05 05 0A 15 06 05 00 00 04 00 06 05 00 00 04 04 06 05 00 00 09 09 02 03 05 0F 00 00 02 0A 02 0A 00 00 09 0A 02 08 06 03 00 00 09 0C 03 04 05 09 00 00 09 0D 03 0B 06 05 00 00 04 00 06 05 00 00 04 04 06 05 
msec 35
sysex 43 50 00 05 05 0A 16 00 02 09 0B 02 08 06 01 00 08 09 09 02 0A 00 00 00 00 02 03 00 00 08 01 01 06 02 0A 02 02 00 0A 02 0A 00 00 08 01 01 06 02 0A 02 03 00 07 09 0B 03 08 04 0B 00 03 09 09 02 0A 00 00 04 01 09 0C 
msec 35
sysex 43 50 00 05 05 0A 17 03 04 00 00 05 05 09 09 02 06 06 09 00 00 02 0A 02 07 00 00 09 0B 03 04 06 02 00 00 09 0C 03 0B 05 00 00 00 0F 0F 07 0F 00 07 04 03 07 0B 00 01 03 03 00 00 07 0F 07 0F 00 0A 09 09 02 0A 00 00 
msec 35
sysex 43 50 00 05 05 0A 18 00 00 02 06 00 00 00 00 09 0C 04 00 06 03 00 0A 04 04 06 0B 03 0C 09 0A 02 08 00 00 02 0F 09 0C 03 0B 00 00 00 0A 04 00 00 00 00 0A 04 04 00 00 00 08 09 0B 03 08 00 00 00 05 09 09 02 0A 02 00 
msec 35
sysex 43 50 00 05 05 0A 19 00 07 09 0B 03 08 05 06 00 03 09 09 02 0A 00 00 08 01 01 06 02 0A 02 04 00 02 09 0B 03 0B 05 0F 00 08 09 09 02 0A 00 00 07 05 09 0B 03 04 00 00 00 0A 02 08 00 00 01 02 03 08 00 00 00 00 03 0B 
msec 35
sysex 43 50 00 05 05 0A 1A 00 00 00 05 09 09 02 03 05 0F 00 00 02 0A 02 07 00 00 09 0A 02 03 06 01 00 00 09 0C 03 04 05 09 00 05 09 0B 04 00 06 06 00 05 09 09 02 0A 00 00 00 00 02 03 00 00 08 01 01 06 02 0A 02 06 00 02 
msec 35
sysex 43 50 00 05 05 0A 1B 09 0B 03 0B 05 02 00 08 09 09 02 0A 00 00 08 01 01 06 02 0A 02 06 00 07 09 0B 03 08 05 01 00 03 09 09 02 0A 00 00 04 01 09 0C 03 04 00 00 04 0B 09 0B 03 0B 00 00 00 0A 09 09 02 06 06 09 00 00 
msec 35
sysex 43 50 00 05 05 0A 1C 02 0A 02 08 00 00 09 0B 03 08 00 00 00 00 09 0C 03 0B 05 0A 00 02 09 0B 04 00 00 00 00 03 03 0B 05 0C 00 05 09 09 02 0A 00 00 00 00 02 06 00 00 00 00 09 0C 04 00 06 06 00 0A 04 04 06 09 03 0C 
msec 35
sysex 43 50 00 05 05 0A 1D 09 0A 02 03 00 00 02 0F 09 0C 03 0B 00 00 00 0A 04 00 00 00 00 0A 04 04 00 00 00 0D 09 09 02 0A 02 01 00 05 09 0B 03 08 04 0D 00 05 09 09 02 0A 00 00 08 01 01 06 02 0A 02 05 00 05 09 0B 03 04 
msec 35
sysex 43 50 00 05 05 0A 1E 04 02 00 05 09 09 02 0A 00 00 08 01 00 02 09 0B 03 08 00 00 00 05 03 0B 00 00 00 07 03 04 00 00 00 08 09 09 02 03 05 0F 00 00 02 0A 02 0A 00 00 09 0A 02 08 06 06 00 00 09 0C 03 04 05 04 00 02 
msec 35
sysex 43 50 00 05 05 0A 1F 09 0B 02 08 06 01 00 08 09 09 02 0A 00 00 00 00 02 03 00 00 08 01 01 06 02 0A 02 02 00 0A 02 0A 00 00 08 01 01 06 02 06 03 0D 00 00 02 0A 02 03 00 0A 02 0A 00 00 00 00 02 06 00 00 04 01 09 0C 
msec 35
sysex 43 50 00 05 05 0A 20 03 04 00 00 00 05 09 09 02 06 04 0D 00 0A 02 06 00 00 04 06 02 06 06 09 00 00 02 0A 02 07 00 00 09 0C 03 0B 04 0E 00 02 09 0B 03 04 06 02 00 08 09 09 02 0A 00 00 00 00 02 06 00 00 00 00 09 0C 
msec 35
sysex 43 50 00 05 05 0A 21 04 00 05 0C 00 0A 04 04 06 04 03 0C 09 0A 02 08 00 00 01 0E 09 00 05 00 00 00 00 00 09 02 04 04 00 00 01 01 09 0C 03 0B 00 00 00 0A 04 00 00 00 00 0A 04 04 00 00 00 0D 09 09 02 0A 02 00 00 00 
msec 35
sysex 43 50 00 05 05 0A 22 09 0B 03 08 05 06 00 0A 09 09 02 0A 00 00 08 01 01 06 02 06 05 0D 00 00 02 0A 02 04 00 05 09 0B 03 0B 05 0F 00 05 09 09 02 0A 00 00 00 00 02 06 00 00 07 08 09 0B 03 04 00 00 00 07 02 08 00 00 
msec 35
sysex 43 50 00 05 05 0A 23 00 0A 03 08 00 00 00 0A 03 0B 00 00 00 03 09 09 02 03 05 0F 00 00 02 0A 02 07 00 00 09 0A 02 03 06 04 00 00 09 0C 03 04 04 0E 00 05 09 0B 04 00 06 06 00 05 09 09 02 0A 00 00 00 00 02 03 00 00 
msec 35
sysex 43 50 00 05 05 0A 24 08 01 01 06 02 0A 02 06 00 07 09 0B 03 0B 05 02 00 03 09 09 02 0A 00 00 08 01 01 06 02 0A 02 06 00 00 03 00 04 09 00 05 09 0B 03 08 05 01 00 05 09 09 03 00 00 00 00 00 02 0A 00 00 04 01 09 0C 
msec 35
sysex 43 50 00 05 05 0A 25 03 04 00 00 04 0B 09 0E 04 0B 05 0E 00 05 09 0B 03 0B 00 00 00 02 03 08 00 00 00 03 09 09 02 06 06 09 00 00 02 0A 02 08 00 00 02 0D 04 0F 00 00 09 0B 03 0B 05 0C 00 00 09 0C 03 0B 04 0F 00 02 
msec 35
sysex 43 50 00 05 05 0A 26 09 0B 04 00 00 00 00 08 09 09 02 0D 00 00 00 00 02 0A 00 00 00 00 02 06 00 00 00 00 09 0C 04 00 05 0C 00 0A 04 04 06 05 00 0C 09 0E 04 0E 07 00 03 00 09 0A 02 03 00 00 02 0F 09 0C 03 0B 00 00 
msec 35
sysex 43 50 00 05 05 0A 27 00 0A 04 00 00 00 00 0A 04 04 00 00 00 08 09 0E 04 0B 00 00 00 02 04 0C 03 0A 00 03 09 09 02 0A 02 01 00 00 02 0D 03 06 00 05 09 0B 03 08 04 0D 00 02 09 0E 04 0E 00 00 00 03 09 09 02 0D 00 00 
msec 35
sysex 43 50 00 05 05 0A 28 00 00 02 0A 00 00 01 06 09 0E 05 00 06 00 05 05 04 0C 00 00 02 01 04 0C 04 00 00 0A 09 09 02 0A 02 05 00 00 02 0D 04 03 00 07 09 0B 03 04 04 02 00 03 09 09 02 0D 00 00 00 00 02 0A 00 00 01 01 
msec 35
sysex 43 50 00 05 05 0A 29 09 0E 05 01 06 08 02 08 05 01 00 00 02 08 05 00 00 00 01 09 04 0C 00 00 00 08 09 0B 03 08 00 00 00 00 03 0B 00 00 00 07 09 0E 04 0C 06 04 00 08 09 0B 03 04 00 00 00 05 09 09 02 03 05 0F 00 00 
msec 35
sysex 43 50 00 05 05 0A 2A 02 0A 02 0A 00 00 09 0A 02 08 06 07 00 00 09 0C 03 04 05 01 00 02 09 0B 02 08 06 01 00 08 09 09 02 0A 00 00 00 00 02 03 00 00 00 02 09 0E 04 0E 03 05 01 04 05 00 07 04 03 00 05 01 06 08 02 0D 
msec 35
sysex 43 50 00 05 05 0A 2B 04 0E 00 00 01 06 05 00 00 00 00 08 05 00 06 02 00 05 09 09 02 0A 02 02 00 0A 02 0A 00 00 01 09 09 0E 05 01 00 00 07 0D 09 09 02 0A 02 03 00 02 09 0B 03 08 04 0B 00 08 09 09 02 0A 00 00 03 0C 
msec 35
sysex 43 50 00 05 05 0A 2C 09 0E 05 00 00 00 00 05 09 0C 03 04 00 00 05 05 09 09 02 06 06 09 00 00 02 0A 02 07 00 00 09 0C 03 0B 04 08 00 07 09 0B 03 04 06 02 00 03 09 09 02 0A 00 00 00 00 02 06 00 00 00 00 09 0C 04 00 
msec 35
sysex 43 50 00 05 05 0A 2D 05 0B 00 0A 04 04 06 03 03 0C 09 0A 02 08 00 00 02 0F 09 0C 03 0B 00 00 00 0A 04 00 00 00 00 03 09 0E 04 0C 00 00 00 07 09 0C 04 04 00 00 00 03 09 0B 03 08 00 00 00 0A 09 09 02 0A 02 00 00 02 
msec 35
sysex 43 50 00 05 05 0A 2E 09 0B 03 08 05 06 00 08 09 09 02 0A 00 00 08 01 01 06 02 0A 02 04 00 07 09 0B 03 0B 05 0F 00 03 09 09 02 0A 00 00 07 0D 09 0B 03 04 00 00 00 02 02 08 00 00 00 0D 03 08 00 00 00 0A 09 09 02 03 
msec 35
sysex 43 50 00 05 05 0A 2F 05 0F 00 00 02 0A 02 07 00 00 09 0A 02 03 06 05 00 00 09 0B 03 0B 00 00 00 00 09 0C 03 04 05 01 00 07 09 0B 04 00 06 06 00 03 09 09 02 0A 00 00 00 00 02 03 00 00 01 0E 09 00 05 03 06 0E 00 00 
msec 35
sysex 43 50 00 05 05 0A 30 09 02 04 07 06 0E 07 08 09 09 02 0A 02 06 00 07 09 0B 03 0B 05 02 00 03 09 09 02 0A 00 00 08 01 01 06 02 0A 02 06 00 07 09 0B 03 08 05 01 00 03 09 09 02 0A 00 00 04 01 09 0C 03 04 00 00 05 00 
msec 35
sysex 43 50 00 05 05 0A 31 09 0B 03 0B 00 00 00 05 09 09 02 06 06 09 00 00 02 0A 02 08 00 00 09 0B 03 08 00 00 00 00 09 0C 03 0B 05 02 00 05 09 0B 04 00 00 00 00 02 03 0B 05 0C 00 03 09 09 02 0A 00 00 00 00 02 06 00 00 
msec 35
sysex 43 50 00 05 05 0A 32 00 00 09 0C 04 00 05 0E 00 0A 04 04 06 01 03 0C 09 0A 02 03 00 00 02 0F 09 0C 03 0B 00 00 00 0A 04 00 00 00 00 0A 04 04 00 00 00 0D 09 09 02 0A 02 01 00 05 09 0B 03 08 04 0D 00 05 09 09 02 0A 
msec 35
sysex 43 50 00 05 05 0A 33 00 00 08 01 01 06 02 0A 02 05 00 07 09 0B 03 04 04 02 00 03 09 09 02 0A 00 00 08 01 00 02 09 0B 03 08 00 00 00 07 03 0B 00 00 00 05 09 01 04 04 00 00 00 00 04 00 00 00 00 00 03 0B 00 00 00 00 
msec 35
sysex 43 50 00 05 05 0A 34 09 0D 04 04 00 00 00 00 04 00 00 00 00 00 03 0B 00 00 00 03 09 0B 03 04 00 00 00 05 09 01 03 0B 06 05 00 00 03 0F 06 05 00 00 04 05 06 05 00 00 09 09 02 03 05 0F 00 00 02 0A 02 0A 00 00 09 0A 
msec 35
sysex 43 50 00 05 05 0A 35 02 0A 06 03 00 00 09 0C 02 0F 05 0C 00 00 09 0D 03 0B 06 05 00 00 03 0F 06 05 00 00 04 05 06 05 00 07 09 0B 02 0F 06 01 00 03 09 09 02 0A 00 00 00 00 02 03 00 00 02 03 09 00 05 03 00 00 00 00 
msec 35
sysex 43 50 00 05 05 0A 36 09 02 04 07 00 00 00 0C 09 00 05 01 06 0D 00 00 09 02 04 05 06 0D 06 07 09 09 02 0A 02 02 00 0A 02 0A 00 00 08 01 01 06 02 06 03 07 00 00 02 0A 02 03 00 02 09 0B 03 06 04 0B 00 08 09 09 02 0A 
msec 35
sysex 43 50 00 05 05 0A 37 00 00 00 00 02 06 00 00 04 01 09 0C 02 0F 00 00 00 05 09 09 02 06 04 09 00 0A 02 06 00 00 04 06 02 06 06 09 00 00 02 0A 02 07 00 00 09 0B 03 03 06 02 00 00 09 0C 03 0B 05 06 00 00 0F 0F 07 0F 
msec 35
sysex 43 50 00 05 05 0A 38 00 07 04 03 07 0B 00 01 03 07 00 00 07 0F 07 0F 00 0A 09 09 02 0A 00 00 00 00 02 06 00 00 00 00 09 0C 04 02 06 04 00 0A 04 05 06 0C 03 0C 09 0A 02 0A 00 00 02 0F 09 0C 03 0B 00 00 00 0A 04 02 
msec 35
sysex 43 50 00 05 05 0A 39 00 00 00 0A 04 05 00 00 00 03 09 0B 03 06 00 00 00 0A 09 09 02 0A 02 00 00 00 09 0B 03 06 05 06 00 0A 09 09 02 0A 00 00 08 01 01 06 02 06 05 0F 00 00 02 0A 02 04 00 00 09 0B 03 0B 06 05 00 0A 
msec 35
sysex 43 50 00 05 05 0A 3A 09 09 02 0A 00 00 00 00 02 06 00 00 07 05 09 0B 03 03 00 00 00 0F 02 0F 00 00 00 05 03 06 00 00 00 05 03 0B 00 00 00 08 09 09 02 03 05 0F 00 00 02 0A 02 07 00 00 02 0D 04 02 00 00 09 0A 02 03 
msec 35
sysex 43 50 00 05 05 0A 3B 06 01 00 00 09 0C 02 0F 05 06 00 07 09 0B 04 02 06 05 00 03 09 09 02 0D 00 00 00 00 02 0A 00 00 00 00 02 03 00 00 00 0C 09 00 05 01 00 00 00 00 09 02 04 05 00 00 00 08 09 00 05 05 06 0E 00 00 
msec 35
sysex 43 50 00 05 05 0A 3C 09 02 04 09 06 0E 08 01 00 02 09 09 02 0A 02 06 00 00 02 0D 03 06 00 02 09 0B 03 0B 05 02 00 08 09 09 02 0D 00 00 00 00 02 0A 00 00 08 01 01 06 02 0A 02 06 00 00 02 0D 03 0C 00 07 09 0B 03 06 
msec 35
sysex 43 50 00 05 05 0A 3D 05 01 00 03 09 09 02 0D 00 00 00 00 02 0A 00 00 04 01 09 0C 02 0F 00 00 04 0B 09 0B 03 0B 00 00 00 0A 09 09 02 06 05 04 00 00 02 0A 02 08 00 00 02 0D 04 0D 00 00 09 0B 03 06 00 00 00 00 03 0F 
msec 35
sysex 43 50 00 05 05 0A 3E 05 0B 00 00 09 0C 03 0B 05 07 00 05 09 0B 04 02 00 00 00 05 09 09 02 0D 00 00 00 00 02 0A 00 00 00 00 02 06 00 00 00 00 09 0C 04 02 06 04 00 0A 04 05 06 0D 03 0C 09 0A 02 03 00 00 02 0F 09 0C 
msec 35
sysex 43 50 00 05 05 0A 3F 03 0B 00 00 00 0A 04 02 00 00 00 0A 04 05 00 00 00 0D 09 09 02 0A 02 01 00 07 09 0B 03 0B 04 0D 00 03 09 09 02 0A 00 00 08 01 01 06 02 0A 02 05 00 05 09 0B 03 03 04 02 00 05 09 09 02 0A 00 00 
msec 35
sysex 43 50 00 05 05 0A 40 08 01 00 02 09 0B 03 0F 00 00 00 02 03 0B 00 00 00 0A 09 01 04 05 00 00 00 00 03 0F 00 00 00 00 03 0B 00 00 00 00 09 0B 03 03 00 00 00 00 09 0D 04 05 00 00 00 00 03 0F 00 00 00 00 03 0B 00 00 
msec 35
sysex 43 50 00 05 05 0A 41 00 08 0F 0F 00 06 00 08 04 05 06 0E 06 04 06 09 06 0E 06 07 02 00 04 02 00 00 09 01 03 08 06 0D 00 00 03 0B 06 0D 00 00 04 00 06 0D 00 00 09 09 02 03 05 0F 00 00 03 03 03 03 00 00 03 09 03 0D 
msec 35
sysex 43 50 00 05 05 0A 42 00 00 09 0A 02 08 06 06 00 00 09 0C 03 04 06 00 00 00 09 0D 03 08 06 0D 00 00 03 0B 06 0D 00 00 04 00 06 0D 00 02 09 0B 02 08 06 01 00 08 09 09 03 09 00 00 00 00 03 03 00 00 00 00 02 03 00 00 
msec 35
sysex 43 50 00 05 05 0A 43 00 0A 09 00 05 05 00 00 00 00 09 02 04 09 00 00 00 07 09 00 05 08 06 0B 00 00 09 02 04 04 06 0B 08 02 02 0C 09 0B 03 08 04 0B 04 04 09 0C 03 04 00 00 05 05 09 09 02 06 06 09 00 00 02 07 05 05 
msec 35
sysex 43 50 00 05 05 0A 44 00 00 03 03 03 07 00 00 09 0B 03 04 06 02 00 00 09 0C 03 0B 05 07 00 00 0F 0F 07 0F 00 07 04 03 07 0B 00 01 03 03 00 00 07 0F 07 0F 00 0A 09 09 03 03 00 00 00 00 02 07 00 00 00 00 02 06 00 00 
msec 35
sysex 43 50 00 05 05 0A 45 00 00 09 0C 04 00 06 0A 00 0A 04 04 07 02 03 0C 09 0A 02 08 00 00 02 0F 09 0C 03 0B 00 00 00 0A 04 00 00 00 00 0A 04 04 00 00 00 08 09 0B 03 08 00 00 00 0C 03 08 05 06 08 01 01 0B 03 0B 05 0F 
msec 35
sysex 43 50 00 05 05 0A 46 07 0D 03 04 00 00 00 0A 02 08 00 00 01 02 03 08 00 00 00 00 03 0B 00 00 00 05 09 09 02 03 05 0F 00 00 03 03 03 03 00 00 09 0A 02 03 06 04 00 00 09 0C 03 04 06 00 00 05 09 0B 04 00 06 06 00 05 
msec 35
sysex 43 50 00 05 05 0A 47 09 09 03 03 00 00 00 00 02 03 00 00 08 01 01 08 09 0B 03 0B 05 02 08 01 02 05 03 08 05 01 04 04 09 0C 03 04 00 00 04 0B 09 0B 03 0B 00 00 00 05 09 0E 03 09 05 0E 00 05 09 09 02 06 06 09 00 00 
msec 35
sysex 43 50 00 05 05 0A 48 02 07 05 05 00 00 03 03 03 07 00 00 09 0B 03 08 00 00 00 00 09 0C 03 0B 06 01 00 02 09 0B 04 00 00 00 00 03 03 0B 05 0C 00 05 09 09 03 03 00 00 00 00 02 07 00 00 00 00 02 06 00 00 00 00 09 0C 
msec 35
sysex 43 50 00 05 05 0A 49 04 00 06 0D 00 05 09 0E 03 0F 07 00 00 05 09 0C 04 04 07 00 03 0C 09 0A 02 03 00 00 02 0F 09 0C 03 0B 00 00 00 0A 04 00 00 00 00 0A 04 04 00 00 00 03 09 0E 03 0F 00 00 00 0A 03 0B 03 0A 00 05 
msec 35
sysex 43 50 00 05 05 0A 4A 09 0B 03 08 04 0D 00 0A 09 0E 04 00 06 00 06 0B 03 09 00 00 02 01 03 0D 04 00 00 0A 09 0B 03 04 04 02 00 07 09 0E 04 02 06 08 04 01 03 0B 00 00 00 0D 04 00 00 00 02 0F 04 02 00 00 00 03 09 0B 
msec 35
sysex 43 50 00 05 05 0A 4B 03 08 00 00 00 05 03 0B 00 00 00 07 03 04 00 00 00 03 09 0E 03 0B 06 04 00 05 09 09 02 03 05 0F 00 00 03 03 03 03 00 00 09 0A 02 08 06 06 00 00 09 0C 03 04 05 0B 00 02 09 0B 02 08 06 01 00 03 
msec 35
sysex 43 50 00 05 05 0A 4C 09 0E 03 0D 00 00 00 05 09 09 03 03 00 00 00 00 02 03 00 00 00 05 09 0E 04 00 07 04 08 02 07 0C 09 0C 03 04 00 00 05 00 09 0E 03 0F 05 0E 00 05 09 09 02 06 06 09 00 00 02 07 05 05 00 00 03 03 
msec 35
sysex 43 50 00 05 05 0A 4D 03 07 00 00 09 0C 03 0B 05 05 00 02 09 0B 03 04 06 02 00 08 09 09 03 03 00 00 00 00 02 07 00 00 00 00 02 06 00 00 00 00 09 0C 04 00 06 03 00 05 09 0E 04 02 07 00 00 05 09 0C 04 04 06 0B 03 0C 
msec 35
sysex 43 50 00 05 05 0A 4E 09 0A 02 08 00 00 02 0F 09 0C 03 0B 00 00 00 03 09 0E 04 00 00 00 00 07 09 0C 04 00 00 00 00 0A 04 04 00 00 00 00 09 0E 03 0B 00 00 00 03 04 02 00 00 00 0A 09 0B 03 08 05 06 00 00 09 0E 03 0F 
msec 35
sysex 43 50 00 05 05 0A 4F 00 00 00 00 04 00 03 0A 00 0F 04 04 06 00 06 09 04 00 00 00 02 03 04 00 04 00 00 0A 09 0B 03 0B 05 0F 00 07 09 0E 04 05 06 08 04 0E 04 04 00 00 02 08 09 0B 03 04 00 00 00 00 09 0E 04 05 00 00 
msec 35
sysex 43 50 00 05 05 0A 50 00 00 04 00 00 00 00 07 09 0B 02 08 00 00 00 0A 03 08 00 00 00 08 09 0E 04 00 06 04 00 02 09 0B 03 0B 00 00 00 03 09 09 02 03 05 0F 00 00 03 03 03 03 00 00 09 0A 02 03 06 04 00 00 09 0C 03 04 
msec 35
sysex 43 50 00 05 05 0A 51 05 05 00 05 09 0B 04 00 06 06 00 05 09 09 03 03 00 00 00 00 02 03 00 00 00 05 09 0E 04 04 07 04 08 01 01 08 09 0B 03 0B 05 02 08 01 01 0E 03 08 05 01 04 06 09 0C 03 04 00 00 05 00 09 0B 03 0B 
msec 35
sysex 43 50 00 05 05 0A 52 00 00 00 00 09 0E 04 02 05 0E 00 02 09 0B 03 08 00 00 00 03 09 09 02 06 06 09 00 00 02 07 05 05 00 00 03 03 03 07 00 00 09 0B 03 0B 05 0C 00 00 09 0C 03 0B 05 06 00 02 09 0B 04 00 00 00 00 08 
msec 35
sysex 43 50 00 05 05 0A 53 09 09 03 03 00 00 00 00 02 07 00 00 00 00 02 06 00 00 00 00 09 0C 04 00 06 03 00 05 09 0E 04 05 07 00 00 05 09 0C 04 04 06 0C 03 0C 09 0A 02 03 00 00 02 0F 09 0C 03 0B 00 00 00 03 09 0E 04 04 
msec 35
sysex 43 50 00 05 05 0A 54 00 00 00 07 09 0C 04 00 00 00 00 0A 04 04 00 00 00 00 09 0E 04 00 00 00 00 03 04 05 00 00 00 0A 04 02 00 00 00 00 04 04 03 0A 00 05 09 0B 03 08 04 0D 00 0A 09 0E 04 07 06 00 06 09 04 04 00 00 
msec 35
sysex 43 50 00 05 05 0A 55 02 03 04 05 04 00 00 0C 09 0B 03 04 04 02 00 05 09 0E 04 09 06 08 04 0E 04 07 00 00 02 08 04 09 00 00 00 07 04 05 00 00 00 03 09 0B 03 08 00 00 00 00 03 0B 00 00 00 0F 03 04 00 00 00 00 09 0E 
msec 35
sysex 43 50 00 05 05 0A 56 04 04 06 04 00 05 09 09 02 03 05 0F 00 00 03 03 03 03 00 00 09 0A 02 08 06 06 00 00 09 0C 03 04 05 08 00 02 09 0B 02 08 06 01 00 08 09 09 03 03 00 00 00 00 02 03 00 00 00 05 09 0E 04 07 07 04 
msec 35
sysex 43 50 00 05 05 0A 57 08 02 03 03 09 0B 03 08 04 0B 04 09 09 0C 03 04 00 00 05 00 09 0E 05 01 07 00 00 05 09 09 02 06 06 09 00 00 02 07 05 05 00 00 03 03 03 07 00 00 09 0C 03 0B 04 0F 00 07 09 0B 03 04 06 02 00 03 
msec 35
sysex 43 50 00 05 05 0A 58 09 09 03 03 00 00 00 00 02 07 00 00 00 00 02 06 00 00 00 00 09 0C 04 00 06 02 00 05 09 0E 04 0B 06 06 00 05 09 0C 04 04 06 0A 03 0C 09 0A 02 08 00 00 02 0F 09 0C 03 0B 00 00 00 03 09 0E 04 07 
msec 35
sysex 43 50 00 05 05 0A 59 00 00 00 07 09 0C 04 00 00 00 00 0A 04 04 00 00 00 00 09 0E 04 04 00 00 00 03 09 0B 03 08 00 00 00 00 09 0E 04 0B 00 00 00 0A 05 03 04 0C 00 02 09 0B 03 08 05 06 00 0D 09 0E 04 0C 05 06 06 0B 
msec 35
sysex 43 50 00 05 05 0A 5A 05 01 00 00 02 01 05 05 07 02 00 0C 09 0B 03 0B 05 0F 00 05 09 0E 04 0E 05 09 04 01 05 03 00 00 00 0D 04 0C 00 00 02 0D 09 0B 03 04 00 00 00 02 02 08 00 00 00 00 09 0E 04 0E 00 00 00 0D 09 0B 
msec 35
sysex 43 50 00 05 05 0A 5B 03 08 00 00 00 05 09 0E 05 03 07 0F 00 05 09 09 02 03 05 0F 00 00 03 03 03 03 00 00 09 0A 02 03 06 03 00 00 09 0B 03 0B 00 00 00 00 09 0C 03 04 05 08 00 05 09 0E 05 05 00 00 00 02 09 0B 04 00 
msec 35
sysex 43 50 00 05 05 0A 5C 06 06 00 03 09 09 03 03 00 00 00 00 02 03 00 00 00 05 09 0E 04 0C 06 0A 05 05 09 00 05 08 00 00 00 00 09 02 04 04 00 00 04 03 09 0B 03 0B 05 02 08 01 02 00 03 08 05 01 04 04 09 0C 03 04 00 00 
msec 35
sysex 43 50 00 05 05 0A 5D 05 00 09 0B 03 0B 00 00 00 00 09 0E 04 04 06 0C 00 05 09 09 02 06 06 09 00 00 02 07 05 05 00 00 03 03 03 07 00 00 09 0B 03 08 00 00 00 00 09 0C 03 0B 05 09 00 05 09 0B 04 00 00 00 00 02 03 0B 
msec 35
sysex 43 50 00 05 05 0A 5E 05 0C 00 03 09 09 03 03 00 00 00 00 02 07 00 00 00 00 02 06 00 00 00 00 09 0C 04 00 06 05 00 05 09 0E 04 07 07 0F 00 05 09 0C 04 04 06 08 03 0C 09 0A 02 03 00 00 02 0F 09 0C 03 0B 00 00 00 0A 
msec 35
sysex 43 50 00 05 05 0A 5F 04 00 00 00 00 0A 04 04 00 00 00 00 09 0E 05 03 00 00 00 03 04 07 00 00 00 0A 04 04 00 00 00 00 04 05 03 0F 00 05 09 0B 03 08 04 0D 00 0A 09 0E 04 09 07 03 06 09 04 05 00 00 00 0A 04 0C 00 00 
msec 35
sysex 43 50 00 05 05 0A 60 02 05 09 0B 03 04 04 02 00 05 09 0E 04 07 04 05 01 02 04 0B 07 0B 03 0C 04 09 00 00 03 02 09 0B 03 08 00 00 00 07 03 0B 00 00 00 00 09 0E 04 0B 00 00 00 00 04 07 00 00 00 05 09 01 04 00 00 00 
msec 35
sysex 43 50 00 05 05 0A 61 00 00 03 0B 00 00 00 00 03 08 00 00 00 00 09 0D 04 00 00 00 00 00 03 0B 00 00 00 00 03 08 00 00 00 03 09 0B 03 04 00 00 00 05 09 01 03 08 06 0D 00 00 03 0B 06 0D 00 00 04 00 06 0D 00 00 09 09 
msec 35
sysex 43 50 00 05 05 0A 62 02 03 05 0F 00 00 03 01 04 05 00 00 03 03 03 03 00 00 09 0A 02 08 06 06 00 00 09 0C 03 08 04 0F 00 00 09 0D 03 08 06 0D 00 00 03 0B 06 0D 00 00 04 00 06 0D 00 02 09 0B 02 08 05 06 00 08 09 09 
msec 35
sysex 43 50 00 05 05 0A 63 03 03 00 00 00 00 03 01 00 00 00 00 02 03 00 00 00 00 09 0C 03 0B 06 02 00 0A 09 0B 02 0F 05 0C 00 00 09 0C 04 00 06 0A 00 02 09 0E 04 07 06 09 01 07 09 0B 03 04 05 0D 00 0A 03 08 06 03 00 00 
msec 35
sysex 43 50 00 05 05 0A 64 09 0E 04 0C 07 0F 08 0E 05 0A 04 07 00 00 02 01 04 0C 00 00 08 0E 03 07 09 0B 02 08 00 00 01 02 02 0F 00 00 00 05 09 01 04 00 00 00 00 00 03 0B 00 00 00 00 03 08 00 00 00 00 09 0A 02 08 00 00 
msec 35
sysex 43 50 00 05 05 0A 65 00 00 09 0B 03 04 00 00 00 00 03 08 00 00 00 00 09 0C 04 00 00 00 00 00 03 0B 00 00 00 00 03 08 00 00 00 00 09 0D 04 00 00 00 00 00 03 0B 00 00 00 00 03 08 00 00 00 00 0F 0F 02 0F 00 00 04 03 
msec 35
sysex 43 50 00 05 05 0A 66 04 01 05 03 04 0D 00 00 00 00 00 08 04 03 04 03 05 03 04 05 04 07 00 00 00 00 00 01 05 09 05 03 06 04 06 05 06 03 00 00 00 00 00 00 00 07 04 09 06 0E 07 04 07 02 06 0F 02 00 04 01 04 03 07 04 
msec 35
sysex 43 50 00 05 05 0A 67 06 02 03 02 00 00 00 00 00 00 02 0F 00 09 04 04 07 02 07 05 06 0D 02 00 02 00 02 00 02 00 00 09 00 00 00 0F 0F 0F 00 07 0F 0F 0F 0F 0F 0F 0F 0F 00 00 00 02 00 00 07 0F 00 00 08 01 00 03 01 08 
msec 35
sysex 43 50 00 05 05 0A 68 00 00 00 02 00 01 00 00 00 07 00 00 07 0F 00 01 00 01 00 00 00 07 00 00 07 0F 00 01 00 00 00 00 00 00 00 00 00 00 00 00 00 00 04 03 07 04 06 02 03 02 00 00 00 00 00 00 02 0F 00 0A 04 02 06 01 
msec 35
sysex 43 50 00 05 05 0A 69 07 03 07 03 04 09 06 0E 07 04 07 02 00 0A 00 00 00 0F 0F 0F 00 03 0F 0F 0F 0F 0F 0F 0F 0F 00 00 00 00 00 00 07 0F 00 00 08 01 00 03 01 08 00 00 00 02 00 00 00 07 00 09 00 00 07 0F 00 01 00 00 
msec 35
sysex 43 50 00 05 05 0A 6A 00 07 00 03 01 0C 07 0F 00 01 00 00 00 00 00 00 00 00 00 00 00 00 00 00 04 03 07 04 06 02 03 02 00 00 00 00 00 00 02 0F 00 0B 04 0D 06 01 06 0A 02 0D 06 0D 06 09 06 0E 02 00 00 0B 00 00 00 0F 
msec 35
sysex 43 50 00 05 05 0A 6B 0F 0F 00 03 0F 0F 0F 0F 0F 0F 0F 0F 00 00 00 00 00 00 07 0F 00 00 08 01 00 03 01 08 00 00 00 02 00 00 00 07 00 09 00 00 07 0F 00 01 00 00 00 07 00 07 00 00 07 0F 00 01 00 00 00 00 00 00 00 00 
msec 35
sysex 43 50 00 05 05 0A 6C 00 00 00 00 00 00 04 03 07 04 06 02 03 02 00 00 00 00 00 00 02 0F 00 0C 04 0D 06 01 06 0A 02 0D 06 0D 06 09 06 0E 02 00 00 0C 00 00 00 0F 0F 0F 00 03 0F 0F 0F 0F 0F 0F 0F 0F 00 00 00 00 00 00 
msec 35
sysex 43 50 00 05 05 0A 6D 07 0F 00 00 08 01 00 03 01 08 00 00 00 02 00 00 00 07 00 09 00 00 07 0F 00 01 00 00 00 07 00 07 00 00 07 0F 00 01 00 00 00 00 00 00 00 00 00 00 00 00 00 00 04 03 07 04 06 02 03 02 00 00 00 00 
msec 35
sysex 43 50 00 05 05 0A 6E 00 00 02 0F 00 0D 04 0D 06 01 06 0A 02 0D 06 0D 06 09 06 0E 02 00 00 0D 00 00 00 0F 0F 0F 00 03 0F 0F 0F 0F 0F 0F 0F 0F 00 00 00 00 00 00 07 0F 00 00 08 01 00 03 01 08 00 00 00 02 00 00 00 07 
msec 35
sysex 43 50 00 05 05 0A 6F 00 09 00 00 07 0F 00 01 00 00 00 07 00 07 00 00 07 0F 00 01 00 00 00 00 00 00 00 00 00 00 00 00 00 00 04 03 07 04 06 02 03 02 00 00 00 00 00 00 02 0F 00 0E 04 0D 06 01 06 0A 02 0D 06 0D 06 09 
msec 35
sysex 43 50 00 05 05 0A 70 06 0E 02 00 00 0E 00 00 00 0F 0F 0F 00 03 0F 0F 0F 0F 0F 0F 0F 0F 00 00 00 00 00 00 07 0F 00 00 08 01 00 03 01 08 00 00 00 02 00 00 00 07 00 09 00 00 07 0F 00 01 00 00 00 07 00 07 00 00 07 0F 
msec 35
sysex 43 50 00 05 05 0A 71 00 01 00 00 00 00 00 00 00 00 00 00 00 00 00 00 04 03 05 03 04 05 04 07 00 00 00 00 00 01 05 08 05 03 06 04 06 05 06 03 00 00 00 00 00 00 00 06 04 0D 06 01 06 09 06 0E 02 00 04 01 04 03 07 04 
msec 35
sysex 43 50 00 05 05 0A 72 06 02 03 02 00 00 00 00 00 00 02 0F 00 09 04 04 07 02 07 05 06 0D 03 04 06 03 06 03 02 00 00 09 00 00 00 0F 0F 0F 00 07 0F 0F 0F 0F 0F 0F 0F 0F 00 00 00 02 00 00 07 0F 00 00 08 01 00 03 01 08 
msec 35
sysex 43 50 00 05 05 0A 73 00 00 00 02 00 01 00 00 00 07 00 00 07 0F 00 01 00 01 00 00 00 07 00 00 07 0F 00 01 00 00 00 01 00 00 01 08 03 01 05 00 00 00 04 03 07 04 06 02 03 02 00 00 00 00 00 00 02 0F 00 0A 04 02 06 01 
msec 35
sysex 43 50 00 05 05 0A 74 07 03 07 03 04 0D 06 01 06 09 06 0E 00 0A 00 00 00 0F 0F 0F 00 03 0F 0F 0F 0F 0F 0F 0F 0F 00 00 00 02 00 00 07 0F 00 00 08 01 00 03 01 08 00 00 00 02 00 00 08 01 00 05 02 03 02 0F 00 02 00 00 
msec 35
sysex 43 50 00 05 05 0A 75 08 01 00 03 01 0C 07 0F 00 02 00 00 00 00 00 00 00 00 00 00 00 00 00 00 04 03 07 04 06 02 03 02 00 00 00 00 00 00 02 0F 00 0B 04 03 06 08 07 02 06 04 04 0D 06 01 06 09 06 0E 00 0B 00 00 00 0F 
msec 35
sysex 43 50 00 05 05 0A 76 0F 0F 00 03 0F 0F 0F 0F 0F 0F 0F 0F 00 00 00 02 03 01 07 0F 00 00 08 01 00 0A 01 08 02 0F 00 02 00 01 00 02 00 0A 00 00 07 0F 00 01 00 01 00 02 00 07 00 00 07 0F 00 01 00 00 00 00 00 00 00 00 
msec 35
sysex 43 50 00 05 05 0A 77 00 00 00 00 00 00 04 03 07 04 06 02 03 02 00 00 00 00 00 00 02 0F 00 0C 04 03 06 08 07 02 06 04 04 0D 06 01 06 09 06 0E 00 0C 00 00 00 0F 0F 0F 00 03 0F 0F 0F 0F 0F 0F 0F 0F 00 00 00 02 00 00 
msec 35
sysex 43 50 00 05 05 0A 78 07 0F 00 00 08 01 00 03 01 08 00 00 00 02 00 01 00 02 00 0A 02 08 04 05 00 01 00 01 00 02 00 07 00 00 07 0F 00 01 00 00 00 00 00 00 00 00 00 00 00 00 00 00 04 03 07 04 06 02 03 02 00 00 00 00 
msec 35
sysex 43 50 00 05 05 0A 79 00 00 02 0F 00 0D 04 03 06 08 07 02 06 04 04 0D 06 01 06 09 06 0E 00 0D 00 00 00 0F 0F 0F 00 03 0F 0F 0F 0F 0F 0F 0F 0F 00 00 00 02 03 01 07 0F 00 00 08 01 00 0A 01 08 02 0F 00 02 00 01 00 02 
msec 35
sysex 43 50 00 05 05 0A 7A 00 0A 03 06 04 07 00 01 00 01 00 02 00 07 00 00 07 0F 00 01 00 00 00 00 00 00 00 00 00 00 00 00 00 00 04 03 07 04 06 02 03 02 00 00 00 00 00 00 02 0F 00 0E 04 04 07 02 07 05 06 0D 03 04 06 03 
msec 35
sysex 43 50 00 05 05 0A 7B 06 03 02 00 00 0E 00 00 00 0F 0F 0F 00 07 0F 0F 0F 0F 0F 0F 0F 0F 00 00 00 02 00 00 07 0F 00 00 08 01 00 03 01 08 00 00 00 02 00 01 00 00 00 09 03 09 05 05 00 01 00 01 00 00 00 07 00 00 07 0F 
msec 35
sysex 43 50 00 05 05 0A 7C 00 01 00 00 00 01 00 00 01 08 03 01 05 00 00 00 04 03 05 03 04 05 04 07 00 00 00 00 00 01 05 08 05 03 06 04 06 05 06 03 00 00 00 00 00 00 00 06 04 0D 06 01 06 09 06 0E 02 00 04 02 04 03 07 04 
msec 35
sysex 43 50 00 05 05 0A 7D 06 02 03 02 00 00 00 00 00 00 02 0F 00 09 04 04 07 02 07 05 06 0D 03 04 06 03 06 03 02 00 00 09 00 00 00 0F 0F 0F 00 07 0F 0F 0F 0F 0F 0F 0F 0F 00 00 00 02 00 00 07 0F 00 00 08 01 00 03 01 08 
msec 35
sysex 43 50 00 05 05 0A 7E 00 00 00 02 00 01 00 00 00 07 00 00 07 0F 00 01 00 01 00 00 00 07 00 00 07 0F 00 01 00 00 00 01 00 00 01 08 03 01 05 00 00 00 04 03 07 04 06 02 03 02 00 00 00 00 00 00 02 0F 00 0A 04 02 06 01 
msec 35
sysex 43 50 00 05 05 0A 7F 07 03 07 03 04 0D 06 01 06 09 06 0E 00 0A 00 00 00 0F 0F 0F 00 03 0F 0F 0F 0F 0F 0F 0F 0F 00 00 00 02 00 00 07 0F 00 00 08 01 00 03 01 08 00 00 00 02 00 00 08 01 00 05 02 03 02 0F 00 02 00 00 
msec 35
sysex 43 50 00 05 05 0B 00 08 01 00 03 01 0C 07 0F 00 02 00 00 00 00 00 00 00 00 00 00 00 00 00 00 04 03 07 04 06 02 03 02 00 00 00 00 00 00 02 0F 00 0B 04 03 06 08 07 02 06 04 04 0D 06 01 06 09 06 0E 00 0B 00 00 00 0F 
msec 35
sysex 43 50 00 05 05 0B 01 0F 0F 00 03 0F 0F 0F 0F 0F 0F 0F 0F 00 00 00 02 03 01 07 0F 00 00 08 01 00 0A 01 08 02 0F 00 02 00 01 00 02 00 0A 00 00 07 0F 00 01 00 01 00 02 00 07 00 00 07 0F 00 01 00 00 00 00 00 00 00 00 
msec 35
sysex 43 50 00 05 05 0B 02 00 00 00 00 00 00 04 03 07 04 06 02 03 02 00 00 00 00 00 00 02 0F 00 0C 04 03 06 08 07 02 06 04 04 0D 06 01 06 09 06 0E 00 0C 00 00 00 0F 0F 0F 00 03 0F 0F 0F 0F 0F 0F 0F 0F 00 00 00 02 00 00 
msec 35
sysex 43 50 00 05 05 0B 03 07 0F 00 00 08 01 00 03 01 08 00 00 00 02 00 01 00 02 00 0A 02 08 04 05 00 01 00 01 00 02 00 07 00 00 07 0F 00 01 00 00 00 00 00 00 00 00 00 00 00 00 00 00 04 03 07 04 06 02 03 02 00 00 00 00 
msec 35
sysex 43 50 00 05 05 0B 04 00 00 02 0F 00 0D 04 03 06 08 07 02 06 04 04 0D 06 01 06 09 06 0E 00 0D 00 00 00 0F 0F 0F 00 03 0F 0F 0F 0F 0F 0F 0F 0F 00 00 00 02 03 01 07 0F 00 00 08 01 00 0A 01 08 02 0F 00 02 00 01 00 02 
msec 35
sysex 43 50 00 05 05 0B 05 00 0A 03 06 04 07 00 01 00 01 00 02 00 07 00 00 07 0F 00 01 00 00 00 00 00 00 00 00 00 00 00 00 00 00 04 03 07 04 06 02 03 02 00 00 00 00 00 00 02 0F 00 0E 04 04 07 02 07 05 06 0D 03 04 06 03 
msec 35
sysex 43 50 00 05 05 0B 06 06 03 02 00 00 0E 00 00 00 0F 0F 0F 00 07 0F 0F 0F 0F 0F 0F 0F 0F 00 00 00 02 00 00 07 0F 00 00 08 01 00 03 01 08 00 00 00 02 00 01 00 00 00 0A 00 00 07 0F 00 01 00 01 00 00 00 07 00 00 07 0F 
msec 35
sysex 43 50 00 05 05 0B 07 00 01 00 00 00 01 00 00 01 08 03 01 05 00 00 00 04 03 05 03 04 05 04 07 00 00 00 00 00 01 05 08 05 03 06 04 06 05 06 03 00 00 00 00 00 00 00 06 04 0D 06 01 06 09 06 0E 02 00 04 03 04 03 07 04 
msec 35
sysex 43 50 00 05 05 0B 08 06 02 03 02 00 00 00 00 00 00 02 0F 00 09 04 04 07 02 07 05 06 0D 03 04 06 03 06 03 02 00 00 09 00 00 00 0F 0F 0F 00 07 0F 0F 0F 0F 0F 0F 0F 0F 00 00 00 02 00 00 07 0F 00 00 08 01 00 03 01 08 
msec 35
sysex 43 50 00 05 05 0B 09 00 00 00 02 00 01 00 00 00 07 00 00 07 0F 00 01 00 01 00 00 00 07 00 00 07 0F 00 01 00 00 00 01 00 00 01 08 03 01 05 00 00 00 04 03 07 04 06 02 03 02 00 00 00 00 00 00 02 0F 00 0A 04 02 06 01 
msec 35
sysex 43 50 00 05 05 0B 0A 07 03 07 03 04 0D 06 01 06 09 06 0E 00 0A 00 00 00 0F 0F 0F 00 03 0F 0F 0F 0F 0F 0F 0F 0F 00 00 00 02 00 00 07 0F 00 00 08 01 00 03 01 08 00 00 00 02 00 00 08 01 00 05 02 03 02 0F 00 02 00 00 
msec 35
sysex 43 50 00 05 05 0B 0B 08 01 00 03 01 0C 07 0F 00 02 00 00 00 00 00 00 00 00 00 00 00 00 00 00 04 03 07 04 06 02 03 02 00 00 00 00 00 00 02 0F 00 0B 04 03 06 08 07 02 06 04 04 0D 06 01 06 09 06 0E 00 0B 00 00 00 0F 
msec 35
sysex 43 50 00 05 05 0B 0C 0F 0F 00 03 0F 0F 0F 0F 0F 0F 0F 0F 00 00 00 02 03 01 07 0F 00 00 08 01 00 0A 01 08 02 0F 00 02 00 01 00 02 00 0A 00 00 07 0F 00 01 00 01 00 02 00 07 00 00 07 0F 00 01 00 00 00 00 00 00 00 00 
msec 35
sysex 43 50 00 05 05 0B 0D 00 00 00 00 00 00 04 03 07 04 06 02 03 02 00 00 00 00 00 00 02 0F 00 0C 04 03 06 08 07 02 06 04 04 0D 06 01 06 09 06 0E 00 0C 00 00 00 0F 0F 0F 00 03 0F 0F 0F 0F 0F 0F 0F 0F 00 00 00 02 00 00 
msec 35
sysex 43 50 00 05 05 0B 0E 07 0F 00 00 08 01 00 03 01 08 00 00 00 02 00 01 00 02 00 0A 02 08 04 05 00 01 00 01 00 02 00 07 00 00 07 0F 00 01 00 00 00 00 00 00 00 00 00 00 00 00 00 00 04 03 07 04 06 02 03 02 00 00 00 00 
msec 35
sysex 43 50 00 05 05 0B 0F 00 00 02 0F 00 0D 04 03 06 08 07 02 06 04 04 0D 06 01 06 09 06 0E 00 0D 00 00 00 0F 0F 0F 00 03 0F 0F 0F 0F 0F 0F 0F 0F 00 00 00 02 03 01 07 0F 00 00 08 01 00 0A 01 08 02 0F 00 02 00 01 00 02 
msec 35
sysex 43 50 00 05 05 0B 10 00 0A 03 06 04 07 00 01 00 01 00 02 00 07 00 00 07 0F 00 01 00 00 00 00 00 00 00 00 00 00 00 00 00 00 04 03 07 04 06 02 03 02 00 00 00 00 00 00 02 0F 00 0E 04 04 07 02 07 05 06 0D 03 04 06 03 
msec 35
sysex 43 50 00 05 05 0B 11 06 03 02 00 00 0E 00 00 00 0F 0F 0F 00 07 0F 0F 0F 0F 0F 0F 0F 0F 00 00 00 02 00 00 07 0F 00 00 08 01 00 03 01 08 00 00 00 02 00 01 00 00 00 0A 00 00 07 0F 00 01 00 01 00 00 00 07 00 00 07 0F 
msec 35
sysex 43 50 00 05 05 0B 12 00 01 00 00 00 01 00 00 01 08 03 01 05 00 00 00 04 03 05 03 04 05 04 07 00 00 00 00 00 01 05 08 05 03 06 04 06 05 06 03 00 00 00 00 00 00 00 06 04 0D 06 01 06 09 06 0E 02 00 04 04 04 03 07 04 
msec 35
sysex 43 50 00 05 05 0B 13 06 02 03 02 00 00 00 00 00 00 02 0F 00 09 04 04 07 02 07 05 06 0D 03 04 06 03 06 03 02 00 00 09 00 00 00 0F 0F 0F 00 07 0F 0F 0F 0F 0F 0F 0F 0F 00 00 00 02 00 00 07 0F 00 00 08 01 00 03 01 08 
msec 35
sysex 43 50 00 05 05 0B 14 00 00 00 02 00 01 00 00 00 07 00 00 07 0F 00 01 00 01 00 00 00 07 00 00 07 0F 00 01 00 00 00 01 00 00 01 08 03 01 05 00 00 00 04 03 07 04 06 02 03 02 00 00 00 00 00 00 02 0F 00 0A 04 02 06 01 
msec 35
sysex 43 50 00 05 05 0B 15 07 03 07 03 04 0D 06 01 06 09 06 0E 00 0A 00 00 00 0F 0F 0F 00 03 0F 0F 0F 0F 0F 0F 0F 0F 00 00 00 02 00 00 07 0F 00 00 08 01 00 03 01 08 00 00 00 02 00 00 08 01 00 05 02 03 02 0F 00 02 00 00 
msec 35
sysex 43 50 00 05 05 0B 16 08 01 00 03 01 0C 07 0F 00 02 00 00 00 00 00 00 00 00 00 00 00 00 00 00 04 03 07 04 06 02 03 02 00 00 00 00 00 00 02 0F 00 0B 04 03 06 08 07 02 06 04 04 0D 06 01 06 09 06 0E 00 0B 00 00 00 0F 
msec 35
sysex 43 50 00 05 05 0B 17 0F 0F 00 03 0F 0F 0F 0F 0F 0F 0F 0F 00 00 00 02 03 01 07 0F 00 00 08 01 00 0A 01 08 02 0F 00 02 00 01 00 02 00 0A 00 00 07 0F 00 01 00 01 00 02 00 07 00 00 07 0F 00 01 00 00 00 00 00 00 00 00 
msec 35
sysex 43 50 00 05 05 0B 18 00 00 00 00 00 00 04 03 07 04 06 02 03 02 00 00 00 00 00 00 02 0F 00 0C 04 03 06 08 07 02 06 04 04 0D 06 01 06 09 06 0E 00 0C 00 00 00 0F 0F 0F 00 03 0F 0F 0F 0F 0F 0F 0F 0F 00 00 00 02 00 00 
msec 35
sysex 43 50 00 05 05 0B 19 07 0F 00 00 08 01 00 03 01 08 00 00 00 02 00 01 00 02 00 0A 02 08 04 05 00 01 00 01 00 02 00 07 00 00 07 0F 00 01 00 00 00 00 00 00 00 00 00 00 00 00 00 00 04 03 07 04 06 02 03 02 00 00 00 00 
msec 35
sysex 43 50 00 05 05 0B 1A 00 00 02 0F 00 0D 04 03 06 08 07 02 06 04 04 0D 06 01 06 09 06 0E 00 0D 00 00 00 0F 0F 0F 00 03 0F 0F 0F 0F 0F 0F 0F 0F 00 00 00 02 03 01 07 0F 00 00 08 01 00 0A 01 08 02 0F 00 02 00 01 00 02 
msec 35
sysex 43 50 00 05 05 0B 1B 00 0A 03 06 04 07 00 01 00 01 00 02 00 07 00 00 07 0F 00 01 00 00 00 00 00 00 00 00 00 00 00 00 00 00 04 03 07 04 06 02 03 02 00 00 00 00 00 00 02 0F 00 0E 04 04 07 02 07 05 06 0D 03 04 06 03 
msec 35
sysex 43 50 00 05 05 0B 1C 06 03 02 00 00 0E 00 00 00 0F 0F 0F 00 07 0F 0F 0F 0F 0F 0F 0F 0F 00 00 00 02 00 00 07 0F 00 00 08 01 00 03 01 08 00 00 00 02 00 01 00 00 00 0A 00 00 07 0F 00 01 00 01 00 00 00 07 00 00 07 0F 
msec 35
sysex 43 50 00 05 05 0B 1D 00 01 00 00 00 01 00 00 01 08 03 01 05 00 00 00 04 03 05 03 04 05 04 07 00 00 00 00 00 01 05 0A 05 03 06 04 06 05 06 03 00 00 00 00 00 00 00 08 04 05 06 0E 06 04 06 09 06 0E 06 07 02 00 04 02 
msec 35
sysex 43 50 00 05 05 0B 1E 04 03 07 04 06 02 03 02 00 00 00 00 00 00 02 0F 00 09 04 04 07 02 07 05 06 0D 02 00 02 00 02 00 02 00 00 09 00 00 00 0F 0F 0F 00 07 0F 0F 0F 0F 0F 0F 0F 0F 00 00 00 02 00 00 07 0F 00 00 08 01 
msec 35
sysex 43 50 00 05 05 0B 1F 00 03 01 08 00 00 00 02 00 01 00 00 00 07 00 00 07 0F 00 01 00 01 00 00 00 07 00 00 07 0F 00 01 00 00 00 00 00 00 00 00 00 00 00 00 00 00 04 03 07 04 06 02 03 02 00 00 00 00 00 00 02 0F 00 0A 
msec 35
sysex 43 50 00 05 05 0B 20 04 02 06 01 07 03 07 03 04 09 06 0E 07 04 07 02 00 0A 00 00 00 0F 0F 0F 00 03 0F 0F 0F 0F 0F 0F 0F 0F 00 00 00 00 00 00 07 0F 00 00 08 01 00 03 01 08 00 00 00 02 00 00 00 07 00 09 00 00 07 0F 
msec 35
sysex 43 50 00 05 05 0B 21 00 01 00 00 00 07 00 03 01 0C 07 0F 00 01 00 00 00 00 00 00 00 00 00 00 00 00 00 00 04 03 07 04 06 02 03 02 00 00 00 00 00 00 02 0F 00 0B 04 0D 06 01 06 0A 02 0D 06 0D 06 09 06 0E 02 00 00 0B 
msec 35
sysex 43 50 00 05 05 0B 22 00 00 00 0F 0F 0F 00 03 0F 0F 0F 0F 0F 0F 0F 0F 00 00 00 00 00 00 07 0F 00 00 08 01 00 03 01 08 00 00 00 02 00 00 00 07 00 09 00 00 07 0F 00 01 00 00 00 07 00 07 00 00 07 0F 00 01 00 00 00 00 
msec 35
sysex 43 50 00 05 05 0B 23 00 00 00 00 00 00 00 00 00 00 04 03 07 04 06 02 03 02 00 00 00 00 00 00 02 0F 00 0C 04 0D 06 01 06 0A 02 0D 06 0D 06 09 06 0E 02 00 00 0C 00 00 00 0F 0F 0F 00 03 0F 0F 0F 0F 0F 0F 0F 0F 00 00 
msec 35
sysex 43 50 00 05 05 0B 24 00 00 00 00 07 0F 00 00 08 01 00 03 01 08 00 00 00 02 00 00 00 07 00 09 00 00 07 0F 00 01 00 00 00 07 00 07 00 00 07 0F 00 01 00 00 00 00 00 00 00 00 00 00 00 00 00 00 04 03 07 04 06 02 03 02 
msec 35
sysex 43 50 00 05 05 0B 25 00 00 00 00 00 00 02 0F 00 0D 04 0D 06 01 06 0A 02 0D 06 0D 06 09 06 0E 02 00 00 0D 00 00 00 0F 0F 0F 00 03 0F 0F 0F 0F 0F 0F 0F 0F 00 00 00 00 00 00 07 0F 00 00 08 01 00 03 01 08 00 00 00 02 
msec 35
sysex 43 50 00 05 05 0B 26 00 00 00 07 00 09 00 00 07 0F 00 01 00 00 00 07 00 07 00 00 07 0F 00 01 00 00 00 00 00 00 00 00 00 00 00 00 00 00 04 03 07 04 06 02 03 02 00 00 00 00 00 00 02 0F 00 0E 04 0D 06 01 06 0A 02 0D 
msec 35
sysex 43 50 00 05 05 0B 27 06 0D 06 09 06 0E 02 00 00 0E 00 00 00 0F 0F 0F 00 03 0F 0F 0F 0F 0F 0F 0F 0F 00 00 00 00 00 00 07 0F 00 00 08 01 00 03 01 08 00 00 00 02 00 00 00 07 00 09 00 00 07 0F 00 01 00 00 00 07 00 07 
msec 35
sysex 43 50 00 05 05 0B 28 00 00 07 0F 00 01 00 00 00 00 00 00 00 00 00 00 00 00 00 00 
msec 35
sysex 43 50 00 05 06 01
